dsc_cycle,axi_cycle,phase,slice_buffer_valid,slice_buffer_last,flatness_valid,flatness_last,predict_valid,predict_last
1732,577,pixel_transfer,1,0,0,0,0,0
1736,578,pixel_transfer,1,0,0,0,0,0
1740,579,pixel_transfer,1,0,0,0,0,0
1744,581,pixel_transfer,1,0,0,0,0,0
1748,582,pixel_transfer,1,0,0,0,0,0
1752,583,pixel_transfer,1,0,0,0,0,0
1756,585,pixel_transfer,1,0,0,0,0,0
1760,586,pixel_transfer,1,0,1,0,0,0
1764,587,pixel_transfer,1,0,1,0,1,0
1768,589,pixel_transfer,1,0,1,0,1,0
1772,590,pixel_transfer,1,0,1,0,1,0
1776,591,pixel_transfer,1,0,1,0,1,0
1780,593,pixel_transfer,1,0,1,0,1,0
1784,594,pixel_transfer,1,0,1,0,1,0
1788,595,pixel_transfer,1,0,1,0,1,0
1792,597,pixel_transfer,1,0,1,0,1,0
1796,598,pixel_transfer,1,0,1,0,1,0
1800,599,pixel_transfer,1,0,1,0,1,0
1804,601,pixel_transfer,3,0,1,0,1,0
1808,602,pixel_transfer,3,0,1,0,1,0
1812,603,pixel_transfer,3,0,1,0,1,0
1816,605,line_marker,3,0,1,0,1,0
1820,606,pixel_transfer,3,0,1,0,1,0
1824,607,pixel_transfer,3,0,1,0,1,0
1828,609,pixel_transfer,3,0,1,0,1,0
1832,610,pixel_transfer,3,0,3,0,1,0
1836,611,pixel_transfer,3,0,3,0,3,0
1840,613,pixel_transfer,3,0,3,0,3,0
1844,614,pixel_transfer,3,0,3,0,3,0
1848,615,pixel_transfer,3,0,3,0,3,0
1852,617,pixel_transfer,3,0,3,0,3,0
1856,618,pixel_transfer,3,1,3,0,3,0
1860,619,pixel_transfer,2,0,3,0,3,0
1864,621,pixel_transfer,2,0,3,0,3,0
1868,622,pixel_transfer,2,0,3,0,3,0
1872,623,pixel_transfer,2,0,3,0,3,0
1876,625,pixel_transfer,2,0,3,0,3,0
1879,626,pixel_transfer,1,0,0,0,0,0
1880,626,pixel_transfer,2,0,3,0,3,0
1883,627,pixel_transfer,1,0,0,0,0,0
1884,627,pixel_transfer,2,0,3,1,3,0
1887,628,pixel_transfer,1,0,0,0,0,0
1888,629,pixel_transfer,2,0,2,0,3,1
1891,630,pixel_transfer,1,0,0,0,0,0
1892,630,pixel_transfer,2,0,2,0,2,0
1895,631,pixel_transfer,1,0,0,0,0,0
1896,631,pixel_transfer,2,0,2,0,2,0
1899,632,pixel_transfer,1,0,0,0,0,0
1900,633,pixel_transfer,2,0,2,0,2,0
1903,634,pixel_transfer,1,0,0,0,0,0
1904,634,pixel_transfer,2,0,2,0,2,0
1907,635,pixel_transfer,1,0,1,0,0,0
1908,635,pixel_transfer,2,0,2,0,2,0
1911,636,pixel_transfer,1,0,1,0,1,0
1912,637,pixel_transfer,2,0,2,0,2,0
1915,638,pixel_transfer,1,0,1,0,1,0
1916,638,pixel_transfer,2,0,2,0,2,0
1919,639,pixel_transfer,1,0,1,0,1,0
1920,639,pixel_transfer,2,0,2,0,2,0
1923,640,pixel_transfer,1,0,1,0,1,0
1924,641,pixel_transfer,2,0,2,0,2,0
1927,642,pixel_transfer,1,0,1,0,1,0
1928,642,pixel_transfer,2,2,2,0,2,0
1931,643,pixel_transfer,1,0,1,0,1,0
1932,643,pixel_transfer,0,0,2,0,2,0
1935,644,pixel_transfer,1,0,1,0,1,0
1936,645,pixel_transfer,0,0,2,0,2,0
1939,646,pixel_transfer,1,0,1,0,1,0
1940,646,pixel_transfer,0,0,2,0,2,0
1943,647,pixel_transfer,1,0,1,0,1,0
1944,647,pixel_transfer,0,0,2,0,2,0
1947,648,pixel_transfer,1,0,1,0,1,0
1948,649,pixel_transfer,0,0,2,0,2,0
1951,650,pixel_transfer,3,0,1,0,1,0
1952,650,pixel_transfer,0,0,2,0,2,0
1955,651,pixel_transfer,3,0,1,0,1,0
1956,651,pixel_transfer,0,0,2,2,2,0
1959,652,pixel_transfer,3,0,1,0,1,0
1960,653,pixel_transfer,0,0,0,0,2,2
1963,654,line_marker,3,0,1,0,1,0
1967,655,pixel_transfer,3,0,1,0,1,0
1971,656,pixel_transfer,3,0,1,0,1,0
1975,658,pixel_transfer,3,0,1,0,1,0
1979,659,pixel_transfer,3,0,3,0,1,0
1983,660,pixel_transfer,3,0,3,0,3,0
1987,662,pixel_transfer,3,0,3,0,3,0
1991,663,pixel_transfer,3,0,3,0,3,0
1995,664,pixel_transfer,3,0,3,0,3,0
1999,666,pixel_transfer,3,0,3,0,3,0
2003,667,pixel_transfer,3,1,3,0,3,0
2007,668,pixel_transfer,2,0,3,0,3,0
2011,670,pixel_transfer,2,0,3,0,3,0
2015,671,pixel_transfer,2,0,3,0,3,0
2019,672,pixel_transfer,2,0,3,0,3,0
2023,674,pixel_transfer,2,0,3,0,3,0
2026,675,pixel_transfer,1,0,0,0,0,0
2027,675,pixel_transfer,2,0,3,0,3,0
2030,676,pixel_transfer,1,0,0,0,0,0
2031,676,pixel_transfer,2,0,3,1,3,0
2034,677,pixel_transfer,1,0,0,0,0,0
2035,678,pixel_transfer,2,0,2,0,3,1
2038,679,pixel_transfer,1,0,0,0,0,0
2039,679,pixel_transfer,2,0,2,0,2,0
2042,680,pixel_transfer,1,0,0,0,0,0
2043,680,pixel_transfer,2,0,2,0,2,0
2046,681,pixel_transfer,1,0,0,0,0,0
2047,682,pixel_transfer,2,0,2,0,2,0
2050,683,pixel_transfer,1,0,0,0,0,0
2051,683,pixel_transfer,2,0,2,0,2,0
2054,684,pixel_transfer,1,0,1,0,0,0
2055,684,pixel_transfer,2,0,2,0,2,0
2058,685,pixel_transfer,1,0,1,0,1,0
2059,686,pixel_transfer,2,0,2,0,2,0
2062,687,pixel_transfer,1,0,1,0,1,0
2063,687,pixel_transfer,2,0,2,0,2,0
2066,688,pixel_transfer,1,0,1,0,1,0
2067,688,pixel_transfer,2,0,2,0,2,0
2070,689,pixel_transfer,1,0,1,0,1,0
2071,690,pixel_transfer,2,0,2,0,2,0
2074,691,pixel_transfer,1,0,1,0,1,0
2075,691,pixel_transfer,2,2,2,0,2,0
2078,692,pixel_transfer,1,0,1,0,1,0
2079,692,pixel_transfer,0,0,2,0,2,0
2082,693,pixel_transfer,1,0,1,0,1,0
2083,694,pixel_transfer,0,0,2,0,2,0
2086,695,pixel_transfer,1,0,1,0,1,0
2087,695,pixel_transfer,0,0,2,0,2,0
2090,696,pixel_transfer,1,0,1,0,1,0
2091,696,pixel_transfer,0,0,2,0,2,0
2094,697,pixel_transfer,1,0,1,0,1,0
2095,698,pixel_transfer,0,0,2,0,2,0
2098,699,pixel_transfer,3,0,1,0,1,0
2099,699,pixel_transfer,0,0,2,0,2,0
2102,700,pixel_transfer,3,0,1,0,1,0
2103,700,pixel_transfer,0,0,2,2,2,0
2106,701,pixel_transfer,3,0,1,0,1,0
2107,702,pixel_transfer,0,0,0,0,2,2
2110,703,line_marker,3,0,1,0,1,0
2114,704,pixel_transfer,3,0,1,0,1,0
2118,705,pixel_transfer,3,0,1,0,1,0
2122,707,pixel_transfer,3,0,1,0,1,0
2126,708,pixel_transfer,3,0,3,0,1,0
2130,709,pixel_transfer,3,0,3,0,3,0
2134,711,pixel_transfer,3,0,3,0,3,0
2138,712,pixel_transfer,3,0,3,0,3,0
2142,713,pixel_transfer,3,0,3,0,3,0
2146,715,pixel_transfer,3,0,3,0,3,0
2150,716,pixel_transfer,3,1,3,0,3,0
2154,717,pixel_transfer,2,0,3,0,3,0
2158,719,pixel_transfer,2,0,3,0,3,0
2162,720,pixel_transfer,2,0,3,0,3,0
2166,721,pixel_transfer,2,0,3,0,3,0
2170,723,pixel_transfer,2,0,3,0,3,0
2173,724,pixel_transfer,1,0,0,0,0,0
2174,724,pixel_transfer,2,0,3,0,3,0
2177,725,pixel_transfer,1,0,0,0,0,0
2178,725,pixel_transfer,2,0,3,1,3,0
2181,726,pixel_transfer,1,0,0,0,0,0
2182,727,pixel_transfer,2,0,2,0,3,1
2185,728,pixel_transfer,1,0,0,0,0,0
2186,728,pixel_transfer,2,0,2,0,2,0
2189,729,pixel_transfer,1,0,0,0,0,0
2190,729,pixel_transfer,2,0,2,0,2,0
2193,730,pixel_transfer,1,0,0,0,0,0
2194,731,pixel_transfer,2,0,2,0,2,0
2197,732,pixel_transfer,1,0,0,0,0,0
2198,732,pixel_transfer,2,0,2,0,2,0
2201,733,pixel_transfer,1,0,1,0,0,0
2202,733,pixel_transfer,2,0,2,0,2,0
2205,734,pixel_transfer,1,0,1,0,1,0
2206,735,pixel_transfer,2,0,2,0,2,0
2209,736,pixel_transfer,1,0,1,0,1,0
2210,736,pixel_transfer,2,0,2,0,2,0
2213,737,pixel_transfer,1,0,1,0,1,0
2214,737,pixel_transfer,2,0,2,0,2,0
2217,738,pixel_transfer,1,0,1,0,1,0
2218,739,pixel_transfer,2,0,2,0,2,0
2221,740,pixel_transfer,1,0,1,0,1,0
2222,740,pixel_transfer,2,2,2,0,2,0
2225,741,pixel_transfer,1,0,1,0,1,0
2226,741,pixel_transfer,0,0,2,0,2,0
2229,742,pixel_transfer,1,0,1,0,1,0
2230,743,pixel_transfer,0,0,2,0,2,0
2233,744,pixel_transfer,1,0,1,0,1,0
2234,744,pixel_transfer,0,0,2,0,2,0
2237,745,pixel_transfer,1,0,1,0,1,0
2238,745,pixel_transfer,0,0,2,0,2,0
2241,746,pixel_transfer,1,0,1,0,1,0
2242,747,pixel_transfer,0,0,2,0,2,0
2245,748,pixel_transfer,3,0,1,0,1,0
2246,748,pixel_transfer,0,0,2,0,2,0
2249,749,pixel_transfer,3,0,1,0,1,0
2250,749,pixel_transfer,0,0,2,2,2,0
2253,750,pixel_transfer,3,0,1,0,1,0
2254,751,pixel_transfer,0,0,0,0,2,2
2257,752,line_marker,3,0,1,0,1,0
2261,753,pixel_transfer,3,0,1,0,1,0
2265,754,pixel_transfer,3,0,1,0,1,0
2269,756,pixel_transfer,3,0,1,0,1,0
2273,757,pixel_transfer,3,0,3,0,1,0
2277,758,pixel_transfer,3,0,3,0,3,0
2281,760,pixel_transfer,3,0,3,0,3,0
2285,761,pixel_transfer,3,0,3,0,3,0
2289,762,pixel_transfer,3,0,3,0,3,0
2293,764,pixel_transfer,3,0,3,0,3,0
2297,765,pixel_transfer,3,1,3,0,3,0
2301,766,pixel_transfer,2,0,3,0,3,0
2305,768,pixel_transfer,2,0,3,0,3,0
2309,769,pixel_transfer,2,0,3,0,3,0
2313,770,pixel_transfer,2,0,3,0,3,0
2317,772,pixel_transfer,2,0,3,0,3,0
2320,773,pixel_transfer,1,0,0,0,0,0
2321,773,pixel_transfer,2,0,3,0,3,0
2324,774,pixel_transfer,1,0,0,0,0,0
2325,774,pixel_transfer,2,0,3,1,3,0
2328,775,pixel_transfer,1,0,0,0,0,0
2329,776,pixel_transfer,2,0,2,0,3,1
2332,777,pixel_transfer,1,0,0,0,0,0
2333,777,pixel_transfer,2,0,2,0,2,0
2336,778,pixel_transfer,1,0,0,0,0,0
2337,778,pixel_transfer,2,0,2,0,2,0
2340,779,pixel_transfer,1,0,0,0,0,0
2341,780,pixel_transfer,2,0,2,0,2,0
2344,781,pixel_transfer,1,0,0,0,0,0
2345,781,pixel_transfer,2,0,2,0,2,0
2348,782,pixel_transfer,1,0,1,0,0,0
2349,782,pixel_transfer,2,0,2,0,2,0
2352,783,pixel_transfer,1,0,1,0,1,0
2353,784,pixel_transfer,2,0,2,0,2,0
2356,785,pixel_transfer,1,0,1,0,1,0
2357,785,pixel_transfer,2,0,2,0,2,0
2360,786,pixel_transfer,1,0,1,0,1,0
2361,786,pixel_transfer,2,0,2,0,2,0
2364,787,pixel_transfer,1,0,1,0,1,0
2365,788,pixel_transfer,2,0,2,0,2,0
2368,789,pixel_transfer,1,0,1,0,1,0
2369,789,pixel_transfer,2,2,2,0,2,0
2372,790,pixel_transfer,1,0,1,0,1,0
2373,790,pixel_transfer,0,0,2,0,2,0
2376,791,pixel_transfer,1,0,1,0,1,0
2377,792,pixel_transfer,0,0,2,0,2,0
2380,793,pixel_transfer,1,0,1,0,1,0
2381,793,pixel_transfer,0,0,2,0,2,0
2384,794,pixel_transfer,1,0,1,0,1,0
2385,794,pixel_transfer,0,0,2,0,2,0
2388,795,pixel_transfer,1,0,1,0,1,0
2389,796,pixel_transfer,0,0,2,0,2,0
2392,797,pixel_transfer,3,0,1,0,1,0
2393,797,pixel_transfer,0,0,2,0,2,0
2396,798,pixel_transfer,3,0,1,0,1,0
2397,798,pixel_transfer,0,0,2,2,2,0
2400,799,pixel_transfer,3,0,1,0,1,0
2401,800,pixel_transfer,0,0,0,0,2,2
2404,801,line_marker,3,0,1,0,1,0
2408,802,pixel_transfer,3,0,1,0,1,0
2412,803,pixel_transfer,3,0,1,0,1,0
2416,805,pixel_transfer,3,0,1,0,1,0
2420,806,pixel_transfer,3,0,3,0,1,0
2424,807,pixel_transfer,3,0,3,0,3,0
2428,809,pixel_transfer,3,0,3,0,3,0
2432,810,pixel_transfer,3,0,3,0,3,0
2436,811,pixel_transfer,3,0,3,0,3,0
2440,813,pixel_transfer,3,0,3,0,3,0
2444,814,pixel_transfer,3,1,3,0,3,0
2448,815,pixel_transfer,2,0,3,0,3,0
2452,817,pixel_transfer,2,0,3,0,3,0
2456,818,pixel_transfer,2,0,3,0,3,0
2460,819,pixel_transfer,2,0,3,0,3,0
2464,821,pixel_transfer,2,0,3,0,3,0
2467,822,pixel_transfer,1,0,0,0,0,0
2468,822,pixel_transfer,2,0,3,0,3,0
2471,823,pixel_transfer,1,0,0,0,0,0
2472,823,pixel_transfer,2,0,3,1,3,0
2475,824,pixel_transfer,1,0,0,0,0,0
2476,825,pixel_transfer,2,0,2,0,3,1
2479,826,pixel_transfer,1,0,0,0,0,0
2480,826,pixel_transfer,2,0,2,0,2,0
2483,827,pixel_transfer,1,0,0,0,0,0
2484,827,pixel_transfer,2,0,2,0,2,0
2487,828,pixel_transfer,1,0,0,0,0,0
2488,829,pixel_transfer,2,0,2,0,2,0
2491,830,pixel_transfer,1,0,0,0,0,0
2492,830,pixel_transfer,2,0,2,0,2,0
2495,831,pixel_transfer,1,0,1,0,0,0
2496,831,pixel_transfer,2,0,2,0,2,0
2499,832,pixel_transfer,1,0,1,0,1,0
2500,833,pixel_transfer,2,0,2,0,2,0
2503,834,pixel_transfer,1,0,1,0,1,0
2504,834,pixel_transfer,2,0,2,0,2,0
2507,835,pixel_transfer,1,0,1,0,1,0
2508,835,pixel_transfer,2,0,2,0,2,0
2511,836,pixel_transfer,1,0,1,0,1,0
2512,837,pixel_transfer,2,0,2,0,2,0
2515,838,pixel_transfer,1,0,1,0,1,0
2516,838,pixel_transfer,2,2,2,0,2,0
2519,839,pixel_transfer,1,0,1,0,1,0
2520,839,pixel_transfer,0,0,2,0,2,0
2523,840,pixel_transfer,1,0,1,0,1,0
2524,841,pixel_transfer,0,0,2,0,2,0
2527,842,pixel_transfer,1,0,1,0,1,0
2528,842,pixel_transfer,0,0,2,0,2,0
2531,843,pixel_transfer,1,0,1,0,1,0
2532,843,pixel_transfer,0,0,2,0,2,0
2535,844,pixel_transfer,1,0,1,0,1,0
2536,845,pixel_transfer,0,0,2,0,2,0
2539,846,pixel_transfer,3,0,1,0,1,0
2540,846,pixel_transfer,0,0,2,0,2,0
2543,847,pixel_transfer,3,0,1,0,1,0
2544,847,pixel_transfer,0,0,2,2,2,0
2547,848,pixel_transfer,3,0,1,0,1,0
2548,849,pixel_transfer,0,0,0,0,2,2
2551,850,line_marker,3,0,1,0,1,0
2555,851,pixel_transfer,3,0,1,0,1,0
2559,852,pixel_transfer,3,0,1,0,1,0
2563,854,pixel_transfer,3,0,1,0,1,0
2567,855,pixel_transfer,3,0,3,0,1,0
2571,856,pixel_transfer,3,0,3,0,3,0
2575,858,pixel_transfer,3,0,3,0,3,0
2579,859,pixel_transfer,3,0,3,0,3,0
2583,860,pixel_transfer,3,0,3,0,3,0
2587,862,pixel_transfer,3,0,3,0,3,0
2591,863,pixel_transfer,3,1,3,0,3,0
2595,864,pixel_transfer,2,0,3,0,3,0
2599,866,pixel_transfer,2,0,3,0,3,0
2603,867,pixel_transfer,2,0,3,0,3,0
2607,868,pixel_transfer,2,0,3,0,3,0
2611,870,pixel_transfer,2,0,3,0,3,0
2614,871,pixel_transfer,1,0,0,0,0,0
2615,871,pixel_transfer,2,0,3,0,3,0
2618,872,pixel_transfer,1,0,0,0,0,0
2619,872,pixel_transfer,2,0,3,1,3,0
2622,873,pixel_transfer,1,0,0,0,0,0
2623,874,pixel_transfer,2,0,2,0,3,1
2626,875,pixel_transfer,1,0,0,0,0,0
2627,875,pixel_transfer,2,0,2,0,2,0
2630,876,pixel_transfer,1,0,0,0,0,0
2631,876,pixel_transfer,2,0,2,0,2,0
2634,877,pixel_transfer,1,0,0,0,0,0
2635,878,pixel_transfer,2,0,2,0,2,0
2638,879,pixel_transfer,1,0,0,0,0,0
2639,879,pixel_transfer,2,0,2,0,2,0
2642,880,pixel_transfer,1,0,1,0,0,0
2643,880,pixel_transfer,2,0,2,0,2,0
2646,881,pixel_transfer,1,0,1,0,1,0
2647,882,pixel_transfer,2,0,2,0,2,0
2650,883,pixel_transfer,1,0,1,0,1,0
2651,883,pixel_transfer,2,0,2,0,2,0
2654,884,pixel_transfer,1,0,1,0,1,0
2655,884,pixel_transfer,2,0,2,0,2,0
2658,885,pixel_transfer,1,0,1,0,1,0
2659,886,pixel_transfer,2,0,2,0,2,0
2662,887,pixel_transfer,1,0,1,0,1,0
2663,887,pixel_transfer,2,2,2,0,2,0
2666,888,pixel_transfer,1,0,1,0,1,0
2667,888,pixel_transfer,0,0,2,0,2,0
2670,889,pixel_transfer,1,0,1,0,1,0
2671,890,pixel_transfer,0,0,2,0,2,0
2674,891,pixel_transfer,1,0,1,0,1,0
2675,891,pixel_transfer,0,0,2,0,2,0
2678,892,pixel_transfer,1,0,1,0,1,0
2679,892,pixel_transfer,0,0,2,0,2,0
2682,893,pixel_transfer,1,0,1,0,1,0
2683,894,pixel_transfer,0,0,2,0,2,0
2686,895,pixel_transfer,3,0,1,0,1,0
2687,895,pixel_transfer,0,0,2,0,2,0
2690,896,pixel_transfer,3,0,1,0,1,0
2691,896,pixel_transfer,0,0,2,2,2,0
2694,897,pixel_transfer,3,0,1,0,1,0
2695,898,pixel_transfer,0,0,0,0,2,2
2698,899,line_marker,3,0,1,0,1,0
2702,900,pixel_transfer,3,0,1,0,1,0
2706,901,pixel_transfer,3,0,1,0,1,0
2710,903,pixel_transfer,3,0,1,0,1,0
2714,904,pixel_transfer,3,0,3,0,1,0
2718,905,pixel_transfer,3,0,3,0,3,0
2722,907,pixel_transfer,3,0,3,0,3,0
2726,908,pixel_transfer,3,0,3,0,3,0
2730,909,pixel_transfer,3,0,3,0,3,0
2734,911,pixel_transfer,3,0,3,0,3,0
2738,912,pixel_transfer,3,1,3,0,3,0
2742,913,pixel_transfer,2,0,3,0,3,0
2746,915,pixel_transfer,2,0,3,0,3,0
2750,916,pixel_transfer,2,0,3,0,3,0
2754,917,pixel_transfer,2,0,3,0,3,0
2758,919,pixel_transfer,2,0,3,0,3,0
2761,920,pixel_transfer,1,0,0,0,0,0
2762,920,pixel_transfer,2,0,3,0,3,0
2765,921,pixel_transfer,1,0,0,0,0,0
2766,921,pixel_transfer,2,0,3,1,3,0
2769,922,pixel_transfer,1,0,0,0,0,0
2770,923,pixel_transfer,2,0,2,0,3,1
2773,924,pixel_transfer,1,0,0,0,0,0
2774,924,pixel_transfer,2,0,2,0,2,0
2777,925,pixel_transfer,1,0,0,0,0,0
2778,925,pixel_transfer,2,0,2,0,2,0
2781,926,pixel_transfer,1,0,0,0,0,0
2782,927,pixel_transfer,2,0,2,0,2,0
2785,928,pixel_transfer,1,0,0,0,0,0
2786,928,pixel_transfer,2,0,2,0,2,0
2789,929,pixel_transfer,1,0,1,0,0,0
2790,929,pixel_transfer,2,0,2,0,2,0
2793,930,pixel_transfer,1,0,1,0,1,0
2794,931,pixel_transfer,2,0,2,0,2,0
2797,932,pixel_transfer,1,0,1,0,1,0
2798,932,pixel_transfer,2,0,2,0,2,0
2801,933,pixel_transfer,1,0,1,0,1,0
2802,933,pixel_transfer,2,0,2,0,2,0
2805,934,pixel_transfer,1,0,1,0,1,0
2806,935,pixel_transfer,2,0,2,0,2,0
2809,936,pixel_transfer,1,0,1,0,1,0
2810,936,pixel_transfer,2,2,2,0,2,0
2813,937,pixel_transfer,1,0,1,0,1,0
2814,937,pixel_transfer,0,0,2,0,2,0
2817,938,pixel_transfer,1,0,1,0,1,0
2818,939,pixel_transfer,0,0,2,0,2,0
2821,940,pixel_transfer,1,0,1,0,1,0
2822,940,pixel_transfer,0,0,2,0,2,0
2825,941,pixel_transfer,1,0,1,0,1,0
2826,941,pixel_transfer,0,0,2,0,2,0
2829,942,pixel_transfer,1,0,1,0,1,0
2830,943,pixel_transfer,0,0,2,0,2,0
2833,944,pixel_transfer,3,0,1,0,1,0
2834,944,pixel_transfer,0,0,2,0,2,0
2837,945,pixel_transfer,3,0,1,0,1,0
2838,945,pixel_transfer,0,0,2,2,2,0
2841,946,pixel_transfer,3,0,1,0,1,0
2842,947,pixel_transfer,0,0,0,0,2,2
2845,948,line_marker,3,0,1,0,1,0
2849,949,pixel_transfer,3,0,1,0,1,0
2853,950,pixel_transfer,3,0,1,0,1,0
2857,952,pixel_transfer,3,0,1,0,1,0
2861,953,pixel_transfer,3,0,3,0,1,0
2865,954,pixel_transfer,3,0,3,0,3,0
2869,956,pixel_transfer,3,0,3,0,3,0
2873,957,pixel_transfer,3,0,3,0,3,0
2877,958,pixel_transfer,3,0,3,0,3,0
2881,960,pixel_transfer,3,0,3,0,3,0
2885,961,pixel_transfer,3,1,3,0,3,0
2889,962,pixel_transfer,2,0,3,0,3,0
2893,964,pixel_transfer,2,0,3,0,3,0
2897,965,pixel_transfer,2,0,3,0,3,0
2901,966,pixel_transfer,2,0,3,0,3,0
2905,968,pixel_transfer,2,0,3,0,3,0
2908,969,pixel_transfer,1,0,0,0,0,0
2909,969,pixel_transfer,2,0,3,0,3,0
2912,970,pixel_transfer,1,0,0,0,0,0
2913,970,pixel_transfer,2,0,3,1,3,0
2916,971,pixel_transfer,1,0,0,0,0,0
2917,972,pixel_transfer,2,0,2,0,3,1
2920,973,pixel_transfer,1,0,0,0,0,0
2921,973,pixel_transfer,2,0,2,0,2,0
2924,974,pixel_transfer,1,0,0,0,0,0
2925,974,pixel_transfer,2,0,2,0,2,0
2928,975,pixel_transfer,1,0,0,0,0,0
2929,976,pixel_transfer,2,0,2,0,2,0
2932,977,pixel_transfer,1,0,0,0,0,0
2933,977,pixel_transfer,2,0,2,0,2,0
2936,978,pixel_transfer,1,0,1,0,0,0
2937,978,pixel_transfer,2,0,2,0,2,0
2940,979,pixel_transfer,1,0,1,0,1,0
2941,980,pixel_transfer,2,0,2,0,2,0
2944,981,pixel_transfer,1,0,1,0,1,0
2945,981,pixel_transfer,2,0,2,0,2,0
2948,982,pixel_transfer,1,0,1,0,1,0
2949,982,pixel_transfer,2,0,2,0,2,0
2952,983,pixel_transfer,1,0,1,0,1,0
2953,984,pixel_transfer,2,0,2,0,2,0
2956,985,pixel_transfer,1,0,1,0,1,0
2957,985,pixel_transfer,2,2,2,0,2,0
2960,986,pixel_transfer,1,0,1,0,1,0
2961,986,pixel_transfer,0,0,2,0,2,0
2964,987,pixel_transfer,1,0,1,0,1,0
2965,988,pixel_transfer,0,0,2,0,2,0
2968,989,pixel_transfer,1,0,1,0,1,0
2969,989,pixel_transfer,0,0,2,0,2,0
2972,990,pixel_transfer,1,0,1,0,1,0
2973,990,pixel_transfer,0,0,2,0,2,0
2976,991,pixel_transfer,1,0,1,0,1,0
2977,992,pixel_transfer,0,0,2,0,2,0
2980,993,pixel_transfer,3,0,1,0,1,0
2981,993,pixel_transfer,0,0,2,0,2,0
2984,994,pixel_transfer,3,0,1,0,1,0
2985,994,pixel_transfer,0,0,2,2,2,0
2988,995,pixel_transfer,3,0,1,0,1,0
2989,996,pixel_transfer,0,0,0,0,2,2
2992,997,line_marker,3,0,1,0,1,0
2996,998,pixel_transfer,3,0,1,0,1,0
3000,999,pixel_transfer,3,0,1,0,1,0
3004,1001,pixel_transfer,3,0,1,0,1,0
3008,1002,pixel_transfer,3,0,3,0,1,0
3012,1003,pixel_transfer,3,0,3,0,3,0
3016,1005,pixel_transfer,3,0,3,0,3,0
3020,1006,pixel_transfer,3,0,3,0,3,0
3024,1007,pixel_transfer,3,0,3,0,3,0
3028,1009,pixel_transfer,3,0,3,0,3,0
3032,1010,pixel_transfer,3,1,3,0,3,0
3036,1011,pixel_transfer,2,0,3,0,3,0
3040,1013,pixel_transfer,2,0,3,0,3,0
3044,1014,pixel_transfer,2,0,3,0,3,0
3048,1015,pixel_transfer,2,0,3,0,3,0
3052,1017,pixel_transfer,2,0,3,0,3,0
3055,1018,pixel_transfer,1,0,0,0,0,0
3056,1018,pixel_transfer,2,0,3,0,3,0
3059,1019,pixel_transfer,1,0,0,0,0,0
3060,1019,pixel_transfer,2,0,3,1,3,0
3063,1020,pixel_transfer,1,0,0,0,0,0
3064,1021,pixel_transfer,2,0,2,0,3,1
3067,1022,pixel_transfer,1,0,0,0,0,0
3068,1022,pixel_transfer,2,0,2,0,2,0
3071,1023,pixel_transfer,1,0,0,0,0,0
3072,1023,pixel_transfer,2,0,2,0,2,0
3075,1024,pixel_transfer,1,0,0,0,0,0
3076,1025,pixel_transfer,2,0,2,0,2,0
3079,1026,pixel_transfer,1,0,0,0,0,0
3080,1026,pixel_transfer,2,0,2,0,2,0
3083,1027,pixel_transfer,1,0,1,0,0,0
3084,1027,pixel_transfer,2,0,2,0,2,0
3087,1028,pixel_transfer,1,0,1,0,1,0
3088,1029,pixel_transfer,2,0,2,0,2,0
3091,1030,pixel_transfer,1,0,1,0,1,0
3092,1030,pixel_transfer,2,0,2,0,2,0
3095,1031,pixel_transfer,1,0,1,0,1,0
3096,1031,pixel_transfer,2,0,2,0,2,0
3099,1032,pixel_transfer,1,0,1,0,1,0
3100,1033,pixel_transfer,2,0,2,0,2,0
3103,1034,pixel_transfer,1,0,1,0,1,0
3104,1034,pixel_transfer,2,2,2,0,2,0
3107,1035,pixel_transfer,1,0,1,0,1,0
3108,1035,pixel_transfer,0,0,2,0,2,0
3111,1036,pixel_transfer,1,0,1,0,1,0
3112,1037,pixel_transfer,0,0,2,0,2,0
3115,1038,pixel_transfer,1,0,1,0,1,0
3116,1038,pixel_transfer,0,0,2,0,2,0
3119,1039,pixel_transfer,1,0,1,0,1,0
3120,1039,pixel_transfer,0,0,2,0,2,0
3123,1040,pixel_transfer,1,0,1,0,1,0
3124,1041,pixel_transfer,0,0,2,0,2,0
3127,1042,pixel_transfer,3,0,1,0,1,0
3128,1042,pixel_transfer,0,0,2,0,2,0
3131,1043,pixel_transfer,3,0,1,0,1,0
3132,1043,pixel_transfer,0,0,2,2,2,0
3135,1044,pixel_transfer,3,0,1,0,1,0
3136,1045,pixel_transfer,0,0,0,0,2,2
3139,1046,line_marker,3,0,1,0,1,0
3143,1047,pixel_transfer,3,0,1,0,1,0
3147,1048,pixel_transfer,3,0,1,0,1,0
3151,1050,pixel_transfer,3,0,1,0,1,0
3155,1051,pixel_transfer,3,0,3,0,1,0
3159,1052,pixel_transfer,3,0,3,0,3,0
3163,1054,pixel_transfer,3,0,3,0,3,0
3167,1055,pixel_transfer,3,0,3,0,3,0
3171,1056,pixel_transfer,3,0,3,0,3,0
3175,1058,pixel_transfer,3,0,3,0,3,0
3179,1059,pixel_transfer,3,1,3,0,3,0
3183,1060,pixel_transfer,2,0,3,0,3,0
3187,1062,pixel_transfer,2,0,3,0,3,0
3191,1063,pixel_transfer,2,0,3,0,3,0
3195,1064,pixel_transfer,2,0,3,0,3,0
3199,1066,pixel_transfer,2,0,3,0,3,0
3202,1067,pixel_transfer,1,0,0,0,0,0
3203,1067,pixel_transfer,2,0,3,0,3,0
3206,1068,pixel_transfer,1,0,0,0,0,0
3207,1068,pixel_transfer,2,0,3,1,3,0
3210,1069,pixel_transfer,1,0,0,0,0,0
3211,1070,pixel_transfer,2,0,2,0,3,1
3214,1071,pixel_transfer,1,0,0,0,0,0
3215,1071,pixel_transfer,2,0,2,0,2,0
3218,1072,pixel_transfer,1,0,0,0,0,0
3219,1072,pixel_transfer,2,0,2,0,2,0
3222,1073,pixel_transfer,1,0,0,0,0,0
3223,1074,pixel_transfer,2,0,2,0,2,0
3226,1075,pixel_transfer,1,0,0,0,0,0
3227,1075,pixel_transfer,2,0,2,0,2,0
3230,1076,pixel_transfer,1,0,1,0,0,0
3231,1076,pixel_transfer,2,0,2,0,2,0
3234,1077,pixel_transfer,1,0,1,0,1,0
3235,1078,pixel_transfer,2,0,2,0,2,0
3238,1079,pixel_transfer,1,0,1,0,1,0
3239,1079,pixel_transfer,2,0,2,0,2,0
3242,1080,pixel_transfer,1,0,1,0,1,0
3243,1080,pixel_transfer,2,0,2,0,2,0
3246,1081,pixel_transfer,1,0,1,0,1,0
3247,1082,pixel_transfer,2,0,2,0,2,0
3250,1083,pixel_transfer,1,0,1,0,1,0
3251,1083,pixel_transfer,2,2,2,0,2,0
3254,1084,pixel_transfer,1,0,1,0,1,0
3255,1084,pixel_transfer,0,0,2,0,2,0
3258,1085,pixel_transfer,1,0,1,0,1,0
3259,1086,pixel_transfer,0,0,2,0,2,0
3262,1087,pixel_transfer,1,0,1,0,1,0
3263,1087,pixel_transfer,0,0,2,0,2,0
3266,1088,pixel_transfer,1,0,1,0,1,0
3267,1088,pixel_transfer,0,0,2,0,2,0
3270,1089,pixel_transfer,1,0,1,0,1,0
3271,1090,pixel_transfer,0,0,2,0,2,0
3274,1091,pixel_transfer,3,0,1,0,1,0
3275,1091,pixel_transfer,0,0,2,0,2,0
3278,1092,pixel_transfer,3,0,1,0,1,0
3279,1092,pixel_transfer,0,0,2,2,2,0
3282,1093,pixel_transfer,3,0,1,0,1,0
3283,1094,pixel_transfer,0,0,0,0,2,2
3286,1095,line_marker,3,0,1,0,1,0
3290,1096,pixel_transfer,3,0,1,0,1,0
3294,1097,pixel_transfer,3,0,1,0,1,0
3298,1099,pixel_transfer,3,0,1,0,1,0
3302,1100,pixel_transfer,3,0,3,0,1,0
3306,1101,pixel_transfer,3,0,3,0,3,0
3310,1103,pixel_transfer,3,0,3,0,3,0
3314,1104,pixel_transfer,3,0,3,0,3,0
3318,1105,pixel_transfer,3,0,3,0,3,0
3322,1107,pixel_transfer,3,0,3,0,3,0
3326,1108,pixel_transfer,3,1,3,0,3,0
3330,1109,pixel_transfer,2,0,3,0,3,0
3334,1111,pixel_transfer,2,0,3,0,3,0
3338,1112,pixel_transfer,2,0,3,0,3,0
3342,1113,pixel_transfer,2,0,3,0,3,0
3346,1115,pixel_transfer,2,0,3,0,3,0
3349,1116,pixel_transfer,1,0,0,0,0,0
3350,1116,pixel_transfer,2,0,3,0,3,0
3353,1117,pixel_transfer,1,0,0,0,0,0
3354,1117,pixel_transfer,2,0,3,1,3,0
3357,1118,pixel_transfer,1,0,0,0,0,0
3358,1119,pixel_transfer,2,0,2,0,3,1
3361,1120,pixel_transfer,1,0,0,0,0,0
3362,1120,pixel_transfer,2,0,2,0,2,0
3365,1121,pixel_transfer,1,0,0,0,0,0
3366,1121,pixel_transfer,2,0,2,0,2,0
3369,1122,pixel_transfer,1,0,0,0,0,0
3370,1123,pixel_transfer,2,0,2,0,2,0
3373,1124,pixel_transfer,1,0,0,0,0,0
3374,1124,pixel_transfer,2,0,2,0,2,0
3377,1125,pixel_transfer,1,0,1,0,0,0
3378,1125,pixel_transfer,2,0,2,0,2,0
3381,1126,pixel_transfer,1,0,1,0,1,0
3382,1127,pixel_transfer,2,0,2,0,2,0
3385,1128,pixel_transfer,1,0,1,0,1,0
3386,1128,pixel_transfer,2,0,2,0,2,0
3389,1129,pixel_transfer,1,0,1,0,1,0
3390,1129,pixel_transfer,2,0,2,0,2,0
3393,1130,pixel_transfer,1,0,1,0,1,0
3394,1131,pixel_transfer,2,0,2,0,2,0
3397,1132,pixel_transfer,1,0,1,0,1,0
3398,1132,pixel_transfer,2,2,2,0,2,0
3401,1133,pixel_transfer,1,0,1,0,1,0
3402,1133,pixel_transfer,0,0,2,0,2,0
3405,1134,pixel_transfer,1,0,1,0,1,0
3406,1135,pixel_transfer,0,0,2,0,2,0
3409,1136,pixel_transfer,1,0,1,0,1,0
3410,1136,pixel_transfer,0,0,2,0,2,0
3413,1137,pixel_transfer,1,0,1,0,1,0
3414,1137,pixel_transfer,0,0,2,0,2,0
3417,1138,pixel_transfer,1,0,1,0,1,0
3418,1139,pixel_transfer,0,0,2,0,2,0
3421,1140,pixel_transfer,3,0,1,0,1,0
3422,1140,pixel_transfer,0,0,2,0,2,0
3425,1141,pixel_transfer,3,0,1,0,1,0
3426,1141,pixel_transfer,0,0,2,2,2,0
3429,1142,pixel_transfer,3,0,1,0,1,0
3430,1143,pixel_transfer,0,0,0,0,2,2
3433,1144,line_marker,3,0,1,0,1,0
3437,1145,pixel_transfer,3,0,1,0,1,0
3441,1146,pixel_transfer,3,0,1,0,1,0
3445,1148,pixel_transfer,3,0,1,0,1,0
3449,1149,pixel_transfer,3,0,3,0,1,0
3453,1150,pixel_transfer,3,0,3,0,3,0
3457,1152,pixel_transfer,3,0,3,0,3,0
3461,1153,pixel_transfer,3,0,3,0,3,0
3465,1154,pixel_transfer,3,0,3,0,3,0
3469,1156,pixel_transfer,3,0,3,0,3,0
3473,1157,pixel_transfer,3,1,3,0,3,0
3477,1158,pixel_transfer,2,0,3,0,3,0
3481,1160,pixel_transfer,2,0,3,0,3,0
3485,1161,pixel_transfer,2,0,3,0,3,0
3489,1162,pixel_transfer,2,0,3,0,3,0
3493,1164,pixel_transfer,2,0,3,0,3,0
3496,1165,pixel_transfer,1,0,0,0,0,0
3497,1165,pixel_transfer,2,0,3,0,3,0
3500,1166,pixel_transfer,1,0,0,0,0,0
3501,1166,pixel_transfer,2,0,3,1,3,0
3504,1167,pixel_transfer,1,0,0,0,0,0
3505,1168,pixel_transfer,2,0,2,0,3,1
3508,1169,pixel_transfer,1,0,0,0,0,0
3509,1169,pixel_transfer,2,0,2,0,2,0
3512,1170,pixel_transfer,1,0,0,0,0,0
3513,1170,pixel_transfer,2,0,2,0,2,0
3516,1171,pixel_transfer,1,0,0,0,0,0
3517,1172,pixel_transfer,2,0,2,0,2,0
3520,1173,pixel_transfer,1,0,0,0,0,0
3521,1173,pixel_transfer,2,0,2,0,2,0
3524,1174,pixel_transfer,1,0,1,0,0,0
3525,1174,pixel_transfer,2,0,2,0,2,0
3528,1175,pixel_transfer,1,0,1,0,1,0
3529,1176,pixel_transfer,2,0,2,0,2,0
3532,1177,pixel_transfer,1,0,1,0,1,0
3533,1177,pixel_transfer,2,0,2,0,2,0
3536,1178,pixel_transfer,1,0,1,0,1,0
3537,1178,pixel_transfer,2,0,2,0,2,0
3540,1179,pixel_transfer,1,0,1,0,1,0
3541,1180,pixel_transfer,2,0,2,0,2,0
3544,1181,pixel_transfer,1,0,1,0,1,0
3545,1181,pixel_transfer,2,2,2,0,2,0
3548,1182,pixel_transfer,1,0,1,0,1,0
3549,1182,pixel_transfer,0,0,2,0,2,0
3552,1183,pixel_transfer,1,0,1,0,1,0
3553,1184,pixel_transfer,0,0,2,0,2,0
3556,1185,pixel_transfer,1,0,1,0,1,0
3557,1185,pixel_transfer,0,0,2,0,2,0
3560,1186,pixel_transfer,1,0,1,0,1,0
3561,1186,pixel_transfer,0,0,2,0,2,0
3564,1187,pixel_transfer,1,0,1,0,1,0
3565,1188,pixel_transfer,0,0,2,0,2,0
3568,1189,pixel_transfer,3,0,1,0,1,0
3569,1189,pixel_transfer,0,0,2,0,2,0
3572,1190,pixel_transfer,3,0,1,0,1,0
3573,1190,pixel_transfer,0,0,2,2,2,0
3576,1191,pixel_transfer,3,0,1,0,1,0
3577,1192,pixel_transfer,0,0,0,0,2,2
3580,1193,line_marker,3,0,1,0,1,0
3584,1194,pixel_transfer,3,0,1,0,1,0
3588,1195,pixel_transfer,3,0,1,0,1,0
3592,1197,pixel_transfer,3,0,1,0,1,0
3596,1198,pixel_transfer,3,0,3,0,1,0
3600,1199,pixel_transfer,3,0,3,0,3,0
3604,1201,pixel_transfer,3,0,3,0,3,0
3608,1202,pixel_transfer,3,0,3,0,3,0
3612,1203,pixel_transfer,3,0,3,0,3,0
3616,1205,pixel_transfer,3,0,3,0,3,0
3620,1206,pixel_transfer,3,1,3,0,3,0
3624,1207,pixel_transfer,2,0,3,0,3,0
3628,1209,pixel_transfer,2,0,3,0,3,0
3632,1210,pixel_transfer,2,0,3,0,3,0
3636,1211,pixel_transfer,2,0,3,0,3,0
3640,1213,pixel_transfer,2,0,3,0,3,0
3643,1214,pixel_transfer,1,0,0,0,0,0
3644,1214,pixel_transfer,2,0,3,0,3,0
3647,1215,pixel_transfer,1,0,0,0,0,0
3648,1215,pixel_transfer,2,0,3,1,3,0
3651,1216,pixel_transfer,1,0,0,0,0,0
3652,1217,pixel_transfer,2,0,2,0,3,1
3655,1218,pixel_transfer,1,0,0,0,0,0
3656,1218,pixel_transfer,2,0,2,0,2,0
3659,1219,pixel_transfer,1,0,0,0,0,0
3660,1219,pixel_transfer,2,0,2,0,2,0
3663,1220,pixel_transfer,1,0,0,0,0,0
3664,1221,pixel_transfer,2,0,2,0,2,0
3667,1222,pixel_transfer,1,0,0,0,0,0
3668,1222,pixel_transfer,2,0,2,0,2,0
3671,1223,pixel_transfer,1,0,1,0,0,0
3672,1223,pixel_transfer,2,0,2,0,2,0
3675,1224,pixel_transfer,1,0,1,0,1,0
3676,1225,pixel_transfer,2,0,2,0,2,0
3679,1226,pixel_transfer,1,0,1,0,1,0
3680,1226,pixel_transfer,2,0,2,0,2,0
3683,1227,pixel_transfer,1,0,1,0,1,0
3684,1227,pixel_transfer,2,0,2,0,2,0
3687,1228,pixel_transfer,1,0,1,0,1,0
3688,1229,pixel_transfer,2,0,2,0,2,0
3691,1230,pixel_transfer,1,0,1,0,1,0
3692,1230,pixel_transfer,2,2,2,0,2,0
3695,1231,pixel_transfer,1,0,1,0,1,0
3696,1231,pixel_transfer,0,0,2,0,2,0
3699,1232,pixel_transfer,1,0,1,0,1,0
3700,1233,pixel_transfer,0,0,2,0,2,0
3703,1234,pixel_transfer,1,0,1,0,1,0
3704,1234,pixel_transfer,0,0,2,0,2,0
3707,1235,pixel_transfer,1,0,1,0,1,0
3708,1235,pixel_transfer,0,0,2,0,2,0
3711,1236,pixel_transfer,1,0,1,0,1,0
3712,1237,pixel_transfer,0,0,2,0,2,0
3715,1238,pixel_transfer,3,0,1,0,1,0
3716,1238,pixel_transfer,0,0,2,0,2,0
3719,1239,pixel_transfer,3,0,1,0,1,0
3720,1239,pixel_transfer,0,0,2,2,2,0
3723,1240,pixel_transfer,3,0,1,0,1,0
3724,1241,pixel_transfer,0,0,0,0,2,2
3727,1242,line_marker,3,0,1,0,1,0
3731,1243,pixel_transfer,3,0,1,0,1,0
3735,1244,pixel_transfer,3,0,1,0,1,0
3739,1246,pixel_transfer,3,0,1,0,1,0
3743,1247,pixel_transfer,3,0,3,0,1,0
3747,1248,pixel_transfer,3,0,3,0,3,0
3751,1250,pixel_transfer,3,0,3,0,3,0
3755,1251,pixel_transfer,3,0,3,0,3,0
3759,1252,pixel_transfer,3,0,3,0,3,0
3763,1254,pixel_transfer,3,0,3,0,3,0
3767,1255,pixel_transfer,3,1,3,0,3,0
3771,1256,pixel_transfer,2,0,3,0,3,0
3775,1258,pixel_transfer,2,0,3,0,3,0
3779,1259,pixel_transfer,2,0,3,0,3,0
3783,1260,pixel_transfer,2,0,3,0,3,0
3787,1262,pixel_transfer,2,0,3,0,3,0
3790,1263,pixel_transfer,1,0,0,0,0,0
3791,1263,pixel_transfer,2,0,3,0,3,0
3794,1264,pixel_transfer,1,0,0,0,0,0
3795,1264,pixel_transfer,2,0,3,1,3,0
3798,1265,pixel_transfer,1,0,0,0,0,0
3799,1266,pixel_transfer,2,0,2,0,3,1
3802,1267,pixel_transfer,1,0,0,0,0,0
3803,1267,pixel_transfer,2,0,2,0,2,0
3806,1268,pixel_transfer,1,0,0,0,0,0
3807,1268,pixel_transfer,2,0,2,0,2,0
3810,1269,pixel_transfer,1,0,0,0,0,0
3811,1270,pixel_transfer,2,0,2,0,2,0
3814,1271,pixel_transfer,1,0,0,0,0,0
3815,1271,pixel_transfer,2,0,2,0,2,0
3818,1272,pixel_transfer,1,0,1,0,0,0
3819,1272,pixel_transfer,2,0,2,0,2,0
3822,1273,pixel_transfer,1,0,1,0,1,0
3823,1274,pixel_transfer,2,0,2,0,2,0
3826,1275,pixel_transfer,1,0,1,0,1,0
3827,1275,pixel_transfer,2,0,2,0,2,0
3830,1276,pixel_transfer,1,0,1,0,1,0
3831,1276,pixel_transfer,2,0,2,0,2,0
3834,1277,pixel_transfer,1,0,1,0,1,0
3835,1278,pixel_transfer,2,0,2,0,2,0
3838,1279,pixel_transfer,1,0,1,0,1,0
3839,1279,pixel_transfer,2,2,2,0,2,0
3842,1280,pixel_transfer,1,0,1,0,1,0
3843,1280,pixel_transfer,0,0,2,0,2,0
3846,1281,pixel_transfer,1,0,1,0,1,0
3847,1282,pixel_transfer,0,0,2,0,2,0
3850,1283,pixel_transfer,1,0,1,0,1,0
3851,1283,pixel_transfer,0,0,2,0,2,0
3854,1284,pixel_transfer,1,0,1,0,1,0
3855,1284,pixel_transfer,0,0,2,0,2,0
3858,1285,pixel_transfer,1,0,1,0,1,0
3859,1286,pixel_transfer,0,0,2,0,2,0
3862,1287,pixel_transfer,3,0,1,0,1,0
3863,1287,pixel_transfer,0,0,2,0,2,0
3866,1288,pixel_transfer,3,0,1,0,1,0
3867,1288,pixel_transfer,0,0,2,2,2,0
3870,1289,pixel_transfer,3,0,1,0,1,0
3871,1290,pixel_transfer,0,0,0,0,2,2
3874,1291,line_marker,3,0,1,0,1,0
3878,1292,pixel_transfer,3,0,1,0,1,0
3882,1293,pixel_transfer,3,0,1,0,1,0
3886,1295,pixel_transfer,3,0,1,0,1,0
3890,1296,pixel_transfer,3,0,3,0,1,0
3894,1297,pixel_transfer,3,0,3,0,3,0
3898,1299,pixel_transfer,3,0,3,0,3,0
3902,1300,pixel_transfer,3,0,3,0,3,0
3906,1301,pixel_transfer,3,0,3,0,3,0
3910,1303,pixel_transfer,3,0,3,0,3,0
3914,1304,pixel_transfer,3,1,3,0,3,0
3918,1305,pixel_transfer,2,0,3,0,3,0
3922,1307,pixel_transfer,2,0,3,0,3,0
3926,1308,pixel_transfer,2,0,3,0,3,0
3930,1309,pixel_transfer,2,0,3,0,3,0
3934,1311,pixel_transfer,2,0,3,0,3,0
3937,1312,pixel_transfer,1,0,0,0,0,0
3938,1312,pixel_transfer,2,0,3,0,3,0
3941,1313,pixel_transfer,1,0,0,0,0,0
3942,1313,pixel_transfer,2,0,3,1,3,0
3945,1314,pixel_transfer,1,0,0,0,0,0
3946,1315,pixel_transfer,2,0,2,0,3,1
3949,1316,pixel_transfer,1,0,0,0,0,0
3950,1316,pixel_transfer,2,0,2,0,2,0
3953,1317,pixel_transfer,1,0,0,0,0,0
3954,1317,pixel_transfer,2,0,2,0,2,0
3957,1318,pixel_transfer,1,0,0,0,0,0
3958,1319,pixel_transfer,2,0,2,0,2,0
3961,1320,pixel_transfer,1,0,0,0,0,0
3962,1320,pixel_transfer,2,0,2,0,2,0
3965,1321,pixel_transfer,1,0,1,0,0,0
3966,1321,pixel_transfer,2,0,2,0,2,0
3969,1322,pixel_transfer,1,0,1,0,1,0
3970,1323,pixel_transfer,2,0,2,0,2,0
3973,1324,pixel_transfer,1,0,1,0,1,0
3974,1324,pixel_transfer,2,0,2,0,2,0
3977,1325,pixel_transfer,1,0,1,0,1,0
3978,1325,pixel_transfer,2,0,2,0,2,0
3981,1326,pixel_transfer,1,0,1,0,1,0
3982,1327,pixel_transfer,2,0,2,0,2,0
3985,1328,pixel_transfer,1,0,1,0,1,0
3986,1328,pixel_transfer,2,2,2,0,2,0
3989,1329,pixel_transfer,1,0,1,0,1,0
3990,1329,pixel_transfer,0,0,2,0,2,0
3993,1330,pixel_transfer,1,0,1,0,1,0
3994,1331,pixel_transfer,0,0,2,0,2,0
3997,1332,pixel_transfer,1,0,1,0,1,0
3998,1332,pixel_transfer,0,0,2,0,2,0
4001,1333,pixel_transfer,1,0,1,0,1,0
4002,1333,pixel_transfer,0,0,2,0,2,0
4005,1334,pixel_transfer,1,0,1,0,1,0
4006,1335,pixel_transfer,0,0,2,0,2,0
4009,1336,pixel_transfer,3,0,1,0,1,0
4010,1336,pixel_transfer,0,0,2,0,2,0
4013,1337,pixel_transfer,3,0,1,0,1,0
4014,1337,pixel_transfer,0,0,2,2,2,0
4017,1338,pixel_transfer,3,0,1,0,1,0
4018,1339,pixel_transfer,0,0,0,0,2,2
4021,1340,line_marker,3,0,1,0,1,0
4025,1341,pixel_transfer,3,0,1,0,1,0
4029,1342,pixel_transfer,3,0,1,0,1,0
4033,1344,pixel_transfer,3,0,1,0,1,0
4037,1345,pixel_transfer,3,0,3,0,1,0
4041,1346,pixel_transfer,3,0,3,0,3,0
4045,1348,pixel_transfer,3,0,3,0,3,0
4049,1349,pixel_transfer,3,0,3,0,3,0
4053,1350,pixel_transfer,3,0,3,0,3,0
4057,1352,pixel_transfer,3,0,3,0,3,0
4061,1353,pixel_transfer,3,1,3,0,3,0
4065,1354,pixel_transfer,2,0,3,0,3,0
4069,1356,pixel_transfer,2,0,3,0,3,0
4073,1357,pixel_transfer,2,0,3,0,3,0
4077,1358,pixel_transfer,2,0,3,0,3,0
4081,1360,pixel_transfer,2,0,3,0,3,0
4084,1361,pixel_transfer,1,0,0,0,0,0
4085,1361,pixel_transfer,2,0,3,0,3,0
4088,1362,pixel_transfer,1,0,0,0,0,0
4089,1362,pixel_transfer,2,0,3,1,3,0
4092,1363,pixel_transfer,1,0,0,0,0,0
4093,1364,pixel_transfer,2,0,2,0,3,1
4096,1365,pixel_transfer,1,0,0,0,0,0
4097,1365,pixel_transfer,2,0,2,0,2,0
4100,1366,pixel_transfer,1,0,0,0,0,0
4101,1366,pixel_transfer,2,0,2,0,2,0
4104,1367,pixel_transfer,1,0,0,0,0,0
4105,1368,pixel_transfer,2,0,2,0,2,0
4108,1369,pixel_transfer,1,0,0,0,0,0
4109,1369,pixel_transfer,2,0,2,0,2,0
4112,1370,pixel_transfer,1,0,1,0,0,0
4113,1370,pixel_transfer,2,0,2,0,2,0
4116,1371,pixel_transfer,1,0,1,0,1,0
4117,1372,pixel_transfer,2,0,2,0,2,0
4120,1373,pixel_transfer,1,0,1,0,1,0
4121,1373,pixel_transfer,2,0,2,0,2,0
4124,1374,pixel_transfer,1,0,1,0,1,0
4125,1374,pixel_transfer,2,0,2,0,2,0
4128,1375,pixel_transfer,1,0,1,0,1,0
4129,1376,pixel_transfer,2,0,2,0,2,0
4132,1377,pixel_transfer,1,0,1,0,1,0
4133,1377,pixel_transfer,2,2,2,0,2,0
4136,1378,pixel_transfer,1,0,1,0,1,0
4137,1378,pixel_transfer,0,0,2,0,2,0
4140,1379,pixel_transfer,1,0,1,0,1,0
4141,1380,pixel_transfer,0,0,2,0,2,0
4144,1381,pixel_transfer,1,0,1,0,1,0
4145,1381,pixel_transfer,0,0,2,0,2,0
4148,1382,pixel_transfer,1,0,1,0,1,0
4149,1382,pixel_transfer,0,0,2,0,2,0
4152,1383,pixel_transfer,1,0,1,0,1,0
4153,1384,pixel_transfer,0,0,2,0,2,0
4156,1385,pixel_transfer,3,0,1,0,1,0
4157,1385,pixel_transfer,0,0,2,0,2,0
4160,1386,pixel_transfer,3,0,1,0,1,0
4161,1386,pixel_transfer,0,0,2,2,2,0
4164,1387,pixel_transfer,3,0,1,0,1,0
4165,1388,pixel_transfer,0,0,0,0,2,2
4168,1389,line_marker,3,0,1,0,1,0
4172,1390,pixel_transfer,3,0,1,0,1,0
4176,1391,pixel_transfer,3,0,1,0,1,0
4180,1393,pixel_transfer,3,0,1,0,1,0
4184,1394,pixel_transfer,3,0,3,0,1,0
4188,1395,pixel_transfer,3,0,3,0,3,0
4192,1397,pixel_transfer,3,0,3,0,3,0
4196,1398,pixel_transfer,3,0,3,0,3,0
4200,1399,pixel_transfer,3,0,3,0,3,0
4204,1401,pixel_transfer,3,0,3,0,3,0
4208,1402,pixel_transfer,3,1,3,0,3,0
4212,1403,pixel_transfer,2,0,3,0,3,0
4216,1405,pixel_transfer,2,0,3,0,3,0
4220,1406,pixel_transfer,2,0,3,0,3,0
4224,1407,pixel_transfer,2,0,3,0,3,0
4228,1409,pixel_transfer,2,0,3,0,3,0
4231,1410,pixel_transfer,1,0,0,0,0,0
4232,1410,pixel_transfer,2,0,3,0,3,0
4235,1411,pixel_transfer,1,0,0,0,0,0
4236,1411,pixel_transfer,2,0,3,1,3,0
4239,1412,pixel_transfer,1,0,0,0,0,0
4240,1413,pixel_transfer,2,0,2,0,3,1
4243,1414,pixel_transfer,1,0,0,0,0,0
4244,1414,pixel_transfer,2,0,2,0,2,0
4247,1415,pixel_transfer,1,0,0,0,0,0
4248,1415,pixel_transfer,2,0,2,0,2,0
4251,1416,pixel_transfer,1,0,0,0,0,0
4252,1417,pixel_transfer,2,0,2,0,2,0
4255,1418,pixel_transfer,1,0,0,0,0,0
4256,1418,pixel_transfer,2,0,2,0,2,0
4259,1419,pixel_transfer,1,0,1,0,0,0
4260,1419,pixel_transfer,2,0,2,0,2,0
4263,1420,pixel_transfer,1,0,1,0,1,0
4264,1421,pixel_transfer,2,0,2,0,2,0
4267,1422,pixel_transfer,1,0,1,0,1,0
4268,1422,pixel_transfer,2,0,2,0,2,0
4271,1423,pixel_transfer,1,0,1,0,1,0
4272,1423,pixel_transfer,2,0,2,0,2,0
4275,1424,pixel_transfer,1,0,1,0,1,0
4276,1425,pixel_transfer,2,0,2,0,2,0
4279,1426,pixel_transfer,1,0,1,0,1,0
4280,1426,pixel_transfer,2,2,2,0,2,0
4283,1427,pixel_transfer,1,0,1,0,1,0
4284,1427,pixel_transfer,0,0,2,0,2,0
4287,1428,pixel_transfer,1,0,1,0,1,0
4288,1429,pixel_transfer,0,0,2,0,2,0
4291,1430,pixel_transfer,1,0,1,0,1,0
4292,1430,pixel_transfer,0,0,2,0,2,0
4295,1431,pixel_transfer,1,0,1,0,1,0
4296,1431,pixel_transfer,0,0,2,0,2,0
4299,1432,pixel_transfer,1,0,1,0,1,0
4300,1433,pixel_transfer,0,0,2,0,2,0
4303,1434,pixel_transfer,3,0,1,0,1,0
4304,1434,pixel_transfer,0,0,2,0,2,0
4307,1435,pixel_transfer,3,0,1,0,1,0
4308,1435,pixel_transfer,0,0,2,2,2,0
4311,1436,pixel_transfer,3,0,1,0,1,0
4312,1437,pixel_transfer,0,0,0,0,2,2
4315,1438,line_marker,3,0,1,0,1,0
4319,1439,pixel_transfer,3,0,1,0,1,0
4323,1440,pixel_transfer,3,0,1,0,1,0
4327,1442,pixel_transfer,3,0,1,0,1,0
4331,1443,pixel_transfer,3,0,3,0,1,0
4335,1444,pixel_transfer,3,0,3,0,3,0
4339,1446,pixel_transfer,3,0,3,0,3,0
4343,1447,pixel_transfer,3,0,3,0,3,0
4347,1448,pixel_transfer,3,0,3,0,3,0
4351,1450,pixel_transfer,3,0,3,0,3,0
4355,1451,pixel_transfer,3,1,3,0,3,0
4359,1452,pixel_transfer,2,0,3,0,3,0
4363,1454,pixel_transfer,2,0,3,0,3,0
4367,1455,pixel_transfer,2,0,3,0,3,0
4371,1456,pixel_transfer,2,0,3,0,3,0
4375,1458,pixel_transfer,2,0,3,0,3,0
4378,1459,pixel_transfer,1,0,0,0,0,0
4379,1459,pixel_transfer,2,0,3,0,3,0
4382,1460,pixel_transfer,1,0,0,0,0,0
4383,1460,pixel_transfer,2,0,3,1,3,0
4386,1461,pixel_transfer,1,0,0,0,0,0
4387,1462,pixel_transfer,2,0,2,0,3,1
4390,1463,pixel_transfer,1,0,0,0,0,0
4391,1463,pixel_transfer,2,0,2,0,2,0
4394,1464,pixel_transfer,1,0,0,0,0,0
4395,1464,pixel_transfer,2,0,2,0,2,0
4398,1465,pixel_transfer,1,0,0,0,0,0
4399,1466,pixel_transfer,2,0,2,0,2,0
4402,1467,pixel_transfer,1,0,0,0,0,0
4403,1467,pixel_transfer,2,0,2,0,2,0
4406,1468,pixel_transfer,1,0,1,0,0,0
4407,1468,pixel_transfer,2,0,2,0,2,0
4410,1469,pixel_transfer,1,0,1,0,1,0
4411,1470,pixel_transfer,2,0,2,0,2,0
4414,1471,pixel_transfer,1,0,1,0,1,0
4415,1471,pixel_transfer,2,0,2,0,2,0
4418,1472,pixel_transfer,1,0,1,0,1,0
4419,1472,pixel_transfer,2,0,2,0,2,0
4422,1473,pixel_transfer,1,0,1,0,1,0
4423,1474,pixel_transfer,2,0,2,0,2,0
4426,1475,pixel_transfer,1,0,1,0,1,0
4427,1475,pixel_transfer,2,2,2,0,2,0
4430,1476,pixel_transfer,1,0,1,0,1,0
4431,1476,pixel_transfer,0,0,2,0,2,0
4434,1477,pixel_transfer,1,0,1,0,1,0
4435,1478,pixel_transfer,0,0,2,0,2,0
4438,1479,pixel_transfer,1,0,1,0,1,0
4439,1479,pixel_transfer,0,0,2,0,2,0
4442,1480,pixel_transfer,1,0,1,0,1,0
4443,1480,pixel_transfer,0,0,2,0,2,0
4446,1481,pixel_transfer,1,0,1,0,1,0
4447,1482,pixel_transfer,0,0,2,0,2,0
4450,1483,pixel_transfer,3,0,1,0,1,0
4451,1483,pixel_transfer,0,0,2,0,2,0
4454,1484,pixel_transfer,3,0,1,0,1,0
4455,1484,pixel_transfer,0,0,2,2,2,0
4458,1485,pixel_transfer,3,0,1,0,1,0
4459,1486,pixel_transfer,0,0,0,0,2,2
4462,1487,line_marker,3,0,1,0,1,0
4466,1488,pixel_transfer,3,0,1,0,1,0
4470,1489,pixel_transfer,3,0,1,0,1,0
4474,1491,pixel_transfer,3,0,1,0,1,0
4478,1492,pixel_transfer,3,0,3,0,1,0
4482,1493,pixel_transfer,3,0,3,0,3,0
4486,1495,pixel_transfer,3,0,3,0,3,0
4490,1496,pixel_transfer,3,0,3,0,3,0
4494,1497,pixel_transfer,3,0,3,0,3,0
4498,1499,pixel_transfer,3,0,3,0,3,0
4502,1500,pixel_transfer,3,1,3,0,3,0
4506,1501,pixel_transfer,2,0,3,0,3,0
4510,1503,pixel_transfer,2,0,3,0,3,0
4514,1504,pixel_transfer,2,0,3,0,3,0
4518,1505,pixel_transfer,2,0,3,0,3,0
4522,1507,pixel_transfer,2,0,3,0,3,0
4525,1508,pixel_transfer,1,0,0,0,0,0
4526,1508,pixel_transfer,2,0,3,0,3,0
4529,1509,pixel_transfer,1,0,0,0,0,0
4530,1509,pixel_transfer,2,0,3,1,3,0
4533,1510,pixel_transfer,1,0,0,0,0,0
4534,1511,pixel_transfer,2,0,2,0,3,1
4537,1512,pixel_transfer,1,0,0,0,0,0
4538,1512,pixel_transfer,2,0,2,0,2,0
4541,1513,pixel_transfer,1,0,0,0,0,0
4542,1513,pixel_transfer,2,0,2,0,2,0
4545,1514,pixel_transfer,1,0,0,0,0,0
4546,1515,pixel_transfer,2,0,2,0,2,0
4549,1516,pixel_transfer,1,0,0,0,0,0
4550,1516,pixel_transfer,2,0,2,0,2,0
4553,1517,pixel_transfer,1,0,1,0,0,0
4554,1517,pixel_transfer,2,0,2,0,2,0
4557,1518,pixel_transfer,1,0,1,0,1,0
4558,1519,pixel_transfer,2,0,2,0,2,0
4561,1520,pixel_transfer,1,0,1,0,1,0
4562,1520,pixel_transfer,2,0,2,0,2,0
4565,1521,pixel_transfer,1,0,1,0,1,0
4566,1521,pixel_transfer,2,0,2,0,2,0
4569,1522,pixel_transfer,1,0,1,0,1,0
4570,1523,pixel_transfer,2,0,2,0,2,0
4573,1524,pixel_transfer,1,0,1,0,1,0
4574,1524,pixel_transfer,2,2,2,0,2,0
4577,1525,pixel_transfer,1,0,1,0,1,0
4578,1525,pixel_transfer,0,0,2,0,2,0
4581,1526,pixel_transfer,1,0,1,0,1,0
4582,1527,pixel_transfer,0,0,2,0,2,0
4585,1528,pixel_transfer,1,0,1,0,1,0
4586,1528,pixel_transfer,0,0,2,0,2,0
4589,1529,pixel_transfer,1,0,1,0,1,0
4590,1529,pixel_transfer,0,0,2,0,2,0
4593,1530,pixel_transfer,1,0,1,0,1,0
4594,1531,pixel_transfer,0,0,2,0,2,0
4597,1532,pixel_transfer,3,0,1,0,1,0
4598,1532,pixel_transfer,0,0,2,0,2,0
4601,1533,pixel_transfer,3,0,1,0,1,0
4602,1533,pixel_transfer,0,0,2,2,2,0
4605,1534,pixel_transfer,3,0,1,0,1,0
4606,1535,pixel_transfer,0,0,0,0,2,2
4609,1536,line_marker,3,0,1,0,1,0
4613,1537,pixel_transfer,3,0,1,0,1,0
4617,1538,pixel_transfer,3,0,1,0,1,0
4621,1540,pixel_transfer,3,0,1,0,1,0
4625,1541,pixel_transfer,3,0,3,0,1,0
4629,1542,pixel_transfer,3,0,3,0,3,0
4633,1544,pixel_transfer,3,0,3,0,3,0
4637,1545,pixel_transfer,3,0,3,0,3,0
4641,1546,pixel_transfer,3,0,3,0,3,0
4645,1548,pixel_transfer,3,0,3,0,3,0
4649,1549,pixel_transfer,3,1,3,0,3,0
4653,1550,pixel_transfer,2,0,3,0,3,0
4657,1552,pixel_transfer,2,0,3,0,3,0
4661,1553,pixel_transfer,2,0,3,0,3,0
4665,1554,pixel_transfer,2,0,3,0,3,0
4669,1556,pixel_transfer,2,0,3,0,3,0
4672,1557,pixel_transfer,1,0,0,0,0,0
4673,1557,pixel_transfer,2,0,3,0,3,0
4676,1558,pixel_transfer,1,0,0,0,0,0
4677,1558,pixel_transfer,2,0,3,1,3,0
4680,1559,pixel_transfer,1,0,0,0,0,0
4681,1560,pixel_transfer,2,0,2,0,3,1
4684,1561,pixel_transfer,1,0,0,0,0,0
4685,1561,pixel_transfer,2,0,2,0,2,0
4688,1562,pixel_transfer,1,0,0,0,0,0
4689,1562,pixel_transfer,2,0,2,0,2,0
4692,1563,pixel_transfer,1,0,0,0,0,0
4693,1564,pixel_transfer,2,0,2,0,2,0
4696,1565,pixel_transfer,1,0,0,0,0,0
4697,1565,pixel_transfer,2,0,2,0,2,0
4700,1566,pixel_transfer,1,0,1,0,0,0
4701,1566,pixel_transfer,2,0,2,0,2,0
4704,1567,pixel_transfer,1,0,1,0,1,0
4705,1568,pixel_transfer,2,0,2,0,2,0
4708,1569,pixel_transfer,1,0,1,0,1,0
4709,1569,pixel_transfer,2,0,2,0,2,0
4712,1570,pixel_transfer,1,0,1,0,1,0
4713,1570,pixel_transfer,2,0,2,0,2,0
4716,1571,pixel_transfer,1,0,1,0,1,0
4717,1572,pixel_transfer,2,0,2,0,2,0
4720,1573,pixel_transfer,1,0,1,0,1,0
4721,1573,pixel_transfer,2,2,2,0,2,0
4724,1574,pixel_transfer,1,0,1,0,1,0
4725,1574,pixel_transfer,0,0,2,0,2,0
4728,1575,pixel_transfer,1,0,1,0,1,0
4729,1576,pixel_transfer,0,0,2,0,2,0
4732,1577,pixel_transfer,1,0,1,0,1,0
4733,1577,pixel_transfer,0,0,2,0,2,0
4736,1578,pixel_transfer,1,0,1,0,1,0
4737,1578,pixel_transfer,0,0,2,0,2,0
4740,1579,pixel_transfer,1,0,1,0,1,0
4741,1580,pixel_transfer,0,0,2,0,2,0
4744,1581,pixel_transfer,3,0,1,0,1,0
4745,1581,pixel_transfer,0,0,2,0,2,0
4748,1582,pixel_transfer,3,0,1,0,1,0
4749,1582,pixel_transfer,0,0,2,2,2,0
4752,1583,pixel_transfer,3,0,1,0,1,0
4753,1584,pixel_transfer,0,0,0,0,2,2
4756,1585,line_marker,3,0,1,0,1,0
4760,1586,pixel_transfer,3,0,1,0,1,0
4764,1587,pixel_transfer,3,0,1,0,1,0
4768,1589,pixel_transfer,3,0,1,0,1,0
4772,1590,pixel_transfer,3,0,3,0,1,0
4776,1591,pixel_transfer,3,0,3,0,3,0
4780,1593,pixel_transfer,3,0,3,0,3,0
4784,1594,pixel_transfer,3,0,3,0,3,0
4788,1595,pixel_transfer,3,0,3,0,3,0
4792,1597,pixel_transfer,3,0,3,0,3,0
4796,1598,pixel_transfer,3,1,3,0,3,0
4800,1599,pixel_transfer,2,0,3,0,3,0
4804,1601,pixel_transfer,2,0,3,0,3,0
4808,1602,pixel_transfer,2,0,3,0,3,0
4812,1603,pixel_transfer,2,0,3,0,3,0
4816,1605,pixel_transfer,2,0,3,0,3,0
4819,1606,pixel_transfer,1,0,0,0,0,0
4820,1606,pixel_transfer,2,0,3,0,3,0
4823,1607,pixel_transfer,1,0,0,0,0,0
4824,1607,pixel_transfer,2,0,3,1,3,0
4827,1608,pixel_transfer,1,0,0,0,0,0
4828,1609,pixel_transfer,2,0,2,0,3,1
4831,1610,pixel_transfer,1,0,0,0,0,0
4832,1610,pixel_transfer,2,0,2,0,2,0
4835,1611,pixel_transfer,1,0,0,0,0,0
4836,1611,pixel_transfer,2,0,2,0,2,0
4839,1612,pixel_transfer,1,0,0,0,0,0
4840,1613,pixel_transfer,2,0,2,0,2,0
4843,1614,pixel_transfer,1,0,0,0,0,0
4844,1614,pixel_transfer,2,0,2,0,2,0
4847,1615,pixel_transfer,1,0,1,0,0,0
4848,1615,pixel_transfer,2,0,2,0,2,0
4851,1616,pixel_transfer,1,0,1,0,1,0
4852,1617,pixel_transfer,2,0,2,0,2,0
4855,1618,pixel_transfer,1,0,1,0,1,0
4856,1618,pixel_transfer,2,0,2,0,2,0
4859,1619,pixel_transfer,1,0,1,0,1,0
4860,1619,pixel_transfer,2,0,2,0,2,0
4863,1620,pixel_transfer,1,0,1,0,1,0
4864,1621,pixel_transfer,2,0,2,0,2,0
4867,1622,pixel_transfer,1,0,1,0,1,0
4868,1622,pixel_transfer,2,2,2,0,2,0
4871,1623,pixel_transfer,1,0,1,0,1,0
4872,1623,pixel_transfer,0,0,2,0,2,0
4875,1624,pixel_transfer,1,0,1,0,1,0
4876,1625,pixel_transfer,0,0,2,0,2,0
4879,1626,pixel_transfer,1,0,1,0,1,0
4880,1626,pixel_transfer,0,0,2,0,2,0
4883,1627,pixel_transfer,1,0,1,0,1,0
4884,1627,pixel_transfer,0,0,2,0,2,0
4887,1628,pixel_transfer,1,0,1,0,1,0
4888,1629,pixel_transfer,0,0,2,0,2,0
4891,1630,pixel_transfer,3,0,1,0,1,0
4892,1630,pixel_transfer,0,0,2,0,2,0
4895,1631,pixel_transfer,3,0,1,0,1,0
4896,1631,pixel_transfer,0,0,2,2,2,0
4899,1632,pixel_transfer,3,0,1,0,1,0
4900,1633,pixel_transfer,0,0,0,0,2,2
4903,1634,line_marker,3,0,1,0,1,0
4907,1635,pixel_transfer,3,0,1,0,1,0
4911,1636,pixel_transfer,3,0,1,0,1,0
4915,1638,pixel_transfer,3,0,1,0,1,0
4919,1639,pixel_transfer,3,0,3,0,1,0
4923,1640,pixel_transfer,3,0,3,0,3,0
4927,1642,pixel_transfer,3,0,3,0,3,0
4931,1643,pixel_transfer,3,0,3,0,3,0
4935,1644,pixel_transfer,3,0,3,0,3,0
4939,1646,pixel_transfer,3,0,3,0,3,0
4943,1647,pixel_transfer,3,1,3,0,3,0
4947,1648,pixel_transfer,2,0,3,0,3,0
4951,1650,pixel_transfer,2,0,3,0,3,0
4955,1651,pixel_transfer,2,0,3,0,3,0
4959,1652,pixel_transfer,2,0,3,0,3,0
4963,1654,pixel_transfer,2,0,3,0,3,0
4966,1655,pixel_transfer,1,0,0,0,0,0
4967,1655,pixel_transfer,2,0,3,0,3,0
4970,1656,pixel_transfer,1,0,0,0,0,0
4971,1656,pixel_transfer,2,0,3,1,3,0
4974,1657,pixel_transfer,1,0,0,0,0,0
4975,1658,pixel_transfer,2,0,2,0,3,1
4978,1659,pixel_transfer,1,0,0,0,0,0
4979,1659,pixel_transfer,2,0,2,0,2,0
4982,1660,pixel_transfer,1,0,0,0,0,0
4983,1660,pixel_transfer,2,0,2,0,2,0
4986,1661,pixel_transfer,1,0,0,0,0,0
4987,1662,pixel_transfer,2,0,2,0,2,0
4990,1663,pixel_transfer,1,0,0,0,0,0
4991,1663,pixel_transfer,2,0,2,0,2,0
4994,1664,pixel_transfer,1,0,1,0,0,0
4995,1664,pixel_transfer,2,0,2,0,2,0
4998,1665,pixel_transfer,1,0,1,0,1,0
4999,1666,pixel_transfer,2,0,2,0,2,0
5002,1667,pixel_transfer,1,0,1,0,1,0
5003,1667,pixel_transfer,2,0,2,0,2,0
5006,1668,pixel_transfer,1,0,1,0,1,0
5007,1668,pixel_transfer,2,0,2,0,2,0
5010,1669,pixel_transfer,1,0,1,0,1,0
5011,1670,pixel_transfer,2,0,2,0,2,0
5014,1671,pixel_transfer,1,0,1,0,1,0
5015,1671,pixel_transfer,2,2,2,0,2,0
5018,1672,pixel_transfer,1,0,1,0,1,0
5019,1672,pixel_transfer,0,0,2,0,2,0
5022,1673,pixel_transfer,1,0,1,0,1,0
5023,1674,pixel_transfer,0,0,2,0,2,0
5026,1675,pixel_transfer,1,0,1,0,1,0
5027,1675,pixel_transfer,0,0,2,0,2,0
5030,1676,pixel_transfer,1,0,1,0,1,0
5031,1676,pixel_transfer,0,0,2,0,2,0
5034,1677,pixel_transfer,1,0,1,0,1,0
5035,1678,pixel_transfer,0,0,2,0,2,0
5038,1679,pixel_transfer,3,0,1,0,1,0
5039,1679,pixel_transfer,0,0,2,0,2,0
5042,1680,pixel_transfer,3,0,1,0,1,0
5043,1680,pixel_transfer,0,0,2,2,2,0
5046,1681,pixel_transfer,3,0,1,0,1,0
5047,1682,pixel_transfer,0,0,0,0,2,2
5050,1683,line_marker,3,0,1,0,1,0
5054,1684,pixel_transfer,3,0,1,0,1,0
5058,1685,pixel_transfer,3,0,1,0,1,0
5062,1687,pixel_transfer,3,0,1,0,1,0
5066,1688,pixel_transfer,3,0,3,0,1,0
5070,1689,pixel_transfer,3,0,3,0,3,0
5074,1691,pixel_transfer,3,0,3,0,3,0
5078,1692,pixel_transfer,3,0,3,0,3,0
5082,1693,pixel_transfer,3,0,3,0,3,0
5086,1695,pixel_transfer,3,0,3,0,3,0
5090,1696,pixel_transfer,3,1,3,0,3,0
5094,1697,pixel_transfer,2,0,3,0,3,0
5098,1699,pixel_transfer,2,0,3,0,3,0
5102,1700,pixel_transfer,2,0,3,0,3,0
5106,1701,pixel_transfer,2,0,3,0,3,0
5110,1703,pixel_transfer,2,0,3,0,3,0
5113,1704,pixel_transfer,1,0,0,0,0,0
5114,1704,pixel_transfer,2,0,3,0,3,0
5117,1705,pixel_transfer,1,0,0,0,0,0
5118,1705,pixel_transfer,2,0,3,1,3,0
5121,1706,pixel_transfer,1,0,0,0,0,0
5122,1707,pixel_transfer,2,0,2,0,3,1
5125,1708,pixel_transfer,1,0,0,0,0,0
5126,1708,pixel_transfer,2,0,2,0,2,0
5129,1709,pixel_transfer,1,0,0,0,0,0
5130,1709,pixel_transfer,2,0,2,0,2,0
5133,1710,pixel_transfer,1,0,0,0,0,0
5134,1711,pixel_transfer,2,0,2,0,2,0
5137,1712,pixel_transfer,1,0,0,0,0,0
5138,1712,pixel_transfer,2,0,2,0,2,0
5141,1713,pixel_transfer,1,0,1,0,0,0
5142,1713,pixel_transfer,2,0,2,0,2,0
5145,1714,pixel_transfer,1,0,1,0,1,0
5146,1715,pixel_transfer,2,0,2,0,2,0
5149,1716,pixel_transfer,1,0,1,0,1,0
5150,1716,pixel_transfer,2,0,2,0,2,0
5153,1717,pixel_transfer,1,0,1,0,1,0
5154,1717,pixel_transfer,2,0,2,0,2,0
5157,1718,pixel_transfer,1,0,1,0,1,0
5158,1719,pixel_transfer,2,0,2,0,2,0
5161,1720,pixel_transfer,1,0,1,0,1,0
5162,1720,pixel_transfer,2,2,2,0,2,0
5165,1721,pixel_transfer,1,0,1,0,1,0
5166,1721,pixel_transfer,0,0,2,0,2,0
5169,1722,pixel_transfer,1,0,1,0,1,0
5170,1723,pixel_transfer,0,0,2,0,2,0
5173,1724,pixel_transfer,1,0,1,0,1,0
5174,1724,pixel_transfer,0,0,2,0,2,0
5177,1725,pixel_transfer,1,0,1,0,1,0
5178,1725,pixel_transfer,0,0,2,0,2,0
5181,1726,pixel_transfer,1,0,1,0,1,0
5182,1727,pixel_transfer,0,0,2,0,2,0
5185,1728,pixel_transfer,3,0,1,0,1,0
5186,1728,pixel_transfer,0,0,2,0,2,0
5189,1729,pixel_transfer,3,0,1,0,1,0
5190,1729,pixel_transfer,0,0,2,2,2,0
5193,1730,pixel_transfer,3,0,1,0,1,0
5194,1731,pixel_transfer,0,0,0,0,2,2
5197,1732,line_marker,3,0,1,0,1,0
5201,1733,pixel_transfer,3,0,1,0,1,0
5205,1734,pixel_transfer,3,0,1,0,1,0
5209,1736,pixel_transfer,3,0,1,0,1,0
5213,1737,pixel_transfer,3,0,3,0,1,0
5217,1738,pixel_transfer,3,0,3,0,3,0
5221,1740,pixel_transfer,3,0,3,0,3,0
5225,1741,pixel_transfer,3,0,3,0,3,0
5229,1742,pixel_transfer,3,0,3,0,3,0
5233,1744,pixel_transfer,3,0,3,0,3,0
5237,1745,pixel_transfer,3,1,3,0,3,0
5241,1746,pixel_transfer,2,0,3,0,3,0
5245,1748,pixel_transfer,2,0,3,0,3,0
5249,1749,pixel_transfer,2,0,3,0,3,0
5253,1750,pixel_transfer,2,0,3,0,3,0
5257,1752,pixel_transfer,2,0,3,0,3,0
5260,1753,pixel_transfer,1,0,0,0,0,0
5261,1753,pixel_transfer,2,0,3,0,3,0
5264,1754,pixel_transfer,1,0,0,0,0,0
5265,1754,pixel_transfer,2,0,3,1,3,0
5268,1755,pixel_transfer,1,0,0,0,0,0
5269,1756,pixel_transfer,2,0,2,0,3,1
5272,1757,pixel_transfer,1,0,0,0,0,0
5273,1757,pixel_transfer,2,0,2,0,2,0
5276,1758,pixel_transfer,1,0,0,0,0,0
5277,1758,pixel_transfer,2,0,2,0,2,0
5280,1759,pixel_transfer,1,0,0,0,0,0
5281,1760,pixel_transfer,2,0,2,0,2,0
5284,1761,pixel_transfer,1,0,0,0,0,0
5285,1761,pixel_transfer,2,0,2,0,2,0
5288,1762,pixel_transfer,1,0,1,0,0,0
5289,1762,pixel_transfer,2,0,2,0,2,0
5292,1763,pixel_transfer,1,0,1,0,1,0
5293,1764,pixel_transfer,2,0,2,0,2,0
5296,1765,pixel_transfer,1,0,1,0,1,0
5297,1765,pixel_transfer,2,0,2,0,2,0
5300,1766,pixel_transfer,1,0,1,0,1,0
5301,1766,pixel_transfer,2,0,2,0,2,0
5304,1767,pixel_transfer,1,0,1,0,1,0
5305,1768,pixel_transfer,2,0,2,0,2,0
5308,1769,pixel_transfer,1,0,1,0,1,0
5309,1769,pixel_transfer,2,2,2,0,2,0
5312,1770,pixel_transfer,1,0,1,0,1,0
5313,1770,pixel_transfer,0,0,2,0,2,0
5316,1771,pixel_transfer,1,0,1,0,1,0
5317,1772,pixel_transfer,0,0,2,0,2,0
5320,1773,pixel_transfer,1,0,1,0,1,0
5321,1773,pixel_transfer,0,0,2,0,2,0
5324,1774,pixel_transfer,1,0,1,0,1,0
5325,1774,pixel_transfer,0,0,2,0,2,0
5328,1775,pixel_transfer,1,0,1,0,1,0
5329,1776,pixel_transfer,0,0,2,0,2,0
5332,1777,pixel_transfer,3,0,1,0,1,0
5333,1777,pixel_transfer,0,0,2,0,2,0
5336,1778,pixel_transfer,3,0,1,0,1,0
5337,1778,pixel_transfer,0,0,2,2,2,0
5340,1779,pixel_transfer,3,0,1,0,1,0
5341,1780,pixel_transfer,0,0,0,0,2,2
5344,1781,line_marker,3,0,1,0,1,0
5348,1782,pixel_transfer,3,0,1,0,1,0
5352,1783,pixel_transfer,3,0,1,0,1,0
5356,1785,pixel_transfer,3,0,1,0,1,0
5360,1786,pixel_transfer,3,0,3,0,1,0
5364,1787,pixel_transfer,3,0,3,0,3,0
5368,1789,pixel_transfer,3,0,3,0,3,0
5372,1790,pixel_transfer,3,0,3,0,3,0
5376,1791,pixel_transfer,3,0,3,0,3,0
5380,1793,pixel_transfer,3,0,3,0,3,0
5384,1794,pixel_transfer,3,1,3,0,3,0
5388,1795,pixel_transfer,2,0,3,0,3,0
5392,1797,pixel_transfer,2,0,3,0,3,0
5396,1798,pixel_transfer,2,0,3,0,3,0
5400,1799,pixel_transfer,2,0,3,0,3,0
5404,1801,pixel_transfer,2,0,3,0,3,0
5407,1802,pixel_transfer,1,0,0,0,0,0
5408,1802,pixel_transfer,2,0,3,0,3,0
5411,1803,pixel_transfer,1,0,0,0,0,0
5412,1803,pixel_transfer,2,0,3,1,3,0
5415,1804,pixel_transfer,1,0,0,0,0,0
5416,1805,pixel_transfer,2,0,2,0,3,1
5419,1806,pixel_transfer,1,0,0,0,0,0
5420,1806,pixel_transfer,2,0,2,0,2,0
5423,1807,pixel_transfer,1,0,0,0,0,0
5424,1807,pixel_transfer,2,0,2,0,2,0
5427,1808,pixel_transfer,1,0,0,0,0,0
5428,1809,pixel_transfer,2,0,2,0,2,0
5431,1810,pixel_transfer,1,0,0,0,0,0
5432,1810,pixel_transfer,2,0,2,0,2,0
5435,1811,pixel_transfer,1,0,1,0,0,0
5436,1811,pixel_transfer,2,0,2,0,2,0
5439,1812,pixel_transfer,1,0,1,0,1,0
5440,1813,pixel_transfer,2,0,2,0,2,0
5443,1814,pixel_transfer,1,0,1,0,1,0
5444,1814,pixel_transfer,2,0,2,0,2,0
5447,1815,pixel_transfer,1,0,1,0,1,0
5448,1815,pixel_transfer,2,0,2,0,2,0
5451,1816,pixel_transfer,1,0,1,0,1,0
5452,1817,pixel_transfer,2,0,2,0,2,0
5455,1818,pixel_transfer,1,0,1,0,1,0
5456,1818,pixel_transfer,2,2,2,0,2,0
5459,1819,pixel_transfer,1,0,1,0,1,0
5460,1819,pixel_transfer,0,0,2,0,2,0
5463,1820,pixel_transfer,1,0,1,0,1,0
5464,1821,pixel_transfer,0,0,2,0,2,0
5467,1822,pixel_transfer,1,0,1,0,1,0
5468,1822,pixel_transfer,0,0,2,0,2,0
5471,1823,pixel_transfer,1,0,1,0,1,0
5472,1823,pixel_transfer,0,0,2,0,2,0
5475,1824,pixel_transfer,1,0,1,0,1,0
5476,1825,pixel_transfer,0,0,2,0,2,0
5479,1826,pixel_transfer,3,0,1,0,1,0
5480,1826,pixel_transfer,0,0,2,0,2,0
5483,1827,pixel_transfer,3,0,1,0,1,0
5484,1827,pixel_transfer,0,0,2,2,2,0
5487,1828,pixel_transfer,3,0,1,0,1,0
5488,1829,pixel_transfer,0,0,0,0,2,2
5491,1830,line_marker,3,0,1,0,1,0
5495,1831,pixel_transfer,3,0,1,0,1,0
5499,1832,pixel_transfer,3,0,1,0,1,0
5503,1834,pixel_transfer,3,0,1,0,1,0
5507,1835,pixel_transfer,3,0,3,0,1,0
5511,1836,pixel_transfer,3,0,3,0,3,0
5515,1838,pixel_transfer,3,0,3,0,3,0
5519,1839,pixel_transfer,3,0,3,0,3,0
5523,1840,pixel_transfer,3,0,3,0,3,0
5527,1842,pixel_transfer,3,0,3,0,3,0
5531,1843,pixel_transfer,3,1,3,0,3,0
5535,1844,pixel_transfer,2,0,3,0,3,0
5539,1846,pixel_transfer,2,0,3,0,3,0
5543,1847,pixel_transfer,2,0,3,0,3,0
5547,1848,pixel_transfer,2,0,3,0,3,0
5551,1850,pixel_transfer,2,0,3,0,3,0
5554,1851,pixel_transfer,1,0,0,0,0,0
5555,1851,pixel_transfer,2,0,3,0,3,0
5558,1852,pixel_transfer,1,0,0,0,0,0
5559,1852,pixel_transfer,2,0,3,1,3,0
5562,1853,pixel_transfer,1,0,0,0,0,0
5563,1854,pixel_transfer,2,0,2,0,3,1
5566,1855,pixel_transfer,1,0,0,0,0,0
5567,1855,pixel_transfer,2,0,2,0,2,0
5570,1856,pixel_transfer,1,0,0,0,0,0
5571,1856,pixel_transfer,2,0,2,0,2,0
5574,1857,pixel_transfer,1,0,0,0,0,0
5575,1858,pixel_transfer,2,0,2,0,2,0
5578,1859,pixel_transfer,1,0,0,0,0,0
5579,1859,pixel_transfer,2,0,2,0,2,0
5582,1860,pixel_transfer,1,0,1,0,0,0
5583,1860,pixel_transfer,2,0,2,0,2,0
5586,1861,pixel_transfer,1,0,1,0,1,0
5587,1862,pixel_transfer,2,0,2,0,2,0
5590,1863,pixel_transfer,1,0,1,0,1,0
5591,1863,pixel_transfer,2,0,2,0,2,0
5594,1864,pixel_transfer,1,0,1,0,1,0
5595,1864,pixel_transfer,2,0,2,0,2,0
5598,1865,pixel_transfer,1,0,1,0,1,0
5599,1866,pixel_transfer,2,0,2,0,2,0
5602,1867,pixel_transfer,1,0,1,0,1,0
5603,1867,pixel_transfer,2,2,2,0,2,0
5606,1868,pixel_transfer,1,0,1,0,1,0
5607,1868,pixel_transfer,0,0,2,0,2,0
5610,1869,pixel_transfer,1,0,1,0,1,0
5611,1870,pixel_transfer,0,0,2,0,2,0
5614,1871,pixel_transfer,1,0,1,0,1,0
5615,1871,pixel_transfer,0,0,2,0,2,0
5618,1872,pixel_transfer,1,0,1,0,1,0
5619,1872,pixel_transfer,0,0,2,0,2,0
5622,1873,pixel_transfer,1,0,1,0,1,0
5623,1874,pixel_transfer,0,0,2,0,2,0
5626,1875,pixel_transfer,3,0,1,0,1,0
5627,1875,pixel_transfer,0,0,2,0,2,0
5630,1876,pixel_transfer,3,0,1,0,1,0
5631,1876,pixel_transfer,0,0,2,2,2,0
5634,1877,pixel_transfer,3,0,1,0,1,0
5635,1878,pixel_transfer,0,0,0,0,2,2
5638,1879,line_marker,3,0,1,0,1,0
5642,1880,pixel_transfer,3,0,1,0,1,0
5646,1881,pixel_transfer,3,0,1,0,1,0
5650,1883,pixel_transfer,3,0,1,0,1,0
5654,1884,pixel_transfer,3,0,3,0,1,0
5658,1885,pixel_transfer,3,0,3,0,3,0
5662,1887,pixel_transfer,3,0,3,0,3,0
5666,1888,pixel_transfer,3,0,3,0,3,0
5670,1889,pixel_transfer,3,0,3,0,3,0
5674,1891,pixel_transfer,3,0,3,0,3,0
5678,1892,pixel_transfer,3,1,3,0,3,0
5682,1893,pixel_transfer,2,0,3,0,3,0
5686,1895,pixel_transfer,2,0,3,0,3,0
5690,1896,pixel_transfer,2,0,3,0,3,0
5694,1897,pixel_transfer,2,0,3,0,3,0
5698,1899,pixel_transfer,2,0,3,0,3,0
5701,1900,pixel_transfer,1,0,0,0,0,0
5702,1900,pixel_transfer,2,0,3,0,3,0
5705,1901,pixel_transfer,1,0,0,0,0,0
5706,1901,pixel_transfer,2,0,3,1,3,0
5709,1902,pixel_transfer,1,0,0,0,0,0
5710,1903,pixel_transfer,2,0,2,0,3,1
5713,1904,pixel_transfer,1,0,0,0,0,0
5714,1904,pixel_transfer,2,0,2,0,2,0
5717,1905,pixel_transfer,1,0,0,0,0,0
5718,1905,pixel_transfer,2,0,2,0,2,0
5721,1906,pixel_transfer,1,0,0,0,0,0
5722,1907,pixel_transfer,2,0,2,0,2,0
5725,1908,pixel_transfer,1,0,0,0,0,0
5726,1908,pixel_transfer,2,0,2,0,2,0
5729,1909,pixel_transfer,1,0,1,0,0,0
5730,1909,pixel_transfer,2,0,2,0,2,0
5733,1910,pixel_transfer,1,0,1,0,1,0
5734,1911,pixel_transfer,2,0,2,0,2,0
5737,1912,pixel_transfer,1,0,1,0,1,0
5738,1912,pixel_transfer,2,0,2,0,2,0
5741,1913,pixel_transfer,1,0,1,0,1,0
5742,1913,pixel_transfer,2,0,2,0,2,0
5745,1914,pixel_transfer,1,0,1,0,1,0
5746,1915,pixel_transfer,2,0,2,0,2,0
5749,1916,pixel_transfer,1,0,1,0,1,0
5750,1916,pixel_transfer,2,2,2,0,2,0
5753,1917,pixel_transfer,1,0,1,0,1,0
5754,1917,pixel_transfer,0,0,2,0,2,0
5757,1918,pixel_transfer,1,0,1,0,1,0
5758,1919,pixel_transfer,0,0,2,0,2,0
5761,1920,pixel_transfer,1,0,1,0,1,0
5762,1920,pixel_transfer,0,0,2,0,2,0
5765,1921,pixel_transfer,1,0,1,0,1,0
5766,1921,pixel_transfer,0,0,2,0,2,0
5769,1922,pixel_transfer,1,0,1,0,1,0
5770,1923,pixel_transfer,0,0,2,0,2,0
5773,1924,pixel_transfer,3,0,1,0,1,0
5774,1924,pixel_transfer,0,0,2,0,2,0
5777,1925,pixel_transfer,3,0,1,0,1,0
5778,1925,pixel_transfer,0,0,2,2,2,0
5781,1926,pixel_transfer,3,0,1,0,1,0
5782,1927,pixel_transfer,0,0,0,0,2,2
5785,1928,line_marker,3,0,1,0,1,0
5789,1929,pixel_transfer,3,0,1,0,1,0
5793,1930,pixel_transfer,3,0,1,0,1,0
5797,1932,pixel_transfer,3,0,1,0,1,0
5801,1933,pixel_transfer,3,0,3,0,1,0
5805,1934,pixel_transfer,3,0,3,0,3,0
5809,1936,pixel_transfer,3,0,3,0,3,0
5813,1937,pixel_transfer,3,0,3,0,3,0
5817,1938,pixel_transfer,3,0,3,0,3,0
5821,1940,pixel_transfer,3,0,3,0,3,0
5825,1941,pixel_transfer,3,1,3,0,3,0
5829,1942,pixel_transfer,2,0,3,0,3,0
5833,1944,pixel_transfer,2,0,3,0,3,0
5837,1945,pixel_transfer,2,0,3,0,3,0
5841,1946,pixel_transfer,2,0,3,0,3,0
5845,1948,pixel_transfer,2,0,3,0,3,0
5848,1949,pixel_transfer,1,0,0,0,0,0
5849,1949,pixel_transfer,2,0,3,0,3,0
5852,1950,pixel_transfer,1,0,0,0,0,0
5853,1950,pixel_transfer,2,0,3,1,3,0
5856,1951,pixel_transfer,1,0,0,0,0,0
5857,1952,pixel_transfer,2,0,2,0,3,1
5860,1953,pixel_transfer,1,0,0,0,0,0
5861,1953,pixel_transfer,2,0,2,0,2,0
5864,1954,pixel_transfer,1,0,0,0,0,0
5865,1954,pixel_transfer,2,0,2,0,2,0
5868,1955,pixel_transfer,1,0,0,0,0,0
5869,1956,pixel_transfer,2,0,2,0,2,0
5872,1957,pixel_transfer,1,0,0,0,0,0
5873,1957,pixel_transfer,2,0,2,0,2,0
5876,1958,pixel_transfer,1,0,1,0,0,0
5877,1958,pixel_transfer,2,0,2,0,2,0
5880,1959,pixel_transfer,1,0,1,0,1,0
5881,1960,pixel_transfer,2,0,2,0,2,0
5884,1961,pixel_transfer,1,0,1,0,1,0
5885,1961,pixel_transfer,2,0,2,0,2,0
5888,1962,pixel_transfer,1,0,1,0,1,0
5889,1962,pixel_transfer,2,0,2,0,2,0
5892,1963,pixel_transfer,1,0,1,0,1,0
5893,1964,pixel_transfer,2,0,2,0,2,0
5896,1965,pixel_transfer,1,0,1,0,1,0
5897,1965,pixel_transfer,2,2,2,0,2,0
5900,1966,pixel_transfer,1,0,1,0,1,0
5901,1966,pixel_transfer,0,0,2,0,2,0
5904,1967,pixel_transfer,1,0,1,0,1,0
5905,1968,pixel_transfer,0,0,2,0,2,0
5908,1969,pixel_transfer,1,0,1,0,1,0
5909,1969,pixel_transfer,0,0,2,0,2,0
5912,1970,pixel_transfer,1,0,1,0,1,0
5913,1970,pixel_transfer,0,0,2,0,2,0
5916,1971,pixel_transfer,1,0,1,0,1,0
5917,1972,pixel_transfer,0,0,2,0,2,0
5920,1973,pixel_transfer,3,0,1,0,1,0
5921,1973,pixel_transfer,0,0,2,0,2,0
5924,1974,pixel_transfer,3,0,1,0,1,0
5925,1974,pixel_transfer,0,0,2,2,2,0
5928,1975,pixel_transfer,3,0,1,0,1,0
5929,1976,pixel_transfer,0,0,0,0,2,2
5932,1977,line_marker,3,0,1,0,1,0
5936,1978,pixel_transfer,3,0,1,0,1,0
5940,1979,pixel_transfer,3,0,1,0,1,0
5944,1981,pixel_transfer,3,0,1,0,1,0
5948,1982,pixel_transfer,3,0,3,0,1,0
5952,1983,pixel_transfer,3,0,3,0,3,0
5956,1985,pixel_transfer,3,0,3,0,3,0
5960,1986,pixel_transfer,3,0,3,0,3,0
5964,1987,pixel_transfer,3,0,3,0,3,0
5968,1989,pixel_transfer,3,0,3,0,3,0
5972,1990,pixel_transfer,3,1,3,0,3,0
5976,1991,pixel_transfer,2,0,3,0,3,0
5980,1993,pixel_transfer,2,0,3,0,3,0
5984,1994,pixel_transfer,2,0,3,0,3,0
5988,1995,pixel_transfer,2,0,3,0,3,0
5992,1997,pixel_transfer,2,0,3,0,3,0
5995,1998,pixel_transfer,1,0,0,0,0,0
5996,1998,pixel_transfer,2,0,3,0,3,0
5999,1999,pixel_transfer,1,0,0,0,0,0
6000,1999,pixel_transfer,2,0,3,1,3,0
6003,2000,pixel_transfer,1,0,0,0,0,0
6004,2001,pixel_transfer,2,0,2,0,3,1
6007,2002,pixel_transfer,1,0,0,0,0,0
6008,2002,pixel_transfer,2,0,2,0,2,0
6011,2003,pixel_transfer,1,0,0,0,0,0
6012,2003,pixel_transfer,2,0,2,0,2,0
6015,2004,pixel_transfer,1,0,0,0,0,0
6016,2005,pixel_transfer,2,0,2,0,2,0
6019,2006,pixel_transfer,1,0,0,0,0,0
6020,2006,pixel_transfer,2,0,2,0,2,0
6023,2007,pixel_transfer,1,0,1,0,0,0
6024,2007,pixel_transfer,2,0,2,0,2,0
6027,2008,pixel_transfer,1,0,1,0,1,0
6028,2009,pixel_transfer,2,0,2,0,2,0
6031,2010,pixel_transfer,1,0,1,0,1,0
6032,2010,pixel_transfer,2,0,2,0,2,0
6035,2011,pixel_transfer,1,0,1,0,1,0
6036,2011,pixel_transfer,2,0,2,0,2,0
6039,2012,pixel_transfer,1,0,1,0,1,0
6040,2013,pixel_transfer,2,0,2,0,2,0
6043,2014,pixel_transfer,1,0,1,0,1,0
6044,2014,pixel_transfer,2,2,2,0,2,0
6047,2015,pixel_transfer,1,0,1,0,1,0
6048,2015,pixel_transfer,0,0,2,0,2,0
6051,2016,pixel_transfer,1,0,1,0,1,0
6052,2017,pixel_transfer,0,0,2,0,2,0
6055,2018,pixel_transfer,1,0,1,0,1,0
6056,2018,pixel_transfer,0,0,2,0,2,0
6059,2019,pixel_transfer,1,0,1,0,1,0
6060,2019,pixel_transfer,0,0,2,0,2,0
6063,2020,pixel_transfer,1,0,1,0,1,0
6064,2021,pixel_transfer,0,0,2,0,2,0
6067,2022,pixel_transfer,3,0,1,0,1,0
6068,2022,pixel_transfer,0,0,2,0,2,0
6071,2023,pixel_transfer,3,0,1,0,1,0
6072,2023,pixel_transfer,0,0,2,2,2,0
6075,2024,pixel_transfer,3,0,1,0,1,0
6076,2025,pixel_transfer,0,0,0,0,2,2
6079,2026,line_marker,3,0,1,0,1,0
6083,2027,pixel_transfer,3,0,1,0,1,0
6087,2028,pixel_transfer,3,0,1,0,1,0
6091,2030,pixel_transfer,3,0,1,0,1,0
6095,2031,pixel_transfer,3,0,3,0,1,0
6099,2032,pixel_transfer,3,0,3,0,3,0
6103,2034,pixel_transfer,3,0,3,0,3,0
6107,2035,pixel_transfer,3,0,3,0,3,0
6111,2036,pixel_transfer,3,0,3,0,3,0
6115,2038,pixel_transfer,3,0,3,0,3,0
6119,2039,pixel_transfer,3,1,3,0,3,0
6123,2040,pixel_transfer,2,0,3,0,3,0
6127,2042,pixel_transfer,2,0,3,0,3,0
6131,2043,pixel_transfer,2,0,3,0,3,0
6135,2044,pixel_transfer,2,0,3,0,3,0
6139,2046,pixel_transfer,2,0,3,0,3,0
6142,2047,pixel_transfer,1,0,0,0,0,0
6143,2047,pixel_transfer,2,0,3,0,3,0
6146,2048,pixel_transfer,1,0,0,0,0,0
6147,2048,pixel_transfer,2,0,3,1,3,0
6150,2049,pixel_transfer,1,0,0,0,0,0
6151,2050,pixel_transfer,2,0,2,0,3,1
6154,2051,pixel_transfer,1,0,0,0,0,0
6155,2051,pixel_transfer,2,0,2,0,2,0
6158,2052,pixel_transfer,1,0,0,0,0,0
6159,2052,pixel_transfer,2,0,2,0,2,0
6162,2053,pixel_transfer,1,0,0,0,0,0
6163,2054,pixel_transfer,2,0,2,0,2,0
6166,2055,pixel_transfer,1,0,0,0,0,0
6167,2055,pixel_transfer,2,0,2,0,2,0
6170,2056,pixel_transfer,1,0,1,0,0,0
6171,2056,pixel_transfer,2,0,2,0,2,0
6174,2057,pixel_transfer,1,0,1,0,1,0
6175,2058,pixel_transfer,2,0,2,0,2,0
6178,2059,pixel_transfer,1,0,1,0,1,0
6179,2059,pixel_transfer,2,0,2,0,2,0
6182,2060,pixel_transfer,1,0,1,0,1,0
6183,2060,pixel_transfer,2,0,2,0,2,0
6186,2061,pixel_transfer,1,0,1,0,1,0
6187,2062,pixel_transfer,2,0,2,0,2,0
6190,2063,pixel_transfer,1,0,1,0,1,0
6191,2063,pixel_transfer,2,2,2,0,2,0
6194,2064,pixel_transfer,1,0,1,0,1,0
6195,2064,pixel_transfer,0,0,2,0,2,0
6198,2065,pixel_transfer,1,0,1,0,1,0
6199,2066,pixel_transfer,0,0,2,0,2,0
6202,2067,pixel_transfer,1,0,1,0,1,0
6203,2067,pixel_transfer,0,0,2,0,2,0
6206,2068,pixel_transfer,1,0,1,0,1,0
6207,2068,pixel_transfer,0,0,2,0,2,0
6210,2069,pixel_transfer,1,0,1,0,1,0
6211,2070,pixel_transfer,0,0,2,0,2,0
6214,2071,pixel_transfer,3,0,1,0,1,0
6215,2071,pixel_transfer,0,0,2,0,2,0
6218,2072,pixel_transfer,3,0,1,0,1,0
6219,2072,pixel_transfer,0,0,2,2,2,0
6222,2073,pixel_transfer,3,0,1,0,1,0
6223,2074,pixel_transfer,0,0,0,0,2,2
6226,2075,line_marker,3,0,1,0,1,0
6230,2076,pixel_transfer,3,0,1,0,1,0
6234,2077,pixel_transfer,3,0,1,0,1,0
6238,2079,pixel_transfer,3,0,1,0,1,0
6242,2080,pixel_transfer,3,0,3,0,1,0
6246,2081,pixel_transfer,3,0,3,0,3,0
6250,2083,pixel_transfer,3,0,3,0,3,0
6254,2084,pixel_transfer,3,0,3,0,3,0
6258,2085,pixel_transfer,3,0,3,0,3,0
6262,2087,pixel_transfer,3,0,3,0,3,0
6266,2088,pixel_transfer,3,1,3,0,3,0
6270,2089,pixel_transfer,2,0,3,0,3,0
6274,2091,pixel_transfer,2,0,3,0,3,0
6278,2092,pixel_transfer,2,0,3,0,3,0
6282,2093,pixel_transfer,2,0,3,0,3,0
6286,2095,pixel_transfer,2,0,3,0,3,0
6289,2096,pixel_transfer,1,0,0,0,0,0
6290,2096,pixel_transfer,2,0,3,0,3,0
6293,2097,pixel_transfer,1,0,0,0,0,0
6294,2097,pixel_transfer,2,0,3,1,3,0
6297,2098,pixel_transfer,1,0,0,0,0,0
6298,2099,pixel_transfer,2,0,2,0,3,1
6301,2100,pixel_transfer,1,0,0,0,0,0
6302,2100,pixel_transfer,2,0,2,0,2,0
6305,2101,pixel_transfer,1,0,0,0,0,0
6306,2101,pixel_transfer,2,0,2,0,2,0
6309,2102,pixel_transfer,1,0,0,0,0,0
6310,2103,pixel_transfer,2,0,2,0,2,0
6313,2104,pixel_transfer,1,0,0,0,0,0
6314,2104,pixel_transfer,2,0,2,0,2,0
6317,2105,pixel_transfer,1,0,1,0,0,0
6318,2105,pixel_transfer,2,0,2,0,2,0
6321,2106,pixel_transfer,1,0,1,0,1,0
6322,2107,pixel_transfer,2,0,2,0,2,0
6325,2108,pixel_transfer,1,0,1,0,1,0
6326,2108,pixel_transfer,2,0,2,0,2,0
6329,2109,pixel_transfer,1,0,1,0,1,0
6330,2109,pixel_transfer,2,0,2,0,2,0
6333,2110,pixel_transfer,1,0,1,0,1,0
6334,2111,pixel_transfer,2,0,2,0,2,0
6337,2112,pixel_transfer,1,0,1,0,1,0
6338,2112,pixel_transfer,2,2,2,0,2,0
6341,2113,pixel_transfer,1,0,1,0,1,0
6342,2113,pixel_transfer,0,0,2,0,2,0
6345,2114,pixel_transfer,1,0,1,0,1,0
6346,2115,pixel_transfer,0,0,2,0,2,0
6349,2116,pixel_transfer,1,0,1,0,1,0
6350,2116,pixel_transfer,0,0,2,0,2,0
6353,2117,pixel_transfer,1,0,1,0,1,0
6354,2117,pixel_transfer,0,0,2,0,2,0
6357,2118,pixel_transfer,1,0,1,0,1,0
6358,2119,pixel_transfer,0,0,2,0,2,0
6361,2120,pixel_transfer,3,0,1,0,1,0
6362,2120,pixel_transfer,0,0,2,0,2,0
6365,2121,pixel_transfer,3,0,1,0,1,0
6366,2121,pixel_transfer,0,0,2,2,2,0
6369,2122,pixel_transfer,3,0,1,0,1,0
6370,2123,pixel_transfer,0,0,0,0,2,2
6373,2124,line_marker,3,0,1,0,1,0
6377,2125,pixel_transfer,3,0,1,0,1,0
6381,2126,pixel_transfer,3,0,1,0,1,0
6385,2128,pixel_transfer,3,0,1,0,1,0
6389,2129,pixel_transfer,3,0,3,0,1,0
6393,2130,pixel_transfer,3,0,3,0,3,0
6397,2132,pixel_transfer,3,0,3,0,3,0
6401,2133,pixel_transfer,3,0,3,0,3,0
6405,2134,pixel_transfer,3,0,3,0,3,0
6409,2136,pixel_transfer,3,0,3,0,3,0
6413,2137,pixel_transfer,3,1,3,0,3,0
6417,2138,pixel_transfer,2,0,3,0,3,0
6421,2140,pixel_transfer,2,0,3,0,3,0
6425,2141,pixel_transfer,2,0,3,0,3,0
6429,2142,pixel_transfer,2,0,3,0,3,0
6433,2144,pixel_transfer,2,0,3,0,3,0
6436,2145,pixel_transfer,1,0,0,0,0,0
6437,2145,pixel_transfer,2,0,3,0,3,0
6440,2146,pixel_transfer,1,0,0,0,0,0
6441,2146,pixel_transfer,2,0,3,1,3,0
6444,2147,pixel_transfer,1,0,0,0,0,0
6445,2148,pixel_transfer,2,0,2,0,3,1
6448,2149,pixel_transfer,1,0,0,0,0,0
6449,2149,pixel_transfer,2,0,2,0,2,0
6452,2150,pixel_transfer,1,0,0,0,0,0
6453,2150,pixel_transfer,2,0,2,0,2,0
6456,2151,pixel_transfer,1,0,0,0,0,0
6457,2152,pixel_transfer,2,0,2,0,2,0
6460,2153,pixel_transfer,1,0,0,0,0,0
6461,2153,pixel_transfer,2,0,2,0,2,0
6464,2154,pixel_transfer,1,0,1,0,0,0
6465,2154,pixel_transfer,2,0,2,0,2,0
6468,2155,pixel_transfer,1,0,1,0,1,0
6469,2156,pixel_transfer,2,0,2,0,2,0
6472,2157,pixel_transfer,1,0,1,0,1,0
6473,2157,pixel_transfer,2,0,2,0,2,0
6476,2158,pixel_transfer,1,0,1,0,1,0
6477,2158,pixel_transfer,2,0,2,0,2,0
6480,2159,pixel_transfer,1,0,1,0,1,0
6481,2160,pixel_transfer,2,0,2,0,2,0
6484,2161,pixel_transfer,1,0,1,0,1,0
6485,2161,pixel_transfer,2,2,2,0,2,0
6488,2162,pixel_transfer,1,0,1,0,1,0
6489,2162,pixel_transfer,0,0,2,0,2,0
6492,2163,pixel_transfer,1,0,1,0,1,0
6493,2164,pixel_transfer,0,0,2,0,2,0
6496,2165,pixel_transfer,1,0,1,0,1,0
6497,2165,pixel_transfer,0,0,2,0,2,0
6500,2166,pixel_transfer,1,0,1,0,1,0
6501,2166,pixel_transfer,0,0,2,0,2,0
6504,2167,pixel_transfer,1,0,1,0,1,0
6505,2168,pixel_transfer,0,0,2,0,2,0
6508,2169,pixel_transfer,3,0,1,0,1,0
6509,2169,pixel_transfer,0,0,2,0,2,0
6512,2170,pixel_transfer,3,0,1,0,1,0
6513,2170,pixel_transfer,0,0,2,2,2,0
6516,2171,pixel_transfer,3,0,1,0,1,0
6517,2172,pixel_transfer,0,0,0,0,2,2
6520,2173,line_marker,3,0,1,0,1,0
6524,2174,pixel_transfer,3,0,1,0,1,0
6528,2175,pixel_transfer,3,0,1,0,1,0
6532,2177,pixel_transfer,3,0,1,0,1,0
6536,2178,pixel_transfer,3,0,3,0,1,0
6540,2179,pixel_transfer,3,0,3,0,3,0
6544,2181,pixel_transfer,3,0,3,0,3,0
6548,2182,pixel_transfer,3,0,3,0,3,0
6552,2183,pixel_transfer,3,0,3,0,3,0
6556,2185,pixel_transfer,3,0,3,0,3,0
6560,2186,pixel_transfer,3,1,3,0,3,0
6564,2187,pixel_transfer,2,0,3,0,3,0
6568,2189,pixel_transfer,2,0,3,0,3,0
6572,2190,pixel_transfer,2,0,3,0,3,0
6576,2191,pixel_transfer,2,0,3,0,3,0
6580,2193,pixel_transfer,2,0,3,0,3,0
6583,2194,pixel_transfer,1,0,0,0,0,0
6584,2194,pixel_transfer,2,0,3,0,3,0
6587,2195,pixel_transfer,1,0,0,0,0,0
6588,2195,pixel_transfer,2,0,3,1,3,0
6591,2196,pixel_transfer,1,0,0,0,0,0
6592,2197,pixel_transfer,2,0,2,0,3,1
6595,2198,pixel_transfer,1,0,0,0,0,0
6596,2198,pixel_transfer,2,0,2,0,2,0
6599,2199,pixel_transfer,1,0,0,0,0,0
6600,2199,pixel_transfer,2,0,2,0,2,0
6603,2200,pixel_transfer,1,0,0,0,0,0
6604,2201,pixel_transfer,2,0,2,0,2,0
6607,2202,pixel_transfer,1,0,0,0,0,0
6608,2202,pixel_transfer,2,0,2,0,2,0
6611,2203,pixel_transfer,1,0,1,0,0,0
6612,2203,pixel_transfer,2,0,2,0,2,0
6615,2204,pixel_transfer,1,0,1,0,1,0
6616,2205,pixel_transfer,2,0,2,0,2,0
6619,2206,pixel_transfer,1,0,1,0,1,0
6620,2206,pixel_transfer,2,0,2,0,2,0
6623,2207,pixel_transfer,1,0,1,0,1,0
6624,2207,pixel_transfer,2,0,2,0,2,0
6627,2208,pixel_transfer,1,0,1,0,1,0
6628,2209,pixel_transfer,2,0,2,0,2,0
6631,2210,pixel_transfer,1,0,1,0,1,0
6632,2210,pixel_transfer,2,2,2,0,2,0
6635,2211,pixel_transfer,1,0,1,0,1,0
6636,2211,pixel_transfer,0,0,2,0,2,0
6639,2212,pixel_transfer,1,0,1,0,1,0
6640,2213,pixel_transfer,0,0,2,0,2,0
6643,2214,pixel_transfer,1,0,1,0,1,0
6644,2214,pixel_transfer,0,0,2,0,2,0
6647,2215,pixel_transfer,1,0,1,0,1,0
6648,2215,pixel_transfer,0,0,2,0,2,0
6651,2216,pixel_transfer,1,0,1,0,1,0
6652,2217,pixel_transfer,0,0,2,0,2,0
6655,2218,pixel_transfer,3,0,1,0,1,0
6656,2218,pixel_transfer,0,0,2,0,2,0
6659,2219,pixel_transfer,3,0,1,0,1,0
6660,2219,pixel_transfer,0,0,2,2,2,0
6663,2220,pixel_transfer,3,0,1,0,1,0
6664,2221,pixel_transfer,0,0,0,0,2,2
6667,2222,line_marker,3,0,1,0,1,0
6671,2223,pixel_transfer,3,0,1,0,1,0
6675,2224,pixel_transfer,3,0,1,0,1,0
6679,2226,pixel_transfer,3,0,1,0,1,0
6683,2227,pixel_transfer,3,0,3,0,1,0
6687,2228,pixel_transfer,3,0,3,0,3,0
6691,2230,pixel_transfer,3,0,3,0,3,0
6695,2231,pixel_transfer,3,0,3,0,3,0
6699,2232,pixel_transfer,3,0,3,0,3,0
6703,2234,pixel_transfer,3,0,3,0,3,0
6707,2235,pixel_transfer,3,1,3,0,3,0
6711,2236,pixel_transfer,2,0,3,0,3,0
6715,2238,pixel_transfer,2,0,3,0,3,0
6719,2239,pixel_transfer,2,0,3,0,3,0
6723,2240,pixel_transfer,2,0,3,0,3,0
6727,2242,pixel_transfer,2,0,3,0,3,0
6730,2243,pixel_transfer,1,0,0,0,0,0
6731,2243,pixel_transfer,2,0,3,0,3,0
6734,2244,pixel_transfer,1,0,0,0,0,0
6735,2244,pixel_transfer,2,0,3,1,3,0
6738,2245,pixel_transfer,1,0,0,0,0,0
6739,2246,pixel_transfer,2,0,2,0,3,1
6742,2247,pixel_transfer,1,0,0,0,0,0
6743,2247,pixel_transfer,2,0,2,0,2,0
6746,2248,pixel_transfer,1,0,0,0,0,0
6747,2248,pixel_transfer,2,0,2,0,2,0
6750,2249,pixel_transfer,1,0,0,0,0,0
6751,2250,pixel_transfer,2,0,2,0,2,0
6754,2251,pixel_transfer,1,0,0,0,0,0
6755,2251,pixel_transfer,2,0,2,0,2,0
6758,2252,pixel_transfer,1,0,1,0,0,0
6759,2252,pixel_transfer,2,0,2,0,2,0
6762,2253,pixel_transfer,1,0,1,0,1,0
6763,2254,pixel_transfer,2,0,2,0,2,0
6766,2255,pixel_transfer,1,0,1,0,1,0
6767,2255,pixel_transfer,2,0,2,0,2,0
6770,2256,pixel_transfer,1,0,1,0,1,0
6771,2256,pixel_transfer,2,0,2,0,2,0
6774,2257,pixel_transfer,1,0,1,0,1,0
6775,2258,pixel_transfer,2,0,2,0,2,0
6778,2259,pixel_transfer,1,0,1,0,1,0
6779,2259,pixel_transfer,2,2,2,0,2,0
6782,2260,pixel_transfer,1,0,1,0,1,0
6783,2260,pixel_transfer,0,0,2,0,2,0
6786,2261,pixel_transfer,1,0,1,0,1,0
6787,2262,pixel_transfer,0,0,2,0,2,0
6790,2263,pixel_transfer,1,0,1,0,1,0
6791,2263,pixel_transfer,0,0,2,0,2,0
6794,2264,pixel_transfer,1,0,1,0,1,0
6795,2264,pixel_transfer,0,0,2,0,2,0
6798,2265,pixel_transfer,1,0,1,0,1,0
6799,2266,pixel_transfer,0,0,2,0,2,0
6802,2267,pixel_transfer,3,0,1,0,1,0
6803,2267,pixel_transfer,0,0,2,0,2,0
6806,2268,pixel_transfer,3,0,1,0,1,0
6807,2268,pixel_transfer,0,0,2,2,2,0
6810,2269,pixel_transfer,3,0,1,0,1,0
6811,2270,pixel_transfer,0,0,0,0,2,2
6814,2271,line_marker,3,0,1,0,1,0
6818,2272,pixel_transfer,3,0,1,0,1,0
6822,2273,pixel_transfer,3,0,1,0,1,0
6826,2275,pixel_transfer,3,0,1,0,1,0
6830,2276,pixel_transfer,3,0,3,0,1,0
6834,2277,pixel_transfer,3,0,3,0,3,0
6838,2279,pixel_transfer,3,0,3,0,3,0
6842,2280,pixel_transfer,3,0,3,0,3,0
6846,2281,pixel_transfer,3,0,3,0,3,0
6850,2283,pixel_transfer,3,0,3,0,3,0
6854,2284,pixel_transfer,3,1,3,0,3,0
6858,2285,pixel_transfer,2,0,3,0,3,0
6862,2287,pixel_transfer,2,0,3,0,3,0
6866,2288,pixel_transfer,2,0,3,0,3,0
6870,2289,pixel_transfer,2,0,3,0,3,0
6874,2291,pixel_transfer,2,0,3,0,3,0
6877,2292,pixel_transfer,1,0,0,0,0,0
6878,2292,pixel_transfer,2,0,3,0,3,0
6881,2293,pixel_transfer,1,0,0,0,0,0
6882,2293,pixel_transfer,2,0,3,1,3,0
6885,2294,pixel_transfer,1,0,0,0,0,0
6886,2295,pixel_transfer,2,0,2,0,3,1
6889,2296,pixel_transfer,1,0,0,0,0,0
6890,2296,pixel_transfer,2,0,2,0,2,0
6893,2297,pixel_transfer,1,0,0,0,0,0
6894,2297,pixel_transfer,2,0,2,0,2,0
6897,2298,pixel_transfer,1,0,0,0,0,0
6898,2299,pixel_transfer,2,0,2,0,2,0
6901,2300,pixel_transfer,1,0,0,0,0,0
6902,2300,pixel_transfer,2,0,2,0,2,0
6905,2301,pixel_transfer,1,0,1,0,0,0
6906,2301,pixel_transfer,2,0,2,0,2,0
6909,2302,pixel_transfer,1,0,1,0,1,0
6910,2303,pixel_transfer,2,0,2,0,2,0
6913,2304,pixel_transfer,1,0,1,0,1,0
6914,2304,pixel_transfer,2,0,2,0,2,0
6917,2305,pixel_transfer,1,0,1,0,1,0
6918,2305,pixel_transfer,2,0,2,0,2,0
6921,2306,pixel_transfer,1,0,1,0,1,0
6922,2307,pixel_transfer,2,0,2,0,2,0
6925,2308,pixel_transfer,1,0,1,0,1,0
6926,2308,pixel_transfer,2,2,2,0,2,0
6929,2309,pixel_transfer,1,0,1,0,1,0
6930,2309,pixel_transfer,0,0,2,0,2,0
6933,2310,pixel_transfer,1,0,1,0,1,0
6934,2311,pixel_transfer,0,0,2,0,2,0
6937,2312,pixel_transfer,1,0,1,0,1,0
6938,2312,pixel_transfer,0,0,2,0,2,0
6941,2313,pixel_transfer,1,0,1,0,1,0
6942,2313,pixel_transfer,0,0,2,0,2,0
6945,2314,pixel_transfer,1,0,1,0,1,0
6946,2315,pixel_transfer,0,0,2,0,2,0
6949,2316,pixel_transfer,3,0,1,0,1,0
6950,2316,pixel_transfer,0,0,2,0,2,0
6953,2317,pixel_transfer,3,0,1,0,1,0
6954,2317,pixel_transfer,0,0,2,2,2,0
6957,2318,pixel_transfer,3,0,1,0,1,0
6958,2319,pixel_transfer,0,0,0,0,2,2
6961,2320,line_marker,3,0,1,0,1,0
6965,2321,pixel_transfer,3,0,1,0,1,0
6969,2322,pixel_transfer,3,0,1,0,1,0
6973,2324,pixel_transfer,3,0,1,0,1,0
6977,2325,pixel_transfer,3,0,3,0,1,0
6981,2326,pixel_transfer,3,0,3,0,3,0
6985,2328,pixel_transfer,3,0,3,0,3,0
6989,2329,pixel_transfer,3,0,3,0,3,0
6993,2330,pixel_transfer,3,0,3,0,3,0
6997,2332,pixel_transfer,3,0,3,0,3,0
7001,2333,pixel_transfer,3,1,3,0,3,0
7005,2334,pixel_transfer,2,0,3,0,3,0
7009,2336,pixel_transfer,2,0,3,0,3,0
7013,2337,pixel_transfer,2,0,3,0,3,0
7017,2338,pixel_transfer,2,0,3,0,3,0
7021,2340,pixel_transfer,2,0,3,0,3,0
7024,2341,pixel_transfer,1,0,0,0,0,0
7025,2341,pixel_transfer,2,0,3,0,3,0
7028,2342,pixel_transfer,1,0,0,0,0,0
7029,2342,pixel_transfer,2,0,3,1,3,0
7032,2343,pixel_transfer,1,0,0,0,0,0
7033,2344,pixel_transfer,2,0,2,0,3,1
7036,2345,pixel_transfer,1,0,0,0,0,0
7037,2345,pixel_transfer,2,0,2,0,2,0
7040,2346,pixel_transfer,1,0,0,0,0,0
7041,2346,pixel_transfer,2,0,2,0,2,0
7044,2347,pixel_transfer,1,0,0,0,0,0
7045,2348,pixel_transfer,2,0,2,0,2,0
7048,2349,pixel_transfer,1,0,0,0,0,0
7049,2349,pixel_transfer,2,0,2,0,2,0
7052,2350,pixel_transfer,1,0,1,0,0,0
7053,2350,pixel_transfer,2,0,2,0,2,0
7056,2351,pixel_transfer,1,0,1,0,1,0
7057,2352,pixel_transfer,2,0,2,0,2,0
7060,2353,pixel_transfer,1,0,1,0,1,0
7061,2353,pixel_transfer,2,0,2,0,2,0
7064,2354,pixel_transfer,1,0,1,0,1,0
7065,2354,pixel_transfer,2,0,2,0,2,0
7068,2355,pixel_transfer,1,0,1,0,1,0
7069,2356,pixel_transfer,2,0,2,0,2,0
7072,2357,pixel_transfer,1,0,1,0,1,0
7073,2357,pixel_transfer,2,2,2,0,2,0
7076,2358,pixel_transfer,1,0,1,0,1,0
7077,2358,pixel_transfer,0,0,2,0,2,0
7080,2359,pixel_transfer,1,0,1,0,1,0
7081,2360,pixel_transfer,0,0,2,0,2,0
7084,2361,pixel_transfer,1,0,1,0,1,0
7085,2361,pixel_transfer,0,0,2,0,2,0
7088,2362,pixel_transfer,1,0,1,0,1,0
7089,2362,pixel_transfer,0,0,2,0,2,0
7092,2363,pixel_transfer,1,0,1,0,1,0
7093,2364,pixel_transfer,0,0,2,0,2,0
7096,2365,pixel_transfer,3,0,1,0,1,0
7097,2365,pixel_transfer,0,0,2,0,2,0
7100,2366,pixel_transfer,3,0,1,0,1,0
7101,2366,pixel_transfer,0,0,2,2,2,0
7104,2367,pixel_transfer,3,0,1,0,1,0
7105,2368,pixel_transfer,0,0,0,0,2,2
7108,2369,line_marker,3,0,1,0,1,0
7112,2370,pixel_transfer,3,0,1,0,1,0
7116,2371,pixel_transfer,3,0,1,0,1,0
7120,2373,pixel_transfer,3,0,1,0,1,0
7124,2374,pixel_transfer,3,0,3,0,1,0
7128,2375,pixel_transfer,3,0,3,0,3,0
7132,2377,pixel_transfer,3,0,3,0,3,0
7136,2378,pixel_transfer,3,0,3,0,3,0
7140,2379,pixel_transfer,3,0,3,0,3,0
7144,2381,pixel_transfer,3,0,3,0,3,0
7148,2382,pixel_transfer,3,1,3,0,3,0
7152,2383,pixel_transfer,2,0,3,0,3,0
7156,2385,pixel_transfer,2,0,3,0,3,0
7160,2386,pixel_transfer,2,0,3,0,3,0
7164,2387,pixel_transfer,2,0,3,0,3,0
7168,2389,pixel_transfer,2,0,3,0,3,0
7171,2390,pixel_transfer,1,0,0,0,0,0
7172,2390,pixel_transfer,2,0,3,0,3,0
7175,2391,pixel_transfer,1,0,0,0,0,0
7176,2391,pixel_transfer,2,0,3,1,3,0
7179,2392,pixel_transfer,1,0,0,0,0,0
7180,2393,pixel_transfer,2,0,2,0,3,1
7183,2394,pixel_transfer,1,0,0,0,0,0
7184,2394,pixel_transfer,2,0,2,0,2,0
7187,2395,pixel_transfer,1,0,0,0,0,0
7188,2395,pixel_transfer,2,0,2,0,2,0
7191,2396,pixel_transfer,1,0,0,0,0,0
7192,2397,pixel_transfer,2,0,2,0,2,0
7195,2398,pixel_transfer,1,0,0,0,0,0
7196,2398,pixel_transfer,2,0,2,0,2,0
7199,2399,pixel_transfer,1,0,1,0,0,0
7200,2399,pixel_transfer,2,0,2,0,2,0
7203,2400,pixel_transfer,1,0,1,0,1,0
7204,2401,pixel_transfer,2,0,2,0,2,0
7207,2402,pixel_transfer,1,0,1,0,1,0
7208,2402,pixel_transfer,2,0,2,0,2,0
7211,2403,pixel_transfer,1,0,1,0,1,0
7212,2403,pixel_transfer,2,0,2,0,2,0
7215,2404,pixel_transfer,1,0,1,0,1,0
7216,2405,pixel_transfer,2,0,2,0,2,0
7219,2406,pixel_transfer,1,0,1,0,1,0
7220,2406,pixel_transfer,2,2,2,0,2,0
7223,2407,pixel_transfer,1,0,1,0,1,0
7224,2407,pixel_transfer,0,0,2,0,2,0
7227,2408,pixel_transfer,1,0,1,0,1,0
7228,2409,pixel_transfer,0,0,2,0,2,0
7231,2410,pixel_transfer,1,0,1,0,1,0
7232,2410,pixel_transfer,0,0,2,0,2,0
7235,2411,pixel_transfer,1,0,1,0,1,0
7236,2411,pixel_transfer,0,0,2,0,2,0
7239,2412,pixel_transfer,1,0,1,0,1,0
7240,2413,pixel_transfer,0,0,2,0,2,0
7243,2414,pixel_transfer,3,0,1,0,1,0
7244,2414,pixel_transfer,0,0,2,0,2,0
7247,2415,pixel_transfer,3,0,1,0,1,0
7248,2415,pixel_transfer,0,0,2,2,2,0
7251,2416,pixel_transfer,3,0,1,0,1,0
7252,2417,pixel_transfer,0,0,0,0,2,2
7255,2418,line_marker,3,0,1,0,1,0
7259,2419,pixel_transfer,3,0,1,0,1,0
7263,2420,pixel_transfer,3,0,1,0,1,0
7267,2422,pixel_transfer,3,0,1,0,1,0
7271,2423,pixel_transfer,3,0,3,0,1,0
7275,2424,pixel_transfer,3,0,3,0,3,0
7279,2426,pixel_transfer,3,0,3,0,3,0
7283,2427,pixel_transfer,3,0,3,0,3,0
7287,2428,pixel_transfer,3,0,3,0,3,0
7291,2430,pixel_transfer,3,0,3,0,3,0
7295,2431,pixel_transfer,3,1,3,0,3,0
7299,2432,pixel_transfer,2,0,3,0,3,0
7303,2434,pixel_transfer,2,0,3,0,3,0
7307,2435,pixel_transfer,2,0,3,0,3,0
7311,2436,pixel_transfer,2,0,3,0,3,0
7315,2438,pixel_transfer,2,0,3,0,3,0
7318,2439,pixel_transfer,1,0,0,0,0,0
7319,2439,pixel_transfer,2,0,3,0,3,0
7322,2440,pixel_transfer,1,0,0,0,0,0
7323,2440,pixel_transfer,2,0,3,1,3,0
7326,2441,pixel_transfer,1,0,0,0,0,0
7327,2442,pixel_transfer,2,0,2,0,3,1
7330,2443,pixel_transfer,1,0,0,0,0,0
7331,2443,pixel_transfer,2,0,2,0,2,0
7334,2444,pixel_transfer,1,0,0,0,0,0
7335,2444,pixel_transfer,2,0,2,0,2,0
7338,2445,pixel_transfer,1,0,0,0,0,0
7339,2446,pixel_transfer,2,0,2,0,2,0
7342,2447,pixel_transfer,1,0,0,0,0,0
7343,2447,pixel_transfer,2,0,2,0,2,0
7346,2448,pixel_transfer,1,0,1,0,0,0
7347,2448,pixel_transfer,2,0,2,0,2,0
7350,2449,pixel_transfer,1,0,1,0,1,0
7351,2450,pixel_transfer,2,0,2,0,2,0
7354,2451,pixel_transfer,1,0,1,0,1,0
7355,2451,pixel_transfer,2,0,2,0,2,0
7358,2452,pixel_transfer,1,0,1,0,1,0
7359,2452,pixel_transfer,2,0,2,0,2,0
7362,2453,pixel_transfer,1,0,1,0,1,0
7363,2454,pixel_transfer,2,0,2,0,2,0
7366,2455,pixel_transfer,1,0,1,0,1,0
7367,2455,pixel_transfer,2,2,2,0,2,0
7370,2456,pixel_transfer,1,0,1,0,1,0
7371,2456,pixel_transfer,0,0,2,0,2,0
7374,2457,pixel_transfer,1,0,1,0,1,0
7375,2458,pixel_transfer,0,0,2,0,2,0
7378,2459,pixel_transfer,1,0,1,0,1,0
7379,2459,pixel_transfer,0,0,2,0,2,0
7382,2460,pixel_transfer,1,0,1,0,1,0
7383,2460,pixel_transfer,0,0,2,0,2,0
7386,2461,pixel_transfer,1,0,1,0,1,0
7387,2462,pixel_transfer,0,0,2,0,2,0
7390,2463,pixel_transfer,3,0,1,0,1,0
7391,2463,pixel_transfer,0,0,2,0,2,0
7394,2464,pixel_transfer,3,0,1,0,1,0
7395,2464,pixel_transfer,0,0,2,2,2,0
7398,2465,pixel_transfer,3,0,1,0,1,0
7399,2466,pixel_transfer,0,0,0,0,2,2
7402,2467,line_marker,3,0,1,0,1,0
7406,2468,pixel_transfer,3,0,1,0,1,0
7410,2469,pixel_transfer,3,0,1,0,1,0
7414,2471,pixel_transfer,3,0,1,0,1,0
7418,2472,pixel_transfer,3,0,3,0,1,0
7422,2473,pixel_transfer,3,0,3,0,3,0
7426,2475,pixel_transfer,3,0,3,0,3,0
7430,2476,pixel_transfer,3,0,3,0,3,0
7434,2477,pixel_transfer,3,0,3,0,3,0
7438,2479,pixel_transfer,3,0,3,0,3,0
7442,2480,pixel_transfer,3,1,3,0,3,0
7446,2481,pixel_transfer,2,0,3,0,3,0
7450,2483,pixel_transfer,2,0,3,0,3,0
7454,2484,pixel_transfer,2,0,3,0,3,0
7458,2485,pixel_transfer,2,0,3,0,3,0
7462,2487,pixel_transfer,2,0,3,0,3,0
7465,2488,pixel_transfer,1,0,0,0,0,0
7466,2488,pixel_transfer,2,0,3,0,3,0
7469,2489,pixel_transfer,1,0,0,0,0,0
7470,2489,pixel_transfer,2,0,3,1,3,0
7473,2490,pixel_transfer,1,0,0,0,0,0
7474,2491,pixel_transfer,2,0,2,0,3,1
7477,2492,pixel_transfer,1,0,0,0,0,0
7478,2492,pixel_transfer,2,0,2,0,2,0
7481,2493,pixel_transfer,1,0,0,0,0,0
7482,2493,pixel_transfer,2,0,2,0,2,0
7485,2494,pixel_transfer,1,0,0,0,0,0
7486,2495,pixel_transfer,2,0,2,0,2,0
7489,2496,pixel_transfer,1,0,0,0,0,0
7490,2496,pixel_transfer,2,0,2,0,2,0
7493,2497,pixel_transfer,1,0,1,0,0,0
7494,2497,pixel_transfer,2,0,2,0,2,0
7497,2498,pixel_transfer,1,0,1,0,1,0
7498,2499,pixel_transfer,2,0,2,0,2,0
7501,2500,pixel_transfer,1,0,1,0,1,0
7502,2500,pixel_transfer,2,0,2,0,2,0
7505,2501,pixel_transfer,1,0,1,0,1,0
7506,2501,pixel_transfer,2,0,2,0,2,0
7509,2502,pixel_transfer,1,0,1,0,1,0
7510,2503,pixel_transfer,2,0,2,0,2,0
7513,2504,pixel_transfer,1,0,1,0,1,0
7514,2504,pixel_transfer,2,2,2,0,2,0
7517,2505,pixel_transfer,1,0,1,0,1,0
7518,2505,pixel_transfer,0,0,2,0,2,0
7521,2506,pixel_transfer,1,0,1,0,1,0
7522,2507,pixel_transfer,0,0,2,0,2,0
7525,2508,pixel_transfer,1,0,1,0,1,0
7526,2508,pixel_transfer,0,0,2,0,2,0
7529,2509,pixel_transfer,1,0,1,0,1,0
7530,2509,pixel_transfer,0,0,2,0,2,0
7533,2510,pixel_transfer,1,0,1,0,1,0
7534,2511,pixel_transfer,0,0,2,0,2,0
7537,2512,pixel_transfer,3,0,1,0,1,0
7538,2512,pixel_transfer,0,0,2,0,2,0
7541,2513,pixel_transfer,3,0,1,0,1,0
7542,2513,pixel_transfer,0,0,2,2,2,0
7545,2514,pixel_transfer,3,0,1,0,1,0
7546,2515,pixel_transfer,0,0,0,0,2,2
7549,2516,line_marker,3,0,1,0,1,0
7553,2517,pixel_transfer,3,0,1,0,1,0
7557,2518,pixel_transfer,3,0,1,0,1,0
7561,2520,pixel_transfer,3,0,1,0,1,0
7565,2521,pixel_transfer,3,0,3,0,1,0
7569,2522,pixel_transfer,3,0,3,0,3,0
7573,2524,pixel_transfer,3,0,3,0,3,0
7577,2525,pixel_transfer,3,0,3,0,3,0
7581,2526,pixel_transfer,3,0,3,0,3,0
7585,2528,pixel_transfer,3,0,3,0,3,0
7589,2529,pixel_transfer,3,1,3,0,3,0
7593,2530,pixel_transfer,2,0,3,0,3,0
7597,2532,pixel_transfer,2,0,3,0,3,0
7601,2533,pixel_transfer,2,0,3,0,3,0
7605,2534,pixel_transfer,2,0,3,0,3,0
7609,2536,pixel_transfer,2,0,3,0,3,0
7612,2537,pixel_transfer,1,0,0,0,0,0
7613,2537,pixel_transfer,2,0,3,0,3,0
7616,2538,pixel_transfer,1,0,0,0,0,0
7617,2538,pixel_transfer,2,0,3,1,3,0
7620,2539,pixel_transfer,1,0,0,0,0,0
7621,2540,pixel_transfer,2,0,2,0,3,1
7624,2541,pixel_transfer,1,0,0,0,0,0
7625,2541,pixel_transfer,2,0,2,0,2,0
7628,2542,pixel_transfer,1,0,0,0,0,0
7629,2542,pixel_transfer,2,0,2,0,2,0
7632,2543,pixel_transfer,1,0,0,0,0,0
7633,2544,pixel_transfer,2,0,2,0,2,0
7636,2545,pixel_transfer,1,0,0,0,0,0
7637,2545,pixel_transfer,2,0,2,0,2,0
7640,2546,pixel_transfer,1,0,1,0,0,0
7641,2546,pixel_transfer,2,0,2,0,2,0
7644,2547,pixel_transfer,1,0,1,0,1,0
7645,2548,pixel_transfer,2,0,2,0,2,0
7648,2549,pixel_transfer,1,0,1,0,1,0
7649,2549,pixel_transfer,2,0,2,0,2,0
7652,2550,pixel_transfer,1,0,1,0,1,0
7653,2550,pixel_transfer,2,0,2,0,2,0
7656,2551,pixel_transfer,1,0,1,0,1,0
7657,2552,pixel_transfer,2,0,2,0,2,0
7660,2553,pixel_transfer,1,0,1,0,1,0
7661,2553,pixel_transfer,2,2,2,0,2,0
7664,2554,pixel_transfer,1,0,1,0,1,0
7665,2554,pixel_transfer,0,0,2,0,2,0
7668,2555,pixel_transfer,1,0,1,0,1,0
7669,2556,pixel_transfer,0,0,2,0,2,0
7672,2557,pixel_transfer,1,0,1,0,1,0
7673,2557,pixel_transfer,0,0,2,0,2,0
7676,2558,pixel_transfer,1,0,1,0,1,0
7677,2558,pixel_transfer,0,0,2,0,2,0
7680,2559,pixel_transfer,1,0,1,0,1,0
7681,2560,pixel_transfer,0,0,2,0,2,0
7684,2561,pixel_transfer,3,0,1,0,1,0
7685,2561,pixel_transfer,0,0,2,0,2,0
7688,2562,pixel_transfer,3,0,1,0,1,0
7689,2562,pixel_transfer,0,0,2,2,2,0
7692,2563,pixel_transfer,3,0,1,0,1,0
7693,2564,pixel_transfer,0,0,0,0,2,2
7696,2565,line_marker,3,0,1,0,1,0
7700,2566,pixel_transfer,3,0,1,0,1,0
7704,2567,pixel_transfer,3,0,1,0,1,0
7708,2569,pixel_transfer,3,0,1,0,1,0
7712,2570,pixel_transfer,3,0,3,0,1,0
7716,2571,pixel_transfer,3,0,3,0,3,0
7720,2573,pixel_transfer,3,0,3,0,3,0
7724,2574,pixel_transfer,3,0,3,0,3,0
7728,2575,pixel_transfer,3,0,3,0,3,0
7732,2577,pixel_transfer,3,0,3,0,3,0
7736,2578,pixel_transfer,3,1,3,0,3,0
7740,2579,pixel_transfer,2,0,3,0,3,0
7744,2581,pixel_transfer,2,0,3,0,3,0
7748,2582,pixel_transfer,2,0,3,0,3,0
7752,2583,pixel_transfer,2,0,3,0,3,0
7756,2585,pixel_transfer,2,0,3,0,3,0
7759,2586,pixel_transfer,1,0,0,0,0,0
7760,2586,pixel_transfer,2,0,3,0,3,0
7763,2587,pixel_transfer,1,0,0,0,0,0
7764,2587,pixel_transfer,2,0,3,1,3,0
7767,2588,pixel_transfer,1,0,0,0,0,0
7768,2589,pixel_transfer,2,0,2,0,3,1
7771,2590,pixel_transfer,1,0,0,0,0,0
7772,2590,pixel_transfer,2,0,2,0,2,0
7775,2591,pixel_transfer,1,0,0,0,0,0
7776,2591,pixel_transfer,2,0,2,0,2,0
7779,2592,pixel_transfer,1,0,0,0,0,0
7780,2593,pixel_transfer,2,0,2,0,2,0
7783,2594,pixel_transfer,1,0,0,0,0,0
7784,2594,pixel_transfer,2,0,2,0,2,0
7787,2595,pixel_transfer,1,0,1,0,0,0
7788,2595,pixel_transfer,2,0,2,0,2,0
7791,2596,pixel_transfer,1,0,1,0,1,0
7792,2597,pixel_transfer,2,0,2,0,2,0
7795,2598,pixel_transfer,1,0,1,0,1,0
7796,2598,pixel_transfer,2,0,2,0,2,0
7799,2599,pixel_transfer,1,0,1,0,1,0
7800,2599,pixel_transfer,2,0,2,0,2,0
7803,2600,pixel_transfer,1,0,1,0,1,0
7804,2601,pixel_transfer,2,0,2,0,2,0
7807,2602,pixel_transfer,1,0,1,0,1,0
7808,2602,pixel_transfer,2,2,2,0,2,0
7811,2603,pixel_transfer,1,0,1,0,1,0
7812,2603,pixel_transfer,0,0,2,0,2,0
7815,2604,pixel_transfer,1,0,1,0,1,0
7816,2605,pixel_transfer,0,0,2,0,2,0
7819,2606,pixel_transfer,1,0,1,0,1,0
7820,2606,pixel_transfer,0,0,2,0,2,0
7823,2607,pixel_transfer,1,0,1,0,1,0
7824,2607,pixel_transfer,0,0,2,0,2,0
7827,2608,pixel_transfer,1,0,1,0,1,0
7828,2609,pixel_transfer,0,0,2,0,2,0
7831,2610,pixel_transfer,3,0,1,0,1,0
7832,2610,pixel_transfer,0,0,2,0,2,0
7835,2611,pixel_transfer,3,0,1,0,1,0
7836,2611,pixel_transfer,0,0,2,2,2,0
7839,2612,pixel_transfer,3,0,1,0,1,0
7840,2613,pixel_transfer,0,0,0,0,2,2
7843,2614,line_marker,3,0,1,0,1,0
7847,2615,pixel_transfer,3,0,1,0,1,0
7851,2616,pixel_transfer,3,0,1,0,1,0
7855,2618,pixel_transfer,3,0,1,0,1,0
7859,2619,pixel_transfer,3,0,3,0,1,0
7863,2620,pixel_transfer,3,0,3,0,3,0
7867,2622,pixel_transfer,3,0,3,0,3,0
7871,2623,pixel_transfer,3,0,3,0,3,0
7875,2624,pixel_transfer,3,0,3,0,3,0
7879,2626,pixel_transfer,3,0,3,0,3,0
7883,2627,pixel_transfer,3,1,3,0,3,0
7887,2628,pixel_transfer,2,0,3,0,3,0
7891,2630,pixel_transfer,2,0,3,0,3,0
7895,2631,pixel_transfer,2,0,3,0,3,0
7899,2632,pixel_transfer,2,0,3,0,3,0
7903,2634,pixel_transfer,2,0,3,0,3,0
7906,2635,pixel_transfer,1,0,0,0,0,0
7907,2635,pixel_transfer,2,0,3,0,3,0
7910,2636,pixel_transfer,1,0,0,0,0,0
7911,2636,pixel_transfer,2,0,3,1,3,0
7914,2637,pixel_transfer,1,0,0,0,0,0
7915,2638,pixel_transfer,2,0,2,0,3,1
7918,2639,pixel_transfer,1,0,0,0,0,0
7919,2639,pixel_transfer,2,0,2,0,2,0
7922,2640,pixel_transfer,1,0,0,0,0,0
7923,2640,pixel_transfer,2,0,2,0,2,0
7926,2641,pixel_transfer,1,0,0,0,0,0
7927,2642,pixel_transfer,2,0,2,0,2,0
7930,2643,pixel_transfer,1,0,0,0,0,0
7931,2643,pixel_transfer,2,0,2,0,2,0
7934,2644,pixel_transfer,1,0,1,0,0,0
7935,2644,pixel_transfer,2,0,2,0,2,0
7938,2645,pixel_transfer,1,0,1,0,1,0
7939,2646,pixel_transfer,2,0,2,0,2,0
7942,2647,pixel_transfer,1,0,1,0,1,0
7943,2647,pixel_transfer,2,0,2,0,2,0
7946,2648,pixel_transfer,1,0,1,0,1,0
7947,2648,pixel_transfer,2,0,2,0,2,0
7950,2649,pixel_transfer,1,0,1,0,1,0
7951,2650,pixel_transfer,2,0,2,0,2,0
7954,2651,pixel_transfer,1,0,1,0,1,0
7955,2651,pixel_transfer,2,2,2,0,2,0
7958,2652,pixel_transfer,1,0,1,0,1,0
7959,2652,pixel_transfer,0,0,2,0,2,0
7962,2653,pixel_transfer,1,0,1,0,1,0
7963,2654,pixel_transfer,0,0,2,0,2,0
7966,2655,pixel_transfer,1,0,1,0,1,0
7967,2655,pixel_transfer,0,0,2,0,2,0
7970,2656,pixel_transfer,1,0,1,0,1,0
7971,2656,pixel_transfer,0,0,2,0,2,0
7974,2657,pixel_transfer,1,0,1,0,1,0
7975,2658,pixel_transfer,0,0,2,0,2,0
7978,2659,pixel_transfer,3,0,1,0,1,0
7979,2659,pixel_transfer,0,0,2,0,2,0
7982,2660,pixel_transfer,3,0,1,0,1,0
7983,2660,pixel_transfer,0,0,2,2,2,0
7986,2661,pixel_transfer,3,0,1,0,1,0
7987,2662,pixel_transfer,0,0,0,0,2,2
7990,2663,line_marker,3,0,1,0,1,0
7994,2664,pixel_transfer,3,0,1,0,1,0
7998,2665,pixel_transfer,3,0,1,0,1,0
8002,2667,pixel_transfer,3,0,1,0,1,0
8006,2668,pixel_transfer,3,0,3,0,1,0
8010,2669,pixel_transfer,3,0,3,0,3,0
8014,2671,pixel_transfer,3,0,3,0,3,0
8018,2672,pixel_transfer,3,0,3,0,3,0
8022,2673,pixel_transfer,3,0,3,0,3,0
8026,2675,pixel_transfer,3,0,3,0,3,0
8030,2676,pixel_transfer,3,1,3,0,3,0
8034,2677,pixel_transfer,2,0,3,0,3,0
8038,2679,pixel_transfer,2,0,3,0,3,0
8042,2680,pixel_transfer,2,0,3,0,3,0
8046,2681,pixel_transfer,2,0,3,0,3,0
8050,2683,pixel_transfer,2,0,3,0,3,0
8053,2684,pixel_transfer,1,0,0,0,0,0
8054,2684,pixel_transfer,2,0,3,0,3,0
8057,2685,pixel_transfer,1,0,0,0,0,0
8058,2685,pixel_transfer,2,0,3,1,3,0
8061,2686,pixel_transfer,1,0,0,0,0,0
8062,2687,pixel_transfer,2,0,2,0,3,1
8065,2688,pixel_transfer,1,0,0,0,0,0
8066,2688,pixel_transfer,2,0,2,0,2,0
8069,2689,pixel_transfer,1,0,0,0,0,0
8070,2689,pixel_transfer,2,0,2,0,2,0
8073,2690,pixel_transfer,1,0,0,0,0,0
8074,2691,pixel_transfer,2,0,2,0,2,0
8077,2692,pixel_transfer,1,0,0,0,0,0
8078,2692,pixel_transfer,2,0,2,0,2,0
8081,2693,pixel_transfer,1,0,1,0,0,0
8082,2693,pixel_transfer,2,0,2,0,2,0
8085,2694,pixel_transfer,1,0,1,0,1,0
8086,2695,pixel_transfer,2,0,2,0,2,0
8089,2696,pixel_transfer,1,0,1,0,1,0
8090,2696,pixel_transfer,2,0,2,0,2,0
8093,2697,pixel_transfer,1,0,1,0,1,0
8094,2697,pixel_transfer,2,0,2,0,2,0
8097,2698,pixel_transfer,1,0,1,0,1,0
8098,2699,pixel_transfer,2,0,2,0,2,0
8101,2700,pixel_transfer,1,0,1,0,1,0
8102,2700,pixel_transfer,2,2,2,0,2,0
8105,2701,pixel_transfer,1,0,1,0,1,0
8106,2701,pixel_transfer,0,0,2,0,2,0
8109,2702,pixel_transfer,1,0,1,0,1,0
8110,2703,pixel_transfer,0,0,2,0,2,0
8113,2704,pixel_transfer,1,0,1,0,1,0
8114,2704,pixel_transfer,0,0,2,0,2,0
8117,2705,pixel_transfer,1,0,1,0,1,0
8118,2705,pixel_transfer,0,0,2,0,2,0
8121,2706,pixel_transfer,1,0,1,0,1,0
8122,2707,pixel_transfer,0,0,2,0,2,0
8125,2708,pixel_transfer,3,0,1,0,1,0
8126,2708,pixel_transfer,0,0,2,0,2,0
8129,2709,pixel_transfer,3,0,1,0,1,0
8130,2709,pixel_transfer,0,0,2,2,2,0
8133,2710,pixel_transfer,3,0,1,0,1,0
8134,2711,pixel_transfer,0,0,0,0,2,2
8137,2712,line_marker,3,0,1,0,1,0
8141,2713,pixel_transfer,3,0,1,0,1,0
8145,2714,pixel_transfer,3,0,1,0,1,0
8149,2716,pixel_transfer,3,0,1,0,1,0
8153,2717,pixel_transfer,3,0,3,0,1,0
8157,2718,pixel_transfer,3,0,3,0,3,0
8161,2720,pixel_transfer,3,0,3,0,3,0
8165,2721,pixel_transfer,3,0,3,0,3,0
8169,2722,pixel_transfer,3,0,3,0,3,0
8173,2724,pixel_transfer,3,0,3,0,3,0
8177,2725,pixel_transfer,3,1,3,0,3,0
8181,2726,pixel_transfer,2,0,3,0,3,0
8185,2728,pixel_transfer,2,0,3,0,3,0
8189,2729,pixel_transfer,2,0,3,0,3,0
8193,2730,pixel_transfer,2,0,3,0,3,0
8197,2732,pixel_transfer,2,0,3,0,3,0
8200,2733,pixel_transfer,1,0,0,0,0,0
8201,2733,pixel_transfer,2,0,3,0,3,0
8204,2734,pixel_transfer,1,0,0,0,0,0
8205,2734,pixel_transfer,2,0,3,1,3,0
8208,2735,pixel_transfer,1,0,0,0,0,0
8209,2736,pixel_transfer,2,0,2,0,3,1
8212,2737,pixel_transfer,1,0,0,0,0,0
8213,2737,pixel_transfer,2,0,2,0,2,0
8216,2738,pixel_transfer,1,0,0,0,0,0
8217,2738,pixel_transfer,2,0,2,0,2,0
8220,2739,pixel_transfer,1,0,0,0,0,0
8221,2740,pixel_transfer,2,0,2,0,2,0
8224,2741,pixel_transfer,1,0,0,0,0,0
8225,2741,pixel_transfer,2,0,2,0,2,0
8228,2742,pixel_transfer,1,0,1,0,0,0
8229,2742,pixel_transfer,2,0,2,0,2,0
8232,2743,pixel_transfer,1,0,1,0,1,0
8233,2744,pixel_transfer,2,0,2,0,2,0
8236,2745,pixel_transfer,1,0,1,0,1,0
8237,2745,pixel_transfer,2,0,2,0,2,0
8240,2746,pixel_transfer,1,0,1,0,1,0
8241,2746,pixel_transfer,2,0,2,0,2,0
8244,2747,pixel_transfer,1,0,1,0,1,0
8245,2748,pixel_transfer,2,0,2,0,2,0
8248,2749,pixel_transfer,1,0,1,0,1,0
8249,2749,pixel_transfer,2,2,2,0,2,0
8252,2750,pixel_transfer,1,0,1,0,1,0
8253,2750,pixel_transfer,0,0,2,0,2,0
8256,2751,pixel_transfer,1,0,1,0,1,0
8257,2752,pixel_transfer,0,0,2,0,2,0
8260,2753,pixel_transfer,1,0,1,0,1,0
8261,2753,pixel_transfer,0,0,2,0,2,0
8264,2754,pixel_transfer,1,0,1,0,1,0
8265,2754,pixel_transfer,0,0,2,0,2,0
8268,2755,pixel_transfer,1,0,1,0,1,0
8269,2756,pixel_transfer,0,0,2,0,2,0
8272,2757,pixel_transfer,3,0,1,0,1,0
8273,2757,pixel_transfer,0,0,2,0,2,0
8276,2758,pixel_transfer,3,0,1,0,1,0
8277,2758,pixel_transfer,0,0,2,2,2,0
8280,2759,pixel_transfer,3,0,1,0,1,0
8281,2760,pixel_transfer,0,0,0,0,2,2
8284,2761,line_marker,3,0,1,0,1,0
8288,2762,pixel_transfer,3,0,1,0,1,0
8292,2763,pixel_transfer,3,0,1,0,1,0
8296,2765,pixel_transfer,3,0,1,0,1,0
8300,2766,pixel_transfer,3,0,3,0,1,0
8304,2767,pixel_transfer,3,0,3,0,3,0
8308,2769,pixel_transfer,3,0,3,0,3,0
8312,2770,pixel_transfer,3,0,3,0,3,0
8316,2771,pixel_transfer,3,0,3,0,3,0
8320,2773,pixel_transfer,3,0,3,0,3,0
8324,2774,pixel_transfer,3,1,3,0,3,0
8328,2775,pixel_transfer,2,0,3,0,3,0
8332,2777,pixel_transfer,2,0,3,0,3,0
8336,2778,pixel_transfer,2,0,3,0,3,0
8340,2779,pixel_transfer,2,0,3,0,3,0
8344,2781,pixel_transfer,2,0,3,0,3,0
8347,2782,pixel_transfer,1,0,0,0,0,0
8348,2782,pixel_transfer,2,0,3,0,3,0
8351,2783,pixel_transfer,1,0,0,0,0,0
8352,2783,pixel_transfer,2,0,3,1,3,0
8355,2784,pixel_transfer,1,0,0,0,0,0
8356,2785,pixel_transfer,2,0,2,0,3,1
8359,2786,pixel_transfer,1,0,0,0,0,0
8360,2786,pixel_transfer,2,0,2,0,2,0
8363,2787,pixel_transfer,1,0,0,0,0,0
8364,2787,pixel_transfer,2,0,2,0,2,0
8367,2788,pixel_transfer,1,0,0,0,0,0
8368,2789,pixel_transfer,2,0,2,0,2,0
8371,2790,pixel_transfer,1,0,0,0,0,0
8372,2790,pixel_transfer,2,0,2,0,2,0
8375,2791,pixel_transfer,1,0,1,0,0,0
8376,2791,pixel_transfer,2,0,2,0,2,0
8379,2792,pixel_transfer,1,0,1,0,1,0
8380,2793,pixel_transfer,2,0,2,0,2,0
8383,2794,pixel_transfer,1,0,1,0,1,0
8384,2794,pixel_transfer,2,0,2,0,2,0
8387,2795,pixel_transfer,1,0,1,0,1,0
8388,2795,pixel_transfer,2,0,2,0,2,0
8391,2796,pixel_transfer,1,0,1,0,1,0
8392,2797,pixel_transfer,2,0,2,0,2,0
8395,2798,pixel_transfer,1,0,1,0,1,0
8396,2798,pixel_transfer,2,2,2,0,2,0
8399,2799,pixel_transfer,1,0,1,0,1,0
8400,2799,pixel_transfer,0,0,2,0,2,0
8403,2800,pixel_transfer,1,0,1,0,1,0
8404,2801,pixel_transfer,0,0,2,0,2,0
8407,2802,pixel_transfer,1,0,1,0,1,0
8408,2802,pixel_transfer,0,0,2,0,2,0
8411,2803,pixel_transfer,1,0,1,0,1,0
8412,2803,pixel_transfer,0,0,2,0,2,0
8415,2804,pixel_transfer,1,0,1,0,1,0
8416,2805,pixel_transfer,0,0,2,0,2,0
8419,2806,pixel_transfer,3,0,1,0,1,0
8420,2806,pixel_transfer,0,0,2,0,2,0
8423,2807,pixel_transfer,3,0,1,0,1,0
8424,2807,pixel_transfer,0,0,2,2,2,0
8427,2808,pixel_transfer,3,0,1,0,1,0
8428,2809,pixel_transfer,0,0,0,0,2,2
8431,2810,line_marker,3,0,1,0,1,0
8435,2811,pixel_transfer,3,0,1,0,1,0
8439,2812,pixel_transfer,3,0,1,0,1,0
8443,2814,pixel_transfer,3,0,1,0,1,0
8447,2815,pixel_transfer,3,0,3,0,1,0
8451,2816,pixel_transfer,3,0,3,0,3,0
8455,2818,pixel_transfer,3,0,3,0,3,0
8459,2819,pixel_transfer,3,0,3,0,3,0
8463,2820,pixel_transfer,3,0,3,0,3,0
8467,2822,pixel_transfer,3,0,3,0,3,0
8471,2823,pixel_transfer,3,1,3,0,3,0
8475,2824,pixel_transfer,2,0,3,0,3,0
8479,2826,pixel_transfer,2,0,3,0,3,0
8483,2827,pixel_transfer,2,0,3,0,3,0
8487,2828,pixel_transfer,2,0,3,0,3,0
8491,2830,pixel_transfer,2,0,3,0,3,0
8494,2831,pixel_transfer,1,0,0,0,0,0
8495,2831,pixel_transfer,2,0,3,0,3,0
8498,2832,pixel_transfer,1,0,0,0,0,0
8499,2832,pixel_transfer,2,0,3,1,3,0
8502,2833,pixel_transfer,1,0,0,0,0,0
8503,2834,pixel_transfer,2,0,2,0,3,1
8506,2835,pixel_transfer,1,0,0,0,0,0
8507,2835,pixel_transfer,2,0,2,0,2,0
8510,2836,pixel_transfer,1,0,0,0,0,0
8511,2836,pixel_transfer,2,0,2,0,2,0
8514,2837,pixel_transfer,1,0,0,0,0,0
8515,2838,pixel_transfer,2,0,2,0,2,0
8518,2839,pixel_transfer,1,0,0,0,0,0
8519,2839,pixel_transfer,2,0,2,0,2,0
8522,2840,pixel_transfer,1,0,1,0,0,0
8523,2840,pixel_transfer,2,0,2,0,2,0
8526,2841,pixel_transfer,1,0,1,0,1,0
8527,2842,pixel_transfer,2,0,2,0,2,0
8530,2843,pixel_transfer,1,0,1,0,1,0
8531,2843,pixel_transfer,2,0,2,0,2,0
8534,2844,pixel_transfer,1,0,1,0,1,0
8535,2844,pixel_transfer,2,0,2,0,2,0
8538,2845,pixel_transfer,1,0,1,0,1,0
8539,2846,pixel_transfer,2,0,2,0,2,0
8542,2847,pixel_transfer,1,0,1,0,1,0
8543,2847,pixel_transfer,2,2,2,0,2,0
8546,2848,pixel_transfer,1,0,1,0,1,0
8547,2848,pixel_transfer,0,0,2,0,2,0
8550,2849,pixel_transfer,1,0,1,0,1,0
8551,2850,pixel_transfer,0,0,2,0,2,0
8554,2851,pixel_transfer,1,0,1,0,1,0
8555,2851,pixel_transfer,0,0,2,0,2,0
8558,2852,pixel_transfer,1,0,1,0,1,0
8559,2852,pixel_transfer,0,0,2,0,2,0
8562,2853,pixel_transfer,1,0,1,0,1,0
8563,2854,pixel_transfer,0,0,2,0,2,0
8566,2855,pixel_transfer,3,0,1,0,1,0
8567,2855,pixel_transfer,0,0,2,0,2,0
8570,2856,pixel_transfer,3,0,1,0,1,0
8571,2856,pixel_transfer,0,0,2,2,2,0
8574,2857,pixel_transfer,3,0,1,0,1,0
8575,2858,pixel_transfer,0,0,0,0,2,2
8578,2859,line_marker,3,0,1,0,1,0
8582,2860,pixel_transfer,3,0,1,0,1,0
8586,2861,pixel_transfer,3,0,1,0,1,0
8590,2863,pixel_transfer,3,0,1,0,1,0
8594,2864,pixel_transfer,3,0,3,0,1,0
8598,2865,pixel_transfer,3,0,3,0,3,0
8602,2867,pixel_transfer,3,0,3,0,3,0
8606,2868,pixel_transfer,3,0,3,0,3,0
8610,2869,pixel_transfer,3,0,3,0,3,0
8614,2871,pixel_transfer,3,0,3,0,3,0
8618,2872,pixel_transfer,3,1,3,0,3,0
8622,2873,pixel_transfer,2,0,3,0,3,0
8626,2875,pixel_transfer,2,0,3,0,3,0
8630,2876,pixel_transfer,2,0,3,0,3,0
8634,2877,pixel_transfer,2,0,3,0,3,0
8638,2879,pixel_transfer,2,0,3,0,3,0
8641,2880,pixel_transfer,1,0,0,0,0,0
8642,2880,pixel_transfer,2,0,3,0,3,0
8645,2881,pixel_transfer,1,0,0,0,0,0
8646,2881,pixel_transfer,2,0,3,1,3,0
8649,2882,pixel_transfer,1,0,0,0,0,0
8650,2883,pixel_transfer,2,0,2,0,3,1
8653,2884,pixel_transfer,1,0,0,0,0,0
8654,2884,pixel_transfer,2,0,2,0,2,0
8657,2885,pixel_transfer,1,0,0,0,0,0
8658,2885,pixel_transfer,2,0,2,0,2,0
8661,2886,pixel_transfer,1,0,0,0,0,0
8662,2887,pixel_transfer,2,0,2,0,2,0
8665,2888,pixel_transfer,1,0,0,0,0,0
8666,2888,pixel_transfer,2,0,2,0,2,0
8669,2889,pixel_transfer,1,0,1,0,0,0
8670,2889,pixel_transfer,2,0,2,0,2,0
8673,2890,pixel_transfer,1,0,1,0,1,0
8674,2891,pixel_transfer,2,0,2,0,2,0
8677,2892,pixel_transfer,1,0,1,0,1,0
8678,2892,pixel_transfer,2,0,2,0,2,0
8681,2893,pixel_transfer,1,0,1,0,1,0
8682,2893,pixel_transfer,2,0,2,0,2,0
8685,2894,pixel_transfer,1,0,1,0,1,0
8686,2895,pixel_transfer,2,0,2,0,2,0
8689,2896,pixel_transfer,1,0,1,0,1,0
8690,2896,pixel_transfer,2,2,2,0,2,0
8693,2897,pixel_transfer,1,0,1,0,1,0
8694,2897,pixel_transfer,0,0,2,0,2,0
8697,2898,pixel_transfer,1,0,1,0,1,0
8698,2899,pixel_transfer,0,0,2,0,2,0
8701,2900,pixel_transfer,1,0,1,0,1,0
8702,2900,pixel_transfer,0,0,2,0,2,0
8705,2901,pixel_transfer,1,0,1,0,1,0
8706,2901,pixel_transfer,0,0,2,0,2,0
8709,2902,pixel_transfer,1,0,1,0,1,0
8710,2903,pixel_transfer,0,0,2,0,2,0
8713,2904,pixel_transfer,3,0,1,0,1,0
8714,2904,pixel_transfer,0,0,2,0,2,0
8717,2905,pixel_transfer,3,0,1,0,1,0
8718,2905,pixel_transfer,0,0,2,2,2,0
8721,2906,pixel_transfer,3,0,1,0,1,0
8722,2907,pixel_transfer,0,0,0,0,2,2
8725,2908,line_marker,3,0,1,0,1,0
8729,2909,pixel_transfer,3,0,1,0,1,0
8733,2910,pixel_transfer,3,0,1,0,1,0
8737,2912,pixel_transfer,3,0,1,0,1,0
8741,2913,pixel_transfer,3,0,3,0,1,0
8745,2914,pixel_transfer,3,0,3,0,3,0
8749,2916,pixel_transfer,3,0,3,0,3,0
8753,2917,pixel_transfer,3,0,3,0,3,0
8757,2918,pixel_transfer,3,0,3,0,3,0
8761,2920,pixel_transfer,3,0,3,0,3,0
8765,2921,pixel_transfer,3,1,3,0,3,0
8769,2922,pixel_transfer,2,0,3,0,3,0
8773,2924,pixel_transfer,2,0,3,0,3,0
8777,2925,pixel_transfer,2,0,3,0,3,0
8781,2926,pixel_transfer,2,0,3,0,3,0
8785,2928,pixel_transfer,2,0,3,0,3,0
8788,2929,pixel_transfer,1,0,0,0,0,0
8789,2929,pixel_transfer,2,0,3,0,3,0
8792,2930,pixel_transfer,1,0,0,0,0,0
8793,2930,pixel_transfer,2,0,3,1,3,0
8796,2931,pixel_transfer,1,0,0,0,0,0
8797,2932,pixel_transfer,2,0,2,0,3,1
8800,2933,pixel_transfer,1,0,0,0,0,0
8801,2933,pixel_transfer,2,0,2,0,2,0
8804,2934,pixel_transfer,1,0,0,0,0,0
8805,2934,pixel_transfer,2,0,2,0,2,0
8808,2935,pixel_transfer,1,0,0,0,0,0
8809,2936,pixel_transfer,2,0,2,0,2,0
8812,2937,pixel_transfer,1,0,0,0,0,0
8813,2937,pixel_transfer,2,0,2,0,2,0
8816,2938,pixel_transfer,1,0,1,0,0,0
8817,2938,pixel_transfer,2,0,2,0,2,0
8820,2939,pixel_transfer,1,0,1,0,1,0
8821,2940,pixel_transfer,2,0,2,0,2,0
8824,2941,pixel_transfer,1,0,1,0,1,0
8825,2941,pixel_transfer,2,0,2,0,2,0
8828,2942,pixel_transfer,1,0,1,0,1,0
8829,2942,pixel_transfer,2,0,2,0,2,0
8832,2943,pixel_transfer,1,0,1,0,1,0
8833,2944,pixel_transfer,2,0,2,0,2,0
8836,2945,pixel_transfer,1,0,1,0,1,0
8837,2945,pixel_transfer,2,2,2,0,2,0
8840,2946,pixel_transfer,1,0,1,0,1,0
8841,2946,pixel_transfer,0,0,2,0,2,0
8844,2947,pixel_transfer,1,0,1,0,1,0
8845,2948,pixel_transfer,0,0,2,0,2,0
8848,2949,pixel_transfer,1,0,1,0,1,0
8849,2949,pixel_transfer,0,0,2,0,2,0
8852,2950,pixel_transfer,1,0,1,0,1,0
8853,2950,pixel_transfer,0,0,2,0,2,0
8856,2951,pixel_transfer,1,0,1,0,1,0
8857,2952,pixel_transfer,0,0,2,0,2,0
8860,2953,pixel_transfer,3,0,1,0,1,0
8861,2953,pixel_transfer,0,0,2,0,2,0
8864,2954,pixel_transfer,3,0,1,0,1,0
8865,2954,pixel_transfer,0,0,2,2,2,0
8868,2955,pixel_transfer,3,0,1,0,1,0
8869,2956,pixel_transfer,0,0,0,0,2,2
8872,2957,line_marker,3,0,1,0,1,0
8876,2958,pixel_transfer,3,0,1,0,1,0
8880,2959,pixel_transfer,3,0,1,0,1,0
8884,2961,pixel_transfer,3,0,1,0,1,0
8888,2962,pixel_transfer,3,0,3,0,1,0
8892,2963,pixel_transfer,3,0,3,0,3,0
8896,2965,pixel_transfer,3,0,3,0,3,0
8900,2966,pixel_transfer,3,0,3,0,3,0
8904,2967,pixel_transfer,3,0,3,0,3,0
8908,2969,pixel_transfer,3,0,3,0,3,0
8912,2970,pixel_transfer,3,1,3,0,3,0
8916,2971,pixel_transfer,2,0,3,0,3,0
8920,2973,pixel_transfer,2,0,3,0,3,0
8924,2974,pixel_transfer,2,0,3,0,3,0
8928,2975,pixel_transfer,2,0,3,0,3,0
8932,2977,pixel_transfer,2,0,3,0,3,0
8935,2978,pixel_transfer,1,0,0,0,0,0
8936,2978,pixel_transfer,2,0,3,0,3,0
8939,2979,pixel_transfer,1,0,0,0,0,0
8940,2979,pixel_transfer,2,0,3,1,3,0
8943,2980,pixel_transfer,1,0,0,0,0,0
8944,2981,pixel_transfer,2,0,2,0,3,1
8947,2982,pixel_transfer,1,0,0,0,0,0
8948,2982,pixel_transfer,2,0,2,0,2,0
8951,2983,pixel_transfer,1,0,0,0,0,0
8952,2983,pixel_transfer,2,0,2,0,2,0
8955,2984,pixel_transfer,1,0,0,0,0,0
8956,2985,pixel_transfer,2,0,2,0,2,0
8959,2986,pixel_transfer,1,0,0,0,0,0
8960,2986,pixel_transfer,2,0,2,0,2,0
8963,2987,pixel_transfer,1,0,1,0,0,0
8964,2987,pixel_transfer,2,0,2,0,2,0
8967,2988,pixel_transfer,1,0,1,0,1,0
8968,2989,pixel_transfer,2,0,2,0,2,0
8971,2990,pixel_transfer,1,0,1,0,1,0
8972,2990,pixel_transfer,2,0,2,0,2,0
8975,2991,pixel_transfer,1,0,1,0,1,0
8976,2991,pixel_transfer,2,0,2,0,2,0
8979,2992,pixel_transfer,1,0,1,0,1,0
8980,2993,pixel_transfer,2,0,2,0,2,0
8983,2994,pixel_transfer,1,0,1,0,1,0
8984,2994,pixel_transfer,2,2,2,0,2,0
8987,2995,pixel_transfer,1,0,1,0,1,0
8988,2995,pixel_transfer,0,0,2,0,2,0
8991,2996,pixel_transfer,1,0,1,0,1,0
8992,2997,pixel_transfer,0,0,2,0,2,0
8995,2998,pixel_transfer,1,0,1,0,1,0
8996,2998,pixel_transfer,0,0,2,0,2,0
8999,2999,pixel_transfer,1,0,1,0,1,0
9000,2999,pixel_transfer,0,0,2,0,2,0
9003,3000,pixel_transfer,1,0,1,0,1,0
9004,3001,pixel_transfer,0,0,2,0,2,0
9007,3002,pixel_transfer,3,0,1,0,1,0
9008,3002,pixel_transfer,0,0,2,0,2,0
9011,3003,pixel_transfer,3,0,1,0,1,0
9012,3003,pixel_transfer,0,0,2,2,2,0
9015,3004,pixel_transfer,3,0,1,0,1,0
9016,3005,pixel_transfer,0,0,0,0,2,2
9019,3006,line_marker,3,0,1,0,1,0
9023,3007,pixel_transfer,3,0,1,0,1,0
9027,3008,pixel_transfer,3,0,1,0,1,0
9031,3010,pixel_transfer,3,0,1,0,1,0
9035,3011,pixel_transfer,3,0,3,0,1,0
9039,3012,pixel_transfer,3,0,3,0,3,0
9043,3014,pixel_transfer,3,0,3,0,3,0
9047,3015,pixel_transfer,3,0,3,0,3,0
9051,3016,pixel_transfer,3,0,3,0,3,0
9055,3018,pixel_transfer,3,0,3,0,3,0
9059,3019,pixel_transfer,3,1,3,0,3,0
9063,3020,pixel_transfer,2,0,3,0,3,0
9067,3022,pixel_transfer,2,0,3,0,3,0
9071,3023,pixel_transfer,2,0,3,0,3,0
9075,3024,pixel_transfer,2,0,3,0,3,0
9079,3026,pixel_transfer,2,0,3,0,3,0
9082,3027,pixel_transfer,1,0,0,0,0,0
9083,3027,pixel_transfer,2,0,3,0,3,0
9086,3028,pixel_transfer,1,0,0,0,0,0
9087,3028,pixel_transfer,2,0,3,1,3,0
9090,3029,pixel_transfer,1,0,0,0,0,0
9091,3030,pixel_transfer,2,0,2,0,3,1
9094,3031,pixel_transfer,1,0,0,0,0,0
9095,3031,pixel_transfer,2,0,2,0,2,0
9098,3032,pixel_transfer,1,0,0,0,0,0
9099,3032,pixel_transfer,2,0,2,0,2,0
9102,3033,pixel_transfer,1,0,0,0,0,0
9103,3034,pixel_transfer,2,0,2,0,2,0
9106,3035,pixel_transfer,1,0,0,0,0,0
9107,3035,pixel_transfer,2,0,2,0,2,0
9110,3036,pixel_transfer,1,0,1,0,0,0
9111,3036,pixel_transfer,2,0,2,0,2,0
9114,3037,pixel_transfer,1,0,1,0,1,0
9115,3038,pixel_transfer,2,0,2,0,2,0
9118,3039,pixel_transfer,1,0,1,0,1,0
9119,3039,pixel_transfer,2,0,2,0,2,0
9122,3040,pixel_transfer,1,0,1,0,1,0
9123,3040,pixel_transfer,2,0,2,0,2,0
9126,3041,pixel_transfer,1,0,1,0,1,0
9127,3042,pixel_transfer,2,0,2,0,2,0
9130,3043,pixel_transfer,1,0,1,0,1,0
9131,3043,pixel_transfer,2,2,2,0,2,0
9134,3044,pixel_transfer,1,0,1,0,1,0
9135,3044,pixel_transfer,0,0,2,0,2,0
9138,3045,pixel_transfer,1,0,1,0,1,0
9139,3046,pixel_transfer,0,0,2,0,2,0
9142,3047,pixel_transfer,1,0,1,0,1,0
9143,3047,pixel_transfer,0,0,2,0,2,0
9146,3048,pixel_transfer,1,0,1,0,1,0
9147,3048,pixel_transfer,0,0,2,0,2,0
9150,3049,pixel_transfer,1,0,1,0,1,0
9151,3050,pixel_transfer,0,0,2,0,2,0
9154,3051,pixel_transfer,3,0,1,0,1,0
9155,3051,pixel_transfer,0,0,2,0,2,0
9158,3052,pixel_transfer,3,0,1,0,1,0
9159,3052,pixel_transfer,0,0,2,2,2,0
9162,3053,pixel_transfer,3,0,1,0,1,0
9163,3054,pixel_transfer,0,0,0,0,2,2
9166,3055,line_marker,3,0,1,0,1,0
9170,3056,pixel_transfer,3,0,1,0,1,0
9174,3057,pixel_transfer,3,0,1,0,1,0
9178,3059,pixel_transfer,3,0,1,0,1,0
9182,3060,pixel_transfer,3,0,3,0,1,0
9186,3061,pixel_transfer,3,0,3,0,3,0
9190,3063,pixel_transfer,3,0,3,0,3,0
9194,3064,pixel_transfer,3,0,3,0,3,0
9198,3065,pixel_transfer,3,0,3,0,3,0
9202,3067,pixel_transfer,3,0,3,0,3,0
9206,3068,pixel_transfer,3,1,3,0,3,0
9210,3069,pixel_transfer,2,0,3,0,3,0
9214,3071,pixel_transfer,2,0,3,0,3,0
9218,3072,pixel_transfer,2,0,3,0,3,0
9222,3073,pixel_transfer,2,0,3,0,3,0
9226,3075,pixel_transfer,2,0,3,0,3,0
9229,3076,pixel_transfer,1,0,0,0,0,0
9230,3076,pixel_transfer,2,0,3,0,3,0
9233,3077,pixel_transfer,1,0,0,0,0,0
9234,3077,pixel_transfer,2,0,3,1,3,0
9237,3078,pixel_transfer,1,0,0,0,0,0
9238,3079,pixel_transfer,2,0,2,0,3,1
9241,3080,pixel_transfer,1,0,0,0,0,0
9242,3080,pixel_transfer,2,0,2,0,2,0
9245,3081,pixel_transfer,1,0,0,0,0,0
9246,3081,pixel_transfer,2,0,2,0,2,0
9249,3082,pixel_transfer,1,0,0,0,0,0
9250,3083,pixel_transfer,2,0,2,0,2,0
9253,3084,pixel_transfer,1,0,0,0,0,0
9254,3084,pixel_transfer,2,0,2,0,2,0
9257,3085,pixel_transfer,1,0,1,0,0,0
9258,3085,pixel_transfer,2,0,2,0,2,0
9261,3086,pixel_transfer,1,0,1,0,1,0
9262,3087,pixel_transfer,2,0,2,0,2,0
9265,3088,pixel_transfer,1,0,1,0,1,0
9266,3088,pixel_transfer,2,0,2,0,2,0
9269,3089,pixel_transfer,1,0,1,0,1,0
9270,3089,pixel_transfer,2,0,2,0,2,0
9273,3090,pixel_transfer,1,0,1,0,1,0
9274,3091,pixel_transfer,2,0,2,0,2,0
9277,3092,pixel_transfer,1,0,1,0,1,0
9278,3092,pixel_transfer,2,2,2,0,2,0
9281,3093,pixel_transfer,1,0,1,0,1,0
9282,3093,pixel_transfer,0,0,2,0,2,0
9285,3094,pixel_transfer,1,0,1,0,1,0
9286,3095,pixel_transfer,0,0,2,0,2,0
9289,3096,pixel_transfer,1,0,1,0,1,0
9290,3096,pixel_transfer,0,0,2,0,2,0
9293,3097,pixel_transfer,1,0,1,0,1,0
9294,3097,pixel_transfer,0,0,2,0,2,0
9297,3098,pixel_transfer,1,0,1,0,1,0
9298,3099,pixel_transfer,0,0,2,0,2,0
9301,3100,pixel_transfer,3,0,1,0,1,0
9302,3100,pixel_transfer,0,0,2,0,2,0
9305,3101,pixel_transfer,3,0,1,0,1,0
9306,3101,pixel_transfer,0,0,2,2,2,0
9309,3102,pixel_transfer,3,0,1,0,1,0
9310,3103,pixel_transfer,0,0,0,0,2,2
9313,3104,line_marker,3,0,1,0,1,0
9317,3105,pixel_transfer,3,0,1,0,1,0
9321,3106,pixel_transfer,3,0,1,0,1,0
9325,3108,pixel_transfer,3,0,1,0,1,0
9329,3109,pixel_transfer,3,0,3,0,1,0
9333,3110,pixel_transfer,3,0,3,0,3,0
9337,3112,pixel_transfer,3,0,3,0,3,0
9341,3113,pixel_transfer,3,0,3,0,3,0
9345,3114,pixel_transfer,3,0,3,0,3,0
9349,3116,pixel_transfer,3,0,3,0,3,0
9353,3117,pixel_transfer,3,1,3,0,3,0
9357,3118,pixel_transfer,2,0,3,0,3,0
9361,3120,pixel_transfer,2,0,3,0,3,0
9365,3121,pixel_transfer,2,0,3,0,3,0
9369,3122,pixel_transfer,2,0,3,0,3,0
9373,3124,pixel_transfer,2,0,3,0,3,0
9376,3125,pixel_transfer,1,0,0,0,0,0
9377,3125,pixel_transfer,2,0,3,0,3,0
9380,3126,pixel_transfer,1,0,0,0,0,0
9381,3126,pixel_transfer,2,0,3,1,3,0
9384,3127,pixel_transfer,1,0,0,0,0,0
9385,3128,pixel_transfer,2,0,2,0,3,1
9388,3129,pixel_transfer,1,0,0,0,0,0
9389,3129,pixel_transfer,2,0,2,0,2,0
9392,3130,pixel_transfer,1,0,0,0,0,0
9393,3130,pixel_transfer,2,0,2,0,2,0
9396,3131,pixel_transfer,1,0,0,0,0,0
9397,3132,pixel_transfer,2,0,2,0,2,0
9400,3133,pixel_transfer,1,0,0,0,0,0
9401,3133,pixel_transfer,2,0,2,0,2,0
9404,3134,pixel_transfer,1,0,1,0,0,0
9405,3134,pixel_transfer,2,0,2,0,2,0
9408,3135,pixel_transfer,1,0,1,0,1,0
9409,3136,pixel_transfer,2,0,2,0,2,0
9412,3137,pixel_transfer,1,0,1,0,1,0
9413,3137,pixel_transfer,2,0,2,0,2,0
9416,3138,pixel_transfer,1,0,1,0,1,0
9417,3138,pixel_transfer,2,0,2,0,2,0
9420,3139,pixel_transfer,1,0,1,0,1,0
9421,3140,pixel_transfer,2,0,2,0,2,0
9424,3141,pixel_transfer,1,0,1,0,1,0
9425,3141,pixel_transfer,2,2,2,0,2,0
9428,3142,pixel_transfer,1,0,1,0,1,0
9429,3142,pixel_transfer,0,0,2,0,2,0
9432,3143,pixel_transfer,1,0,1,0,1,0
9433,3144,pixel_transfer,0,0,2,0,2,0
9436,3145,pixel_transfer,1,0,1,0,1,0
9437,3145,pixel_transfer,0,0,2,0,2,0
9440,3146,pixel_transfer,1,0,1,0,1,0
9441,3146,pixel_transfer,0,0,2,0,2,0
9444,3147,pixel_transfer,1,0,1,0,1,0
9445,3148,pixel_transfer,0,0,2,0,2,0
9448,3149,pixel_transfer,3,0,1,0,1,0
9449,3149,pixel_transfer,0,0,2,0,2,0
9452,3150,pixel_transfer,3,0,1,0,1,0
9453,3150,pixel_transfer,0,0,2,2,2,0
9456,3151,pixel_transfer,3,0,1,0,1,0
9457,3152,pixel_transfer,0,0,0,0,2,2
9460,3153,line_marker,3,0,1,0,1,0
9464,3154,pixel_transfer,3,0,1,0,1,0
9468,3155,pixel_transfer,3,0,1,0,1,0
9472,3157,pixel_transfer,3,0,1,0,1,0
9476,3158,pixel_transfer,3,0,3,0,1,0
9480,3159,pixel_transfer,3,0,3,0,3,0
9484,3161,pixel_transfer,3,0,3,0,3,0
9488,3162,pixel_transfer,3,0,3,0,3,0
9492,3163,pixel_transfer,3,0,3,0,3,0
9496,3165,pixel_transfer,3,0,3,0,3,0
9500,3166,pixel_transfer,3,1,3,0,3,0
9504,3167,pixel_transfer,2,0,3,0,3,0
9508,3169,pixel_transfer,2,0,3,0,3,0
9512,3170,pixel_transfer,2,0,3,0,3,0
9516,3171,pixel_transfer,2,0,3,0,3,0
9520,3173,pixel_transfer,2,0,3,0,3,0
9523,3174,pixel_transfer,1,0,0,0,0,0
9524,3174,pixel_transfer,2,0,3,0,3,0
9527,3175,pixel_transfer,1,0,0,0,0,0
9528,3175,pixel_transfer,2,0,3,1,3,0
9531,3176,pixel_transfer,1,0,0,0,0,0
9532,3177,pixel_transfer,2,0,2,0,3,1
9535,3178,pixel_transfer,1,0,0,0,0,0
9536,3178,pixel_transfer,2,0,2,0,2,0
9539,3179,pixel_transfer,1,0,0,0,0,0
9540,3179,pixel_transfer,2,0,2,0,2,0
9543,3180,pixel_transfer,1,0,0,0,0,0
9544,3181,pixel_transfer,2,0,2,0,2,0
9547,3182,pixel_transfer,1,0,0,0,0,0
9548,3182,pixel_transfer,2,0,2,0,2,0
9551,3183,pixel_transfer,1,0,1,0,0,0
9552,3183,pixel_transfer,2,0,2,0,2,0
9555,3184,pixel_transfer,1,0,1,0,1,0
9556,3185,pixel_transfer,2,0,2,0,2,0
9559,3186,pixel_transfer,1,0,1,0,1,0
9560,3186,pixel_transfer,2,0,2,0,2,0
9563,3187,pixel_transfer,1,0,1,0,1,0
9564,3187,pixel_transfer,2,0,2,0,2,0
9567,3188,pixel_transfer,1,0,1,0,1,0
9568,3189,pixel_transfer,2,0,2,0,2,0
9571,3190,pixel_transfer,1,0,1,0,1,0
9572,3190,pixel_transfer,2,2,2,0,2,0
9575,3191,pixel_transfer,1,0,1,0,1,0
9576,3191,pixel_transfer,0,0,2,0,2,0
9579,3192,pixel_transfer,1,0,1,0,1,0
9580,3193,pixel_transfer,0,0,2,0,2,0
9583,3194,pixel_transfer,1,0,1,0,1,0
9584,3194,pixel_transfer,0,0,2,0,2,0
9587,3195,pixel_transfer,1,0,1,0,1,0
9588,3195,pixel_transfer,0,0,2,0,2,0
9591,3196,pixel_transfer,1,0,1,0,1,0
9592,3197,pixel_transfer,0,0,2,0,2,0
9595,3198,pixel_transfer,3,0,1,0,1,0
9596,3198,pixel_transfer,0,0,2,0,2,0
9599,3199,pixel_transfer,3,0,1,0,1,0
9600,3199,pixel_transfer,0,0,2,2,2,0
9603,3200,pixel_transfer,3,0,1,0,1,0
9604,3201,pixel_transfer,0,0,0,0,2,2
9607,3202,line_marker,3,0,1,0,1,0
9611,3203,pixel_transfer,3,0,1,0,1,0
9615,3204,pixel_transfer,3,0,1,0,1,0
9619,3206,pixel_transfer,3,0,1,0,1,0
9623,3207,pixel_transfer,3,0,3,0,1,0
9627,3208,pixel_transfer,3,0,3,0,3,0
9631,3210,pixel_transfer,3,0,3,0,3,0
9635,3211,pixel_transfer,3,0,3,0,3,0
9639,3212,pixel_transfer,3,0,3,0,3,0
9643,3214,pixel_transfer,3,0,3,0,3,0
9647,3215,pixel_transfer,3,1,3,0,3,0
9651,3216,pixel_transfer,2,0,3,0,3,0
9655,3218,pixel_transfer,2,0,3,0,3,0
9659,3219,pixel_transfer,2,0,3,0,3,0
9663,3220,pixel_transfer,2,0,3,0,3,0
9667,3222,pixel_transfer,2,0,3,0,3,0
9670,3223,pixel_transfer,1,0,0,0,0,0
9671,3223,pixel_transfer,2,0,3,0,3,0
9674,3224,pixel_transfer,1,0,0,0,0,0
9675,3224,pixel_transfer,2,0,3,1,3,0
9678,3225,pixel_transfer,1,0,0,0,0,0
9679,3226,pixel_transfer,2,0,2,0,3,1
9682,3227,pixel_transfer,1,0,0,0,0,0
9683,3227,pixel_transfer,2,0,2,0,2,0
9686,3228,pixel_transfer,1,0,0,0,0,0
9687,3228,pixel_transfer,2,0,2,0,2,0
9690,3229,pixel_transfer,1,0,0,0,0,0
9691,3230,pixel_transfer,2,0,2,0,2,0
9694,3231,pixel_transfer,1,0,0,0,0,0
9695,3231,pixel_transfer,2,0,2,0,2,0
9698,3232,pixel_transfer,1,0,1,0,0,0
9699,3232,pixel_transfer,2,0,2,0,2,0
9702,3233,pixel_transfer,1,0,1,0,1,0
9703,3234,pixel_transfer,2,0,2,0,2,0
9706,3235,pixel_transfer,1,0,1,0,1,0
9707,3235,pixel_transfer,2,0,2,0,2,0
9710,3236,pixel_transfer,1,0,1,0,1,0
9711,3236,pixel_transfer,2,0,2,0,2,0
9714,3237,pixel_transfer,1,0,1,0,1,0
9715,3238,pixel_transfer,2,0,2,0,2,0
9718,3239,pixel_transfer,1,0,1,0,1,0
9719,3239,pixel_transfer,2,2,2,0,2,0
9722,3240,pixel_transfer,1,0,1,0,1,0
9723,3240,pixel_transfer,0,0,2,0,2,0
9726,3241,pixel_transfer,1,0,1,0,1,0
9727,3242,pixel_transfer,0,0,2,0,2,0
9730,3243,pixel_transfer,1,0,1,0,1,0
9731,3243,pixel_transfer,0,0,2,0,2,0
9734,3244,pixel_transfer,1,0,1,0,1,0
9735,3244,pixel_transfer,0,0,2,0,2,0
9738,3245,pixel_transfer,1,0,1,0,1,0
9739,3246,pixel_transfer,0,0,2,0,2,0
9742,3247,pixel_transfer,3,0,1,0,1,0
9743,3247,pixel_transfer,0,0,2,0,2,0
9746,3248,pixel_transfer,3,0,1,0,1,0
9747,3248,pixel_transfer,0,0,2,2,2,0
9750,3249,pixel_transfer,3,0,1,0,1,0
9751,3250,pixel_transfer,0,0,0,0,2,2
9754,3251,line_marker,3,0,1,0,1,0
9758,3252,pixel_transfer,3,0,1,0,1,0
9762,3253,pixel_transfer,3,0,1,0,1,0
9766,3255,pixel_transfer,3,0,1,0,1,0
9770,3256,pixel_transfer,3,0,3,0,1,0
9774,3257,pixel_transfer,3,0,3,0,3,0
9778,3259,pixel_transfer,3,0,3,0,3,0
9782,3260,pixel_transfer,3,0,3,0,3,0
9786,3261,pixel_transfer,3,0,3,0,3,0
9790,3263,pixel_transfer,3,0,3,0,3,0
9794,3264,pixel_transfer,3,1,3,0,3,0
9798,3265,pixel_transfer,2,0,3,0,3,0
9802,3267,pixel_transfer,2,0,3,0,3,0
9806,3268,pixel_transfer,2,0,3,0,3,0
9810,3269,pixel_transfer,2,0,3,0,3,0
9814,3271,pixel_transfer,2,0,3,0,3,0
9817,3272,pixel_transfer,1,0,0,0,0,0
9818,3272,pixel_transfer,2,0,3,0,3,0
9821,3273,pixel_transfer,1,0,0,0,0,0
9822,3273,pixel_transfer,2,0,3,1,3,0
9825,3274,pixel_transfer,1,0,0,0,0,0
9826,3275,pixel_transfer,2,0,2,0,3,1
9829,3276,pixel_transfer,1,0,0,0,0,0
9830,3276,pixel_transfer,2,0,2,0,2,0
9833,3277,pixel_transfer,1,0,0,0,0,0
9834,3277,pixel_transfer,2,0,2,0,2,0
9837,3278,pixel_transfer,1,0,0,0,0,0
9838,3279,pixel_transfer,2,0,2,0,2,0
9841,3280,pixel_transfer,1,0,0,0,0,0
9842,3280,pixel_transfer,2,0,2,0,2,0
9845,3281,pixel_transfer,1,0,1,0,0,0
9846,3281,pixel_transfer,2,0,2,0,2,0
9849,3282,pixel_transfer,1,0,1,0,1,0
9850,3283,pixel_transfer,2,0,2,0,2,0
9853,3284,pixel_transfer,1,0,1,0,1,0
9854,3284,pixel_transfer,2,0,2,0,2,0
9857,3285,pixel_transfer,1,0,1,0,1,0
9858,3285,pixel_transfer,2,0,2,0,2,0
9861,3286,pixel_transfer,1,0,1,0,1,0
9862,3287,pixel_transfer,2,0,2,0,2,0
9865,3288,pixel_transfer,1,0,1,0,1,0
9866,3288,pixel_transfer,2,2,2,0,2,0
9869,3289,pixel_transfer,1,0,1,0,1,0
9870,3289,pixel_transfer,0,0,2,0,2,0
9873,3290,pixel_transfer,1,0,1,0,1,0
9874,3291,pixel_transfer,0,0,2,0,2,0
9877,3292,pixel_transfer,1,0,1,0,1,0
9878,3292,pixel_transfer,0,0,2,0,2,0
9881,3293,pixel_transfer,1,0,1,0,1,0
9882,3293,pixel_transfer,0,0,2,0,2,0
9885,3294,pixel_transfer,1,0,1,0,1,0
9886,3295,pixel_transfer,0,0,2,0,2,0
9889,3296,pixel_transfer,3,0,1,0,1,0
9890,3296,pixel_transfer,0,0,2,0,2,0
9893,3297,pixel_transfer,3,0,1,0,1,0
9894,3297,pixel_transfer,0,0,2,2,2,0
9897,3298,pixel_transfer,3,0,1,0,1,0
9898,3299,pixel_transfer,0,0,0,0,2,2
9901,3300,line_marker,3,0,1,0,1,0
9905,3301,pixel_transfer,3,0,1,0,1,0
9909,3302,pixel_transfer,3,0,1,0,1,0
9913,3304,pixel_transfer,3,0,1,0,1,0
9917,3305,pixel_transfer,3,0,3,0,1,0
9921,3306,pixel_transfer,3,0,3,0,3,0
9925,3308,pixel_transfer,3,0,3,0,3,0
9929,3309,pixel_transfer,3,0,3,0,3,0
9933,3310,pixel_transfer,3,0,3,0,3,0
9937,3312,pixel_transfer,3,0,3,0,3,0
9941,3313,pixel_transfer,3,1,3,0,3,0
9945,3314,pixel_transfer,2,0,3,0,3,0
9949,3316,pixel_transfer,2,0,3,0,3,0
9953,3317,pixel_transfer,2,0,3,0,3,0
9957,3318,pixel_transfer,2,0,3,0,3,0
9961,3320,pixel_transfer,2,0,3,0,3,0
9964,3321,pixel_transfer,1,0,0,0,0,0
9965,3321,pixel_transfer,2,0,3,0,3,0
9968,3322,pixel_transfer,1,0,0,0,0,0
9969,3322,pixel_transfer,2,0,3,1,3,0
9972,3323,pixel_transfer,1,0,0,0,0,0
9973,3324,pixel_transfer,2,0,2,0,3,1
9976,3325,pixel_transfer,1,0,0,0,0,0
9977,3325,pixel_transfer,2,0,2,0,2,0
9980,3326,pixel_transfer,1,0,0,0,0,0
9981,3326,pixel_transfer,2,0,2,0,2,0
9984,3327,pixel_transfer,1,0,0,0,0,0
9985,3328,pixel_transfer,2,0,2,0,2,0
9988,3329,pixel_transfer,1,0,0,0,0,0
9989,3329,pixel_transfer,2,0,2,0,2,0
9992,3330,pixel_transfer,1,0,1,0,0,0
9993,3330,pixel_transfer,2,0,2,0,2,0
9996,3331,pixel_transfer,1,0,1,0,1,0
9997,3332,pixel_transfer,2,0,2,0,2,0
10000,3333,pixel_transfer,1,0,1,0,1,0
10001,3333,pixel_transfer,2,0,2,0,2,0
10004,3334,pixel_transfer,1,0,1,0,1,0
10005,3334,pixel_transfer,2,0,2,0,2,0
10008,3335,pixel_transfer,1,0,1,0,1,0
10009,3336,pixel_transfer,2,0,2,0,2,0
10012,3337,pixel_transfer,1,0,1,0,1,0
10013,3337,pixel_transfer,2,2,2,0,2,0
10016,3338,pixel_transfer,1,0,1,0,1,0
10017,3338,pixel_transfer,0,0,2,0,2,0
10020,3339,pixel_transfer,1,0,1,0,1,0
10021,3340,pixel_transfer,0,0,2,0,2,0
10024,3341,pixel_transfer,1,0,1,0,1,0
10025,3341,pixel_transfer,0,0,2,0,2,0
10028,3342,pixel_transfer,1,0,1,0,1,0
10029,3342,pixel_transfer,0,0,2,0,2,0
10032,3343,pixel_transfer,1,0,1,0,1,0
10033,3344,pixel_transfer,0,0,2,0,2,0
10036,3345,pixel_transfer,3,0,1,0,1,0
10037,3345,pixel_transfer,0,0,2,0,2,0
10040,3346,pixel_transfer,3,0,1,0,1,0
10041,3346,pixel_transfer,0,0,2,2,2,0
10044,3347,pixel_transfer,3,0,1,0,1,0
10045,3348,pixel_transfer,0,0,0,0,2,2
10048,3349,line_marker,3,0,1,0,1,0
10052,3350,pixel_transfer,3,0,1,0,1,0
10056,3351,pixel_transfer,3,0,1,0,1,0
10060,3353,pixel_transfer,3,0,1,0,1,0
10064,3354,pixel_transfer,3,0,3,0,1,0
10068,3355,pixel_transfer,3,0,3,0,3,0
10072,3357,pixel_transfer,3,0,3,0,3,0
10076,3358,pixel_transfer,3,0,3,0,3,0
10080,3359,pixel_transfer,3,0,3,0,3,0
10084,3361,pixel_transfer,3,0,3,0,3,0
10088,3362,pixel_transfer,3,1,3,0,3,0
10092,3363,pixel_transfer,2,0,3,0,3,0
10096,3365,pixel_transfer,2,0,3,0,3,0
10100,3366,pixel_transfer,2,0,3,0,3,0
10104,3367,pixel_transfer,2,0,3,0,3,0
10108,3369,pixel_transfer,2,0,3,0,3,0
10111,3370,pixel_transfer,1,0,0,0,0,0
10112,3370,pixel_transfer,2,0,3,0,3,0
10115,3371,pixel_transfer,1,0,0,0,0,0
10116,3371,pixel_transfer,2,0,3,1,3,0
10119,3372,pixel_transfer,1,0,0,0,0,0
10120,3373,pixel_transfer,2,0,2,0,3,1
10123,3374,pixel_transfer,1,0,0,0,0,0
10124,3374,pixel_transfer,2,0,2,0,2,0
10127,3375,pixel_transfer,1,0,0,0,0,0
10128,3375,pixel_transfer,2,0,2,0,2,0
10131,3376,pixel_transfer,1,0,0,0,0,0
10132,3377,pixel_transfer,2,0,2,0,2,0
10135,3378,pixel_transfer,1,0,0,0,0,0
10136,3378,pixel_transfer,2,0,2,0,2,0
10139,3379,pixel_transfer,1,0,1,0,0,0
10140,3379,pixel_transfer,2,0,2,0,2,0
10143,3380,pixel_transfer,1,0,1,0,1,0
10144,3381,pixel_transfer,2,0,2,0,2,0
10147,3382,pixel_transfer,1,0,1,0,1,0
10148,3382,pixel_transfer,2,0,2,0,2,0
10151,3383,pixel_transfer,1,0,1,0,1,0
10152,3383,pixel_transfer,2,0,2,0,2,0
10155,3384,pixel_transfer,1,0,1,0,1,0
10156,3385,pixel_transfer,2,0,2,0,2,0
10159,3386,pixel_transfer,1,0,1,0,1,0
10160,3386,pixel_transfer,2,2,2,0,2,0
10163,3387,pixel_transfer,1,0,1,0,1,0
10164,3387,pixel_transfer,0,0,2,0,2,0
10167,3388,pixel_transfer,1,0,1,0,1,0
10168,3389,pixel_transfer,0,0,2,0,2,0
10171,3390,pixel_transfer,1,0,1,0,1,0
10172,3390,pixel_transfer,0,0,2,0,2,0
10175,3391,pixel_transfer,1,0,1,0,1,0
10176,3391,pixel_transfer,0,0,2,0,2,0
10179,3392,pixel_transfer,1,0,1,0,1,0
10180,3393,pixel_transfer,0,0,2,0,2,0
10183,3394,pixel_transfer,3,0,1,0,1,0
10184,3394,pixel_transfer,0,0,2,0,2,0
10187,3395,pixel_transfer,3,0,1,0,1,0
10188,3395,pixel_transfer,0,0,2,2,2,0
10191,3396,pixel_transfer,3,0,1,0,1,0
10192,3397,pixel_transfer,0,0,0,0,2,2
10195,3398,line_marker,3,0,1,0,1,0
10199,3399,pixel_transfer,3,0,1,0,1,0
10203,3400,pixel_transfer,3,0,1,0,1,0
10207,3402,pixel_transfer,3,0,1,0,1,0
10211,3403,pixel_transfer,3,0,3,0,1,0
10215,3404,pixel_transfer,3,0,3,0,3,0
10219,3406,pixel_transfer,3,0,3,0,3,0
10223,3407,pixel_transfer,3,0,3,0,3,0
10227,3408,pixel_transfer,3,0,3,0,3,0
10231,3410,pixel_transfer,3,0,3,0,3,0
10235,3411,pixel_transfer,3,1,3,0,3,0
10239,3412,pixel_transfer,2,0,3,0,3,0
10243,3414,pixel_transfer,2,0,3,0,3,0
10247,3415,pixel_transfer,2,0,3,0,3,0
10251,3416,pixel_transfer,2,0,3,0,3,0
10255,3418,pixel_transfer,2,0,3,0,3,0
10258,3419,pixel_transfer,1,0,0,0,0,0
10259,3419,pixel_transfer,2,0,3,0,3,0
10262,3420,pixel_transfer,1,0,0,0,0,0
10263,3420,pixel_transfer,2,0,3,1,3,0
10266,3421,pixel_transfer,1,0,0,0,0,0
10267,3422,pixel_transfer,2,0,2,0,3,1
10270,3423,pixel_transfer,1,0,0,0,0,0
10271,3423,pixel_transfer,2,0,2,0,2,0
10274,3424,pixel_transfer,1,0,0,0,0,0
10275,3424,pixel_transfer,2,0,2,0,2,0
10278,3425,pixel_transfer,1,0,0,0,0,0
10279,3426,pixel_transfer,2,0,2,0,2,0
10282,3427,pixel_transfer,1,0,0,0,0,0
10283,3427,pixel_transfer,2,0,2,0,2,0
10286,3428,pixel_transfer,1,0,1,0,0,0
10287,3428,pixel_transfer,2,0,2,0,2,0
10290,3429,pixel_transfer,1,0,1,0,1,0
10291,3430,pixel_transfer,2,0,2,0,2,0
10294,3431,pixel_transfer,1,0,1,0,1,0
10295,3431,pixel_transfer,2,0,2,0,2,0
10298,3432,pixel_transfer,1,0,1,0,1,0
10299,3432,pixel_transfer,2,0,2,0,2,0
10302,3433,pixel_transfer,1,0,1,0,1,0
10303,3434,pixel_transfer,2,0,2,0,2,0
10306,3435,pixel_transfer,1,0,1,0,1,0
10307,3435,pixel_transfer,2,2,2,0,2,0
10310,3436,pixel_transfer,1,0,1,0,1,0
10311,3436,pixel_transfer,0,0,2,0,2,0
10314,3437,pixel_transfer,1,0,1,0,1,0
10315,3438,pixel_transfer,0,0,2,0,2,0
10318,3439,pixel_transfer,1,0,1,0,1,0
10319,3439,pixel_transfer,0,0,2,0,2,0
10322,3440,pixel_transfer,1,0,1,0,1,0
10323,3440,pixel_transfer,0,0,2,0,2,0
10326,3441,pixel_transfer,1,0,1,0,1,0
10327,3442,pixel_transfer,0,0,2,0,2,0
10330,3443,pixel_transfer,3,0,1,0,1,0
10331,3443,pixel_transfer,0,0,2,0,2,0
10334,3444,pixel_transfer,3,0,1,0,1,0
10335,3444,pixel_transfer,0,0,2,2,2,0
10338,3445,pixel_transfer,3,0,1,0,1,0
10339,3446,pixel_transfer,0,0,0,0,2,2
10342,3447,line_marker,3,0,1,0,1,0
10346,3448,pixel_transfer,3,0,1,0,1,0
10350,3449,pixel_transfer,3,0,1,0,1,0
10354,3451,pixel_transfer,3,0,1,0,1,0
10358,3452,pixel_transfer,3,0,3,0,1,0
10362,3453,pixel_transfer,3,0,3,0,3,0
10366,3455,pixel_transfer,3,0,3,0,3,0
10370,3456,pixel_transfer,3,0,3,0,3,0
10374,3457,pixel_transfer,3,0,3,0,3,0
10378,3459,pixel_transfer,3,0,3,0,3,0
10382,3460,pixel_transfer,3,1,3,0,3,0
10386,3461,pixel_transfer,2,0,3,0,3,0
10390,3463,pixel_transfer,2,0,3,0,3,0
10394,3464,pixel_transfer,2,0,3,0,3,0
10398,3465,pixel_transfer,2,0,3,0,3,0
10402,3467,pixel_transfer,2,0,3,0,3,0
10405,3468,pixel_transfer,1,0,0,0,0,0
10406,3468,pixel_transfer,2,0,3,0,3,0
10409,3469,pixel_transfer,1,0,0,0,0,0
10410,3469,pixel_transfer,2,0,3,1,3,0
10413,3470,pixel_transfer,1,0,0,0,0,0
10414,3471,pixel_transfer,2,0,2,0,3,1
10417,3472,pixel_transfer,1,0,0,0,0,0
10418,3472,pixel_transfer,2,0,2,0,2,0
10421,3473,pixel_transfer,1,0,0,0,0,0
10422,3473,pixel_transfer,2,0,2,0,2,0
10425,3474,pixel_transfer,1,0,0,0,0,0
10426,3475,pixel_transfer,2,0,2,0,2,0
10429,3476,pixel_transfer,1,0,0,0,0,0
10430,3476,pixel_transfer,2,0,2,0,2,0
10433,3477,pixel_transfer,1,0,1,0,0,0
10434,3477,pixel_transfer,2,0,2,0,2,0
10437,3478,pixel_transfer,1,0,1,0,1,0
10438,3479,pixel_transfer,2,0,2,0,2,0
10441,3480,pixel_transfer,1,0,1,0,1,0
10442,3480,pixel_transfer,2,0,2,0,2,0
10445,3481,pixel_transfer,1,0,1,0,1,0
10446,3481,pixel_transfer,2,0,2,0,2,0
10449,3482,pixel_transfer,1,0,1,0,1,0
10450,3483,pixel_transfer,2,0,2,0,2,0
10453,3484,pixel_transfer,1,0,1,0,1,0
10454,3484,pixel_transfer,2,2,2,0,2,0
10457,3485,pixel_transfer,1,0,1,0,1,0
10458,3485,pixel_transfer,0,0,2,0,2,0
10461,3486,pixel_transfer,1,0,1,0,1,0
10462,3487,pixel_transfer,0,0,2,0,2,0
10465,3488,pixel_transfer,1,0,1,0,1,0
10466,3488,pixel_transfer,0,0,2,0,2,0
10469,3489,pixel_transfer,1,0,1,0,1,0
10470,3489,pixel_transfer,0,0,2,0,2,0
10473,3490,pixel_transfer,1,0,1,0,1,0
10474,3491,pixel_transfer,0,0,2,0,2,0
10477,3492,pixel_transfer,3,0,1,0,1,0
10478,3492,pixel_transfer,0,0,2,0,2,0
10481,3493,pixel_transfer,3,0,1,0,1,0
10482,3493,pixel_transfer,0,0,2,2,2,0
10485,3494,pixel_transfer,3,0,1,0,1,0
10486,3495,pixel_transfer,0,0,0,0,2,2
10489,3496,line_marker,3,0,1,0,1,0
10493,3497,pixel_transfer,3,0,1,0,1,0
10497,3498,pixel_transfer,3,0,1,0,1,0
10501,3500,pixel_transfer,3,0,1,0,1,0
10505,3501,pixel_transfer,3,0,3,0,1,0
10509,3502,pixel_transfer,3,0,3,0,3,0
10513,3504,pixel_transfer,3,0,3,0,3,0
10517,3505,pixel_transfer,3,0,3,0,3,0
10521,3506,pixel_transfer,3,0,3,0,3,0
10525,3508,pixel_transfer,3,0,3,0,3,0
10529,3509,pixel_transfer,3,1,3,0,3,0
10533,3510,pixel_transfer,2,0,3,0,3,0
10537,3512,pixel_transfer,2,0,3,0,3,0
10541,3513,pixel_transfer,2,0,3,0,3,0
10545,3514,pixel_transfer,2,0,3,0,3,0
10549,3516,pixel_transfer,2,0,3,0,3,0
10552,3517,pixel_transfer,1,0,0,0,0,0
10553,3517,pixel_transfer,2,0,3,0,3,0
10556,3518,pixel_transfer,1,0,0,0,0,0
10557,3518,pixel_transfer,2,0,3,1,3,0
10560,3519,pixel_transfer,1,0,0,0,0,0
10561,3520,pixel_transfer,2,0,2,0,3,1
10564,3521,pixel_transfer,1,0,0,0,0,0
10565,3521,pixel_transfer,2,0,2,0,2,0
10568,3522,pixel_transfer,1,0,0,0,0,0
10569,3522,pixel_transfer,2,0,2,0,2,0
10572,3523,pixel_transfer,1,0,0,0,0,0
10573,3524,pixel_transfer,2,0,2,0,2,0
10576,3525,pixel_transfer,1,0,0,0,0,0
10577,3525,pixel_transfer,2,0,2,0,2,0
10580,3526,pixel_transfer,1,0,1,0,0,0
10581,3526,pixel_transfer,2,0,2,0,2,0
10584,3527,pixel_transfer,1,0,1,0,1,0
10585,3528,pixel_transfer,2,0,2,0,2,0
10588,3529,pixel_transfer,1,0,1,0,1,0
10589,3529,pixel_transfer,2,0,2,0,2,0
10592,3530,pixel_transfer,1,0,1,0,1,0
10593,3530,pixel_transfer,2,0,2,0,2,0
10596,3531,pixel_transfer,1,0,1,0,1,0
10597,3532,pixel_transfer,2,0,2,0,2,0
10600,3533,pixel_transfer,1,0,1,0,1,0
10601,3533,pixel_transfer,2,2,2,0,2,0
10604,3534,pixel_transfer,1,0,1,0,1,0
10605,3534,pixel_transfer,0,0,2,0,2,0
10608,3535,pixel_transfer,1,0,1,0,1,0
10609,3536,pixel_transfer,0,0,2,0,2,0
10612,3537,pixel_transfer,1,0,1,0,1,0
10613,3537,pixel_transfer,0,0,2,0,2,0
10616,3538,pixel_transfer,1,0,1,0,1,0
10617,3538,pixel_transfer,0,0,2,0,2,0
10620,3539,pixel_transfer,1,0,1,0,1,0
10621,3540,pixel_transfer,0,0,2,0,2,0
10624,3541,pixel_transfer,3,0,1,0,1,0
10625,3541,pixel_transfer,0,0,2,0,2,0
10628,3542,pixel_transfer,3,0,1,0,1,0
10629,3542,pixel_transfer,0,0,2,2,2,0
10632,3543,pixel_transfer,3,0,1,0,1,0
10633,3544,pixel_transfer,0,0,0,0,2,2
10636,3545,line_marker,3,0,1,0,1,0
10640,3546,pixel_transfer,3,0,1,0,1,0
10644,3547,pixel_transfer,3,0,1,0,1,0
10648,3549,pixel_transfer,3,0,1,0,1,0
10652,3550,pixel_transfer,3,0,3,0,1,0
10656,3551,pixel_transfer,3,0,3,0,3,0
10660,3553,pixel_transfer,3,0,3,0,3,0
10664,3554,pixel_transfer,3,0,3,0,3,0
10668,3555,pixel_transfer,3,0,3,0,3,0
10672,3557,pixel_transfer,3,0,3,0,3,0
10676,3558,pixel_transfer,3,1,3,0,3,0
10680,3559,pixel_transfer,2,0,3,0,3,0
10684,3561,pixel_transfer,2,0,3,0,3,0
10688,3562,pixel_transfer,2,0,3,0,3,0
10692,3563,pixel_transfer,2,0,3,0,3,0
10696,3565,pixel_transfer,2,0,3,0,3,0
10699,3566,pixel_transfer,1,0,0,0,0,0
10700,3566,pixel_transfer,2,0,3,0,3,0
10703,3567,pixel_transfer,1,0,0,0,0,0
10704,3567,pixel_transfer,2,0,3,1,3,0
10707,3568,pixel_transfer,1,0,0,0,0,0
10708,3569,pixel_transfer,2,0,2,0,3,1
10711,3570,pixel_transfer,1,0,0,0,0,0
10712,3570,pixel_transfer,2,0,2,0,2,0
10715,3571,pixel_transfer,1,0,0,0,0,0
10716,3571,pixel_transfer,2,0,2,0,2,0
10719,3572,pixel_transfer,1,0,0,0,0,0
10720,3573,pixel_transfer,2,0,2,0,2,0
10723,3574,pixel_transfer,1,0,0,0,0,0
10724,3574,pixel_transfer,2,0,2,0,2,0
10727,3575,pixel_transfer,1,0,1,0,0,0
10728,3575,pixel_transfer,2,0,2,0,2,0
10731,3576,pixel_transfer,1,0,1,0,1,0
10732,3577,pixel_transfer,2,0,2,0,2,0
10735,3578,pixel_transfer,1,0,1,0,1,0
10736,3578,pixel_transfer,2,0,2,0,2,0
10739,3579,pixel_transfer,1,0,1,0,1,0
10740,3579,pixel_transfer,2,0,2,0,2,0
10743,3580,pixel_transfer,1,0,1,0,1,0
10744,3581,pixel_transfer,2,0,2,0,2,0
10747,3582,pixel_transfer,1,0,1,0,1,0
10748,3582,pixel_transfer,2,2,2,0,2,0
10751,3583,pixel_transfer,1,0,1,0,1,0
10752,3583,pixel_transfer,0,0,2,0,2,0
10755,3584,pixel_transfer,1,0,1,0,1,0
10756,3585,pixel_transfer,0,0,2,0,2,0
10759,3586,pixel_transfer,1,0,1,0,1,0
10760,3586,pixel_transfer,0,0,2,0,2,0
10763,3587,pixel_transfer,1,0,1,0,1,0
10764,3587,pixel_transfer,0,0,2,0,2,0
10767,3588,pixel_transfer,1,0,1,0,1,0
10768,3589,pixel_transfer,0,0,2,0,2,0
10771,3590,pixel_transfer,3,0,1,0,1,0
10772,3590,pixel_transfer,0,0,2,0,2,0
10775,3591,pixel_transfer,3,0,1,0,1,0
10776,3591,pixel_transfer,0,0,2,2,2,0
10779,3592,pixel_transfer,3,0,1,0,1,0
10780,3593,pixel_transfer,0,0,0,0,2,2
10783,3594,line_marker,3,0,1,0,1,0
10787,3595,pixel_transfer,3,0,1,0,1,0
10791,3596,pixel_transfer,3,0,1,0,1,0
10795,3598,pixel_transfer,3,0,1,0,1,0
10799,3599,pixel_transfer,3,0,3,0,1,0
10803,3600,pixel_transfer,3,0,3,0,3,0
10807,3602,pixel_transfer,3,0,3,0,3,0
10811,3603,pixel_transfer,3,0,3,0,3,0
10815,3604,pixel_transfer,3,0,3,0,3,0
10819,3606,pixel_transfer,3,0,3,0,3,0
10823,3607,pixel_transfer,3,1,3,0,3,0
10827,3608,pixel_transfer,2,0,3,0,3,0
10831,3610,pixel_transfer,2,0,3,0,3,0
10835,3611,pixel_transfer,2,0,3,0,3,0
10839,3612,pixel_transfer,2,0,3,0,3,0
10843,3614,pixel_transfer,2,0,3,0,3,0
10846,3615,pixel_transfer,1,0,0,0,0,0
10847,3615,pixel_transfer,2,0,3,0,3,0
10850,3616,pixel_transfer,1,0,0,0,0,0
10851,3616,pixel_transfer,2,0,3,1,3,0
10854,3617,pixel_transfer,1,0,0,0,0,0
10855,3618,pixel_transfer,2,0,2,0,3,1
10858,3619,pixel_transfer,1,0,0,0,0,0
10859,3619,pixel_transfer,2,0,2,0,2,0
10862,3620,pixel_transfer,1,0,0,0,0,0
10863,3620,pixel_transfer,2,0,2,0,2,0
10866,3621,pixel_transfer,1,0,0,0,0,0
10867,3622,pixel_transfer,2,0,2,0,2,0
10870,3623,pixel_transfer,1,0,0,0,0,0
10871,3623,pixel_transfer,2,0,2,0,2,0
10874,3624,pixel_transfer,1,0,1,0,0,0
10875,3624,pixel_transfer,2,0,2,0,2,0
10878,3625,pixel_transfer,1,0,1,0,1,0
10879,3626,pixel_transfer,2,0,2,0,2,0
10882,3627,pixel_transfer,1,0,1,0,1,0
10883,3627,pixel_transfer,2,0,2,0,2,0
10886,3628,pixel_transfer,1,0,1,0,1,0
10887,3628,pixel_transfer,2,0,2,0,2,0
10890,3629,pixel_transfer,1,0,1,0,1,0
10891,3630,pixel_transfer,2,0,2,0,2,0
10894,3631,pixel_transfer,1,0,1,0,1,0
10895,3631,pixel_transfer,2,2,2,0,2,0
10898,3632,pixel_transfer,1,0,1,0,1,0
10899,3632,pixel_transfer,0,0,2,0,2,0
10902,3633,pixel_transfer,1,0,1,0,1,0
10903,3634,pixel_transfer,0,0,2,0,2,0
10906,3635,pixel_transfer,1,0,1,0,1,0
10907,3635,pixel_transfer,0,0,2,0,2,0
10910,3636,pixel_transfer,1,0,1,0,1,0
10911,3636,pixel_transfer,0,0,2,0,2,0
10914,3637,pixel_transfer,1,0,1,0,1,0
10915,3638,pixel_transfer,0,0,2,0,2,0
10918,3639,pixel_transfer,3,0,1,0,1,0
10919,3639,pixel_transfer,0,0,2,0,2,0
10922,3640,pixel_transfer,3,0,1,0,1,0
10923,3640,pixel_transfer,0,0,2,2,2,0
10926,3641,pixel_transfer,3,0,1,0,1,0
10927,3642,pixel_transfer,0,0,0,0,2,2
10930,3643,line_marker,3,0,1,0,1,0
10934,3644,pixel_transfer,3,0,1,0,1,0
10938,3645,pixel_transfer,3,0,1,0,1,0
10942,3647,pixel_transfer,3,0,1,0,1,0
10946,3648,pixel_transfer,3,0,3,0,1,0
10950,3649,pixel_transfer,3,0,3,0,3,0
10954,3651,pixel_transfer,3,0,3,0,3,0
10958,3652,pixel_transfer,3,0,3,0,3,0
10962,3653,pixel_transfer,3,0,3,0,3,0
10966,3655,pixel_transfer,3,0,3,0,3,0
10970,3656,pixel_transfer,3,1,3,0,3,0
10974,3657,pixel_transfer,2,0,3,0,3,0
10978,3659,pixel_transfer,2,0,3,0,3,0
10982,3660,pixel_transfer,2,0,3,0,3,0
10986,3661,pixel_transfer,2,0,3,0,3,0
10990,3663,pixel_transfer,2,0,3,0,3,0
10993,3664,pixel_transfer,1,0,0,0,0,0
10994,3664,pixel_transfer,2,0,3,0,3,0
10997,3665,pixel_transfer,1,0,0,0,0,0
10998,3665,pixel_transfer,2,0,3,1,3,0
11001,3666,pixel_transfer,1,0,0,0,0,0
11002,3667,pixel_transfer,2,0,2,0,3,1
11005,3668,pixel_transfer,1,0,0,0,0,0
11006,3668,pixel_transfer,2,0,2,0,2,0
11009,3669,pixel_transfer,1,0,0,0,0,0
11010,3669,pixel_transfer,2,0,2,0,2,0
11013,3670,pixel_transfer,1,0,0,0,0,0
11014,3671,pixel_transfer,2,0,2,0,2,0
11017,3672,pixel_transfer,1,0,0,0,0,0
11018,3672,pixel_transfer,2,0,2,0,2,0
11021,3673,pixel_transfer,1,0,1,0,0,0
11022,3673,pixel_transfer,2,0,2,0,2,0
11025,3674,pixel_transfer,1,0,1,0,1,0
11026,3675,pixel_transfer,2,0,2,0,2,0
11029,3676,pixel_transfer,1,0,1,0,1,0
11030,3676,pixel_transfer,2,0,2,0,2,0
11033,3677,pixel_transfer,1,0,1,0,1,0
11034,3677,pixel_transfer,2,0,2,0,2,0
11037,3678,pixel_transfer,1,0,1,0,1,0
11038,3679,pixel_transfer,2,0,2,0,2,0
11041,3680,pixel_transfer,1,0,1,0,1,0
11042,3680,pixel_transfer,2,2,2,0,2,0
11045,3681,pixel_transfer,1,0,1,0,1,0
11046,3681,pixel_transfer,0,0,2,0,2,0
11049,3682,pixel_transfer,1,0,1,0,1,0
11050,3683,pixel_transfer,0,0,2,0,2,0
11053,3684,pixel_transfer,1,0,1,0,1,0
11054,3684,pixel_transfer,0,0,2,0,2,0
11057,3685,pixel_transfer,1,0,1,0,1,0
11058,3685,pixel_transfer,0,0,2,0,2,0
11061,3686,pixel_transfer,1,0,1,0,1,0
11062,3687,pixel_transfer,0,0,2,0,2,0
11065,3688,pixel_transfer,3,0,1,0,1,0
11066,3688,pixel_transfer,0,0,2,0,2,0
11069,3689,pixel_transfer,3,0,1,0,1,0
11070,3689,pixel_transfer,0,0,2,2,2,0
11073,3690,pixel_transfer,3,0,1,0,1,0
11074,3691,pixel_transfer,0,0,0,0,2,2
11077,3692,line_marker,3,0,1,0,1,0
11081,3693,pixel_transfer,3,0,1,0,1,0
11085,3694,pixel_transfer,3,0,1,0,1,0
11089,3696,pixel_transfer,3,0,1,0,1,0
11093,3697,pixel_transfer,3,0,3,0,1,0
11097,3698,pixel_transfer,3,0,3,0,3,0
11101,3700,pixel_transfer,3,0,3,0,3,0
11105,3701,pixel_transfer,3,0,3,0,3,0
11109,3702,pixel_transfer,3,0,3,0,3,0
11113,3704,pixel_transfer,3,0,3,0,3,0
11117,3705,pixel_transfer,3,1,3,0,3,0
11121,3706,pixel_transfer,2,0,3,0,3,0
11125,3708,pixel_transfer,2,0,3,0,3,0
11129,3709,pixel_transfer,2,0,3,0,3,0
11133,3710,pixel_transfer,2,0,3,0,3,0
11137,3712,pixel_transfer,2,0,3,0,3,0
11140,3713,pixel_transfer,1,0,0,0,0,0
11141,3713,pixel_transfer,2,0,3,0,3,0
11144,3714,pixel_transfer,1,0,0,0,0,0
11145,3714,pixel_transfer,2,0,3,1,3,0
11148,3715,pixel_transfer,1,0,0,0,0,0
11149,3716,pixel_transfer,2,0,2,0,3,1
11152,3717,pixel_transfer,1,0,0,0,0,0
11153,3717,pixel_transfer,2,0,2,0,2,0
11156,3718,pixel_transfer,1,0,0,0,0,0
11157,3718,pixel_transfer,2,0,2,0,2,0
11160,3719,pixel_transfer,1,0,0,0,0,0
11161,3720,pixel_transfer,2,0,2,0,2,0
11164,3721,pixel_transfer,1,0,0,0,0,0
11165,3721,pixel_transfer,2,0,2,0,2,0
11168,3722,pixel_transfer,1,0,1,0,0,0
11169,3722,pixel_transfer,2,0,2,0,2,0
11172,3723,pixel_transfer,1,0,1,0,1,0
11173,3724,pixel_transfer,2,0,2,0,2,0
11176,3725,pixel_transfer,1,0,1,0,1,0
11177,3725,pixel_transfer,2,0,2,0,2,0
11180,3726,pixel_transfer,1,0,1,0,1,0
11181,3726,pixel_transfer,2,0,2,0,2,0
11184,3727,pixel_transfer,1,0,1,0,1,0
11185,3728,pixel_transfer,2,0,2,0,2,0
11188,3729,pixel_transfer,1,0,1,0,1,0
11189,3729,pixel_transfer,2,2,2,0,2,0
11192,3730,pixel_transfer,1,0,1,0,1,0
11193,3730,pixel_transfer,0,0,2,0,2,0
11196,3731,pixel_transfer,1,0,1,0,1,0
11197,3732,pixel_transfer,0,0,2,0,2,0
11200,3733,pixel_transfer,1,0,1,0,1,0
11201,3733,pixel_transfer,0,0,2,0,2,0
11204,3734,pixel_transfer,1,0,1,0,1,0
11205,3734,pixel_transfer,0,0,2,0,2,0
11208,3735,pixel_transfer,1,0,1,0,1,0
11209,3736,pixel_transfer,0,0,2,0,2,0
11212,3737,pixel_transfer,3,0,1,0,1,0
11213,3737,pixel_transfer,0,0,2,0,2,0
11216,3738,pixel_transfer,3,0,1,0,1,0
11217,3738,pixel_transfer,0,0,2,2,2,0
11220,3739,pixel_transfer,3,0,1,0,1,0
11221,3740,pixel_transfer,0,0,0,0,2,2
11224,3741,line_marker,3,0,1,0,1,0
11228,3742,pixel_transfer,3,0,1,0,1,0
11232,3743,pixel_transfer,3,0,1,0,1,0
11236,3745,pixel_transfer,3,0,1,0,1,0
11240,3746,pixel_transfer,3,0,3,0,1,0
11244,3747,pixel_transfer,3,0,3,0,3,0
11248,3749,pixel_transfer,3,0,3,0,3,0
11252,3750,pixel_transfer,3,0,3,0,3,0
11256,3751,pixel_transfer,3,0,3,0,3,0
11260,3753,pixel_transfer,3,0,3,0,3,0
11264,3754,pixel_transfer,3,1,3,0,3,0
11268,3755,pixel_transfer,2,0,3,0,3,0
11272,3757,pixel_transfer,2,0,3,0,3,0
11276,3758,pixel_transfer,2,0,3,0,3,0
11280,3759,pixel_transfer,2,0,3,0,3,0
11284,3761,pixel_transfer,2,0,3,0,3,0
11287,3762,pixel_transfer,1,0,0,0,0,0
11288,3762,pixel_transfer,2,0,3,0,3,0
11291,3763,pixel_transfer,1,0,0,0,0,0
11292,3763,pixel_transfer,2,0,3,1,3,0
11295,3764,pixel_transfer,1,0,0,0,0,0
11296,3765,pixel_transfer,2,0,2,0,3,1
11299,3766,pixel_transfer,1,0,0,0,0,0
11300,3766,pixel_transfer,2,0,2,0,2,0
11303,3767,pixel_transfer,1,0,0,0,0,0
11304,3767,pixel_transfer,2,0,2,0,2,0
11307,3768,pixel_transfer,1,0,0,0,0,0
11308,3769,pixel_transfer,2,0,2,0,2,0
11311,3770,pixel_transfer,1,0,0,0,0,0
11312,3770,pixel_transfer,2,0,2,0,2,0
11315,3771,pixel_transfer,1,0,1,0,0,0
11316,3771,pixel_transfer,2,0,2,0,2,0
11319,3772,pixel_transfer,1,0,1,0,1,0
11320,3773,pixel_transfer,2,0,2,0,2,0
11323,3774,pixel_transfer,1,0,1,0,1,0
11324,3774,pixel_transfer,2,0,2,0,2,0
11327,3775,pixel_transfer,1,0,1,0,1,0
11328,3775,pixel_transfer,2,0,2,0,2,0
11331,3776,pixel_transfer,1,0,1,0,1,0
11332,3777,pixel_transfer,2,0,2,0,2,0
11335,3778,pixel_transfer,1,0,1,0,1,0
11336,3778,pixel_transfer,2,2,2,0,2,0
11339,3779,pixel_transfer,1,0,1,0,1,0
11340,3779,pixel_transfer,0,0,2,0,2,0
11343,3780,pixel_transfer,1,0,1,0,1,0
11344,3781,pixel_transfer,0,0,2,0,2,0
11347,3782,pixel_transfer,1,0,1,0,1,0
11348,3782,pixel_transfer,0,0,2,0,2,0
11351,3783,pixel_transfer,1,0,1,0,1,0
11352,3783,pixel_transfer,0,0,2,0,2,0
11355,3784,pixel_transfer,1,0,1,0,1,0
11356,3785,pixel_transfer,0,0,2,0,2,0
11359,3786,pixel_transfer,3,0,1,0,1,0
11360,3786,pixel_transfer,0,0,2,0,2,0
11363,3787,pixel_transfer,3,0,1,0,1,0
11364,3787,pixel_transfer,0,0,2,2,2,0
11367,3788,pixel_transfer,3,0,1,0,1,0
11368,3789,pixel_transfer,0,0,0,0,2,2
11371,3790,line_marker,3,0,1,0,1,0
11375,3791,pixel_transfer,3,0,1,0,1,0
11379,3792,pixel_transfer,3,0,1,0,1,0
11383,3794,pixel_transfer,3,0,1,0,1,0
11387,3795,pixel_transfer,3,0,3,0,1,0
11391,3796,pixel_transfer,3,0,3,0,3,0
11395,3798,pixel_transfer,3,0,3,0,3,0
11399,3799,pixel_transfer,3,0,3,0,3,0
11403,3800,pixel_transfer,3,0,3,0,3,0
11407,3802,pixel_transfer,3,0,3,0,3,0
11411,3803,pixel_transfer,3,1,3,0,3,0
11415,3804,pixel_transfer,2,0,3,0,3,0
11419,3806,pixel_transfer,2,0,3,0,3,0
11423,3807,pixel_transfer,2,0,3,0,3,0
11427,3808,pixel_transfer,2,0,3,0,3,0
11431,3810,pixel_transfer,2,0,3,0,3,0
11434,3811,pixel_transfer,1,0,0,0,0,0
11435,3811,pixel_transfer,2,0,3,0,3,0
11438,3812,pixel_transfer,1,0,0,0,0,0
11439,3812,pixel_transfer,2,0,3,1,3,0
11442,3813,pixel_transfer,1,0,0,0,0,0
11443,3814,pixel_transfer,2,0,2,0,3,1
11446,3815,pixel_transfer,1,0,0,0,0,0
11447,3815,pixel_transfer,2,0,2,0,2,0
11450,3816,pixel_transfer,1,0,0,0,0,0
11451,3816,pixel_transfer,2,0,2,0,2,0
11454,3817,pixel_transfer,1,0,0,0,0,0
11455,3818,pixel_transfer,2,0,2,0,2,0
11458,3819,pixel_transfer,1,0,0,0,0,0
11459,3819,pixel_transfer,2,0,2,0,2,0
11462,3820,pixel_transfer,1,0,1,0,0,0
11463,3820,pixel_transfer,2,0,2,0,2,0
11466,3821,pixel_transfer,1,0,1,0,1,0
11467,3822,pixel_transfer,2,0,2,0,2,0
11470,3823,pixel_transfer,1,0,1,0,1,0
11471,3823,pixel_transfer,2,0,2,0,2,0
11474,3824,pixel_transfer,1,0,1,0,1,0
11475,3824,pixel_transfer,2,0,2,0,2,0
11478,3825,pixel_transfer,1,0,1,0,1,0
11479,3826,pixel_transfer,2,0,2,0,2,0
11482,3827,pixel_transfer,1,0,1,0,1,0
11483,3827,pixel_transfer,2,2,2,0,2,0
11486,3828,pixel_transfer,1,0,1,0,1,0
11487,3828,pixel_transfer,0,0,2,0,2,0
11490,3829,pixel_transfer,1,0,1,0,1,0
11491,3830,pixel_transfer,0,0,2,0,2,0
11494,3831,pixel_transfer,1,0,1,0,1,0
11495,3831,pixel_transfer,0,0,2,0,2,0
11498,3832,pixel_transfer,1,0,1,0,1,0
11499,3832,pixel_transfer,0,0,2,0,2,0
11502,3833,pixel_transfer,1,0,1,0,1,0
11503,3834,pixel_transfer,0,0,2,0,2,0
11506,3835,pixel_transfer,3,0,1,0,1,0
11507,3835,pixel_transfer,0,0,2,0,2,0
11510,3836,pixel_transfer,3,0,1,0,1,0
11511,3836,pixel_transfer,0,0,2,2,2,0
11514,3837,pixel_transfer,3,0,1,0,1,0
11515,3838,pixel_transfer,0,0,0,0,2,2
11518,3839,line_marker,3,0,1,0,1,0
11522,3840,pixel_transfer,3,0,1,0,1,0
11526,3841,pixel_transfer,3,0,1,0,1,0
11530,3843,pixel_transfer,3,0,1,0,1,0
11534,3844,pixel_transfer,3,0,3,0,1,0
11538,3845,pixel_transfer,3,0,3,0,3,0
11542,3847,pixel_transfer,3,0,3,0,3,0
11546,3848,pixel_transfer,3,0,3,0,3,0
11550,3849,pixel_transfer,3,0,3,0,3,0
11554,3851,pixel_transfer,3,0,3,0,3,0
11558,3852,pixel_transfer,3,1,3,0,3,0
11562,3853,pixel_transfer,2,0,3,0,3,0
11566,3855,pixel_transfer,2,0,3,0,3,0
11570,3856,pixel_transfer,2,0,3,0,3,0
11574,3857,pixel_transfer,2,0,3,0,3,0
11578,3859,pixel_transfer,2,0,3,0,3,0
11581,3860,pixel_transfer,1,0,0,0,0,0
11582,3860,pixel_transfer,2,0,3,0,3,0
11585,3861,pixel_transfer,1,0,0,0,0,0
11586,3861,pixel_transfer,2,0,3,1,3,0
11589,3862,pixel_transfer,1,0,0,0,0,0
11590,3863,pixel_transfer,2,0,2,0,3,1
11593,3864,pixel_transfer,1,0,0,0,0,0
11594,3864,pixel_transfer,2,0,2,0,2,0
11597,3865,pixel_transfer,1,0,0,0,0,0
11598,3865,pixel_transfer,2,0,2,0,2,0
11601,3866,pixel_transfer,1,0,0,0,0,0
11602,3867,pixel_transfer,2,0,2,0,2,0
11605,3868,pixel_transfer,1,0,0,0,0,0
11606,3868,pixel_transfer,2,0,2,0,2,0
11609,3869,pixel_transfer,1,0,1,0,0,0
11610,3869,pixel_transfer,2,0,2,0,2,0
11613,3870,pixel_transfer,1,0,1,0,1,0
11614,3871,pixel_transfer,2,0,2,0,2,0
11617,3872,pixel_transfer,1,0,1,0,1,0
11618,3872,pixel_transfer,2,0,2,0,2,0
11621,3873,pixel_transfer,1,0,1,0,1,0
11622,3873,pixel_transfer,2,0,2,0,2,0
11625,3874,pixel_transfer,1,0,1,0,1,0
11626,3875,pixel_transfer,2,0,2,0,2,0
11629,3876,pixel_transfer,1,0,1,0,1,0
11630,3876,pixel_transfer,2,2,2,0,2,0
11633,3877,pixel_transfer,1,0,1,0,1,0
11634,3877,pixel_transfer,0,0,2,0,2,0
11637,3878,pixel_transfer,1,0,1,0,1,0
11638,3879,pixel_transfer,0,0,2,0,2,0
11641,3880,pixel_transfer,1,0,1,0,1,0
11642,3880,pixel_transfer,0,0,2,0,2,0
11645,3881,pixel_transfer,1,0,1,0,1,0
11646,3881,pixel_transfer,0,0,2,0,2,0
11649,3882,pixel_transfer,1,0,1,0,1,0
11650,3883,pixel_transfer,0,0,2,0,2,0
11653,3884,pixel_transfer,3,0,1,0,1,0
11654,3884,pixel_transfer,0,0,2,0,2,0
11657,3885,pixel_transfer,3,0,1,0,1,0
11658,3885,pixel_transfer,0,0,2,2,2,0
11661,3886,pixel_transfer,3,0,1,0,1,0
11662,3887,pixel_transfer,0,0,0,0,2,2
11665,3888,line_marker,3,0,1,0,1,0
11669,3889,pixel_transfer,3,0,1,0,1,0
11673,3890,pixel_transfer,3,0,1,0,1,0
11677,3892,pixel_transfer,3,0,1,0,1,0
11681,3893,pixel_transfer,3,0,3,0,1,0
11685,3894,pixel_transfer,3,0,3,0,3,0
11689,3896,pixel_transfer,3,0,3,0,3,0
11693,3897,pixel_transfer,3,0,3,0,3,0
11697,3898,pixel_transfer,3,0,3,0,3,0
11701,3900,pixel_transfer,3,0,3,0,3,0
11705,3901,pixel_transfer,3,1,3,0,3,0
11709,3902,pixel_transfer,2,0,3,0,3,0
11713,3904,pixel_transfer,2,0,3,0,3,0
11717,3905,pixel_transfer,2,0,3,0,3,0
11721,3906,pixel_transfer,2,0,3,0,3,0
11725,3908,pixel_transfer,2,0,3,0,3,0
11728,3909,pixel_transfer,1,0,0,0,0,0
11729,3909,pixel_transfer,2,0,3,0,3,0
11732,3910,pixel_transfer,1,0,0,0,0,0
11733,3910,pixel_transfer,2,0,3,1,3,0
11736,3911,pixel_transfer,1,0,0,0,0,0
11737,3912,pixel_transfer,2,0,2,0,3,1
11740,3913,pixel_transfer,1,0,0,0,0,0
11741,3913,pixel_transfer,2,0,2,0,2,0
11744,3914,pixel_transfer,1,0,0,0,0,0
11745,3914,pixel_transfer,2,0,2,0,2,0
11748,3915,pixel_transfer,1,0,0,0,0,0
11749,3916,pixel_transfer,2,0,2,0,2,0
11752,3917,pixel_transfer,1,0,0,0,0,0
11753,3917,pixel_transfer,2,0,2,0,2,0
11756,3918,pixel_transfer,1,0,1,0,0,0
11757,3918,pixel_transfer,2,0,2,0,2,0
11760,3919,pixel_transfer,1,0,1,0,1,0
11761,3920,pixel_transfer,2,0,2,0,2,0
11764,3921,pixel_transfer,1,0,1,0,1,0
11765,3921,pixel_transfer,2,0,2,0,2,0
11768,3922,pixel_transfer,1,0,1,0,1,0
11769,3922,pixel_transfer,2,0,2,0,2,0
11772,3923,pixel_transfer,1,0,1,0,1,0
11773,3924,pixel_transfer,2,0,2,0,2,0
11776,3925,pixel_transfer,1,0,1,0,1,0
11777,3925,pixel_transfer,2,2,2,0,2,0
11780,3926,pixel_transfer,1,0,1,0,1,0
11781,3926,pixel_transfer,0,0,2,0,2,0
11784,3927,pixel_transfer,1,0,1,0,1,0
11785,3928,pixel_transfer,0,0,2,0,2,0
11788,3929,pixel_transfer,1,0,1,0,1,0
11789,3929,pixel_transfer,0,0,2,0,2,0
11792,3930,pixel_transfer,1,0,1,0,1,0
11793,3930,pixel_transfer,0,0,2,0,2,0
11796,3931,pixel_transfer,1,0,1,0,1,0
11797,3932,pixel_transfer,0,0,2,0,2,0
11800,3933,pixel_transfer,3,0,1,0,1,0
11801,3933,pixel_transfer,0,0,2,0,2,0
11804,3934,pixel_transfer,3,0,1,0,1,0
11805,3934,pixel_transfer,0,0,2,2,2,0
11808,3935,pixel_transfer,3,0,1,0,1,0
11809,3936,pixel_transfer,0,0,0,0,2,2
11812,3937,line_marker,3,0,1,0,1,0
11816,3938,pixel_transfer,3,0,1,0,1,0
11820,3939,pixel_transfer,3,0,1,0,1,0
11824,3941,pixel_transfer,3,0,1,0,1,0
11828,3942,pixel_transfer,3,0,3,0,1,0
11832,3943,pixel_transfer,3,0,3,0,3,0
11836,3945,pixel_transfer,3,0,3,0,3,0
11840,3946,pixel_transfer,3,0,3,0,3,0
11844,3947,pixel_transfer,3,0,3,0,3,0
11848,3949,pixel_transfer,3,0,3,0,3,0
11852,3950,pixel_transfer,3,1,3,0,3,0
11856,3951,pixel_transfer,2,0,3,0,3,0
11860,3953,pixel_transfer,2,0,3,0,3,0
11864,3954,pixel_transfer,2,0,3,0,3,0
11868,3955,pixel_transfer,2,0,3,0,3,0
11872,3957,pixel_transfer,2,0,3,0,3,0
11875,3958,pixel_transfer,1,0,0,0,0,0
11876,3958,pixel_transfer,2,0,3,0,3,0
11879,3959,pixel_transfer,1,0,0,0,0,0
11880,3959,pixel_transfer,2,0,3,1,3,0
11883,3960,pixel_transfer,1,0,0,0,0,0
11884,3961,pixel_transfer,2,0,2,0,3,1
11887,3962,pixel_transfer,1,0,0,0,0,0
11888,3962,pixel_transfer,2,0,2,0,2,0
11891,3963,pixel_transfer,1,0,0,0,0,0
11892,3963,pixel_transfer,2,0,2,0,2,0
11895,3964,pixel_transfer,1,0,0,0,0,0
11896,3965,pixel_transfer,2,0,2,0,2,0
11899,3966,pixel_transfer,1,0,0,0,0,0
11900,3966,pixel_transfer,2,0,2,0,2,0
11903,3967,pixel_transfer,1,0,1,0,0,0
11904,3967,pixel_transfer,2,0,2,0,2,0
11907,3968,pixel_transfer,1,0,1,0,1,0
11908,3969,pixel_transfer,2,0,2,0,2,0
11911,3970,pixel_transfer,1,0,1,0,1,0
11912,3970,pixel_transfer,2,0,2,0,2,0
11915,3971,pixel_transfer,1,0,1,0,1,0
11916,3971,pixel_transfer,2,0,2,0,2,0
11919,3972,pixel_transfer,1,0,1,0,1,0
11920,3973,pixel_transfer,2,0,2,0,2,0
11923,3974,pixel_transfer,1,0,1,0,1,0
11924,3974,pixel_transfer,2,2,2,0,2,0
11927,3975,pixel_transfer,1,0,1,0,1,0
11928,3975,pixel_transfer,0,0,2,0,2,0
11931,3976,pixel_transfer,1,0,1,0,1,0
11932,3977,pixel_transfer,0,0,2,0,2,0
11935,3978,pixel_transfer,1,0,1,0,1,0
11936,3978,pixel_transfer,0,0,2,0,2,0
11939,3979,pixel_transfer,1,0,1,0,1,0
11940,3979,pixel_transfer,0,0,2,0,2,0
11943,3980,pixel_transfer,1,0,1,0,1,0
11944,3981,pixel_transfer,0,0,2,0,2,0
11947,3982,pixel_transfer,3,0,1,0,1,0
11948,3982,pixel_transfer,0,0,2,0,2,0
11951,3983,pixel_transfer,3,0,1,0,1,0
11952,3983,pixel_transfer,0,0,2,2,2,0
11955,3984,pixel_transfer,3,0,1,0,1,0
11956,3985,pixel_transfer,0,0,0,0,2,2
11959,3986,line_marker,3,0,1,0,1,0
11963,3987,pixel_transfer,3,0,1,0,1,0
11967,3988,pixel_transfer,3,0,1,0,1,0
11971,3990,pixel_transfer,3,0,1,0,1,0
11975,3991,pixel_transfer,3,0,3,0,1,0
11979,3992,pixel_transfer,3,0,3,0,3,0
11983,3994,pixel_transfer,3,0,3,0,3,0
11987,3995,pixel_transfer,3,0,3,0,3,0
11991,3996,pixel_transfer,3,0,3,0,3,0
11995,3998,pixel_transfer,3,0,3,0,3,0
11999,3999,pixel_transfer,3,1,3,0,3,0
12003,4000,pixel_transfer,2,0,3,0,3,0
12007,4002,pixel_transfer,2,0,3,0,3,0
12011,4003,pixel_transfer,2,0,3,0,3,0
12015,4004,pixel_transfer,2,0,3,0,3,0
12019,4006,pixel_transfer,2,0,3,0,3,0
12022,4007,pixel_transfer,1,0,0,0,0,0
12023,4007,pixel_transfer,2,0,3,0,3,0
12026,4008,pixel_transfer,1,0,0,0,0,0
12027,4008,pixel_transfer,2,0,3,1,3,0
12030,4009,pixel_transfer,1,0,0,0,0,0
12031,4010,pixel_transfer,2,0,2,0,3,1
12034,4011,pixel_transfer,1,0,0,0,0,0
12035,4011,pixel_transfer,2,0,2,0,2,0
12038,4012,pixel_transfer,1,0,0,0,0,0
12039,4012,pixel_transfer,2,0,2,0,2,0
12042,4013,pixel_transfer,1,0,0,0,0,0
12043,4014,pixel_transfer,2,0,2,0,2,0
12046,4015,pixel_transfer,1,0,0,0,0,0
12047,4015,pixel_transfer,2,0,2,0,2,0
12050,4016,pixel_transfer,1,0,1,0,0,0
12051,4016,pixel_transfer,2,0,2,0,2,0
12054,4017,pixel_transfer,1,0,1,0,1,0
12055,4018,pixel_transfer,2,0,2,0,2,0
12058,4019,pixel_transfer,1,0,1,0,1,0
12059,4019,pixel_transfer,2,0,2,0,2,0
12062,4020,pixel_transfer,1,0,1,0,1,0
12063,4020,pixel_transfer,2,0,2,0,2,0
12066,4021,pixel_transfer,1,0,1,0,1,0
12067,4022,pixel_transfer,2,0,2,0,2,0
12070,4023,pixel_transfer,1,0,1,0,1,0
12071,4023,pixel_transfer,2,2,2,0,2,0
12074,4024,pixel_transfer,1,0,1,0,1,0
12075,4024,pixel_transfer,0,0,2,0,2,0
12078,4025,pixel_transfer,1,0,1,0,1,0
12079,4026,pixel_transfer,0,0,2,0,2,0
12082,4027,pixel_transfer,1,0,1,0,1,0
12083,4027,pixel_transfer,0,0,2,0,2,0
12086,4028,pixel_transfer,1,0,1,0,1,0
12087,4028,pixel_transfer,0,0,2,0,2,0
12090,4029,pixel_transfer,1,0,1,0,1,0
12091,4030,pixel_transfer,0,0,2,0,2,0
12094,4031,pixel_transfer,3,0,1,0,1,0
12095,4031,pixel_transfer,0,0,2,0,2,0
12098,4032,pixel_transfer,3,0,1,0,1,0
12099,4032,pixel_transfer,0,0,2,2,2,0
12102,4033,pixel_transfer,3,0,1,0,1,0
12103,4034,pixel_transfer,0,0,0,0,2,2
12106,4035,line_marker,3,0,1,0,1,0
12110,4036,pixel_transfer,3,0,1,0,1,0
12114,4037,pixel_transfer,3,0,1,0,1,0
12118,4039,pixel_transfer,3,0,1,0,1,0
12122,4040,pixel_transfer,3,0,3,0,1,0
12126,4041,pixel_transfer,3,0,3,0,3,0
12130,4043,pixel_transfer,3,0,3,0,3,0
12134,4044,pixel_transfer,3,0,3,0,3,0
12138,4045,pixel_transfer,3,0,3,0,3,0
12142,4047,pixel_transfer,3,0,3,0,3,0
12146,4048,pixel_transfer,3,1,3,0,3,0
12150,4049,pixel_transfer,2,0,3,0,3,0
12154,4051,pixel_transfer,2,0,3,0,3,0
12158,4052,pixel_transfer,2,0,3,0,3,0
12162,4053,pixel_transfer,2,0,3,0,3,0
12166,4055,pixel_transfer,2,0,3,0,3,0
12169,4056,pixel_transfer,1,0,0,0,0,0
12170,4056,pixel_transfer,2,0,3,0,3,0
12173,4057,pixel_transfer,1,0,0,0,0,0
12174,4057,pixel_transfer,2,0,3,1,3,0
12177,4058,pixel_transfer,1,0,0,0,0,0
12178,4059,pixel_transfer,2,0,2,0,3,1
12181,4060,pixel_transfer,1,0,0,0,0,0
12182,4060,pixel_transfer,2,0,2,0,2,0
12185,4061,pixel_transfer,1,0,0,0,0,0
12186,4061,pixel_transfer,2,0,2,0,2,0
12189,4062,pixel_transfer,1,0,0,0,0,0
12190,4063,pixel_transfer,2,0,2,0,2,0
12193,4064,pixel_transfer,1,0,0,0,0,0
12194,4064,pixel_transfer,2,0,2,0,2,0
12197,4065,pixel_transfer,1,0,1,0,0,0
12198,4065,pixel_transfer,2,0,2,0,2,0
12201,4066,pixel_transfer,1,0,1,0,1,0
12202,4067,pixel_transfer,2,0,2,0,2,0
12205,4068,pixel_transfer,1,0,1,0,1,0
12206,4068,pixel_transfer,2,0,2,0,2,0
12209,4069,pixel_transfer,1,0,1,0,1,0
12210,4069,pixel_transfer,2,0,2,0,2,0
12213,4070,pixel_transfer,1,0,1,0,1,0
12214,4071,pixel_transfer,2,0,2,0,2,0
12217,4072,pixel_transfer,1,0,1,0,1,0
12218,4072,pixel_transfer,2,2,2,0,2,0
12221,4073,pixel_transfer,1,0,1,0,1,0
12222,4073,pixel_transfer,0,0,2,0,2,0
12225,4074,pixel_transfer,1,0,1,0,1,0
12226,4075,pixel_transfer,0,0,2,0,2,0
12229,4076,pixel_transfer,1,0,1,0,1,0
12230,4076,pixel_transfer,0,0,2,0,2,0
12233,4077,pixel_transfer,1,0,1,0,1,0
12234,4077,pixel_transfer,0,0,2,0,2,0
12237,4078,pixel_transfer,1,0,1,0,1,0
12238,4079,pixel_transfer,0,0,2,0,2,0
12241,4080,pixel_transfer,3,0,1,0,1,0
12242,4080,pixel_transfer,0,0,2,0,2,0
12245,4081,pixel_transfer,3,0,1,0,1,0
12246,4081,pixel_transfer,0,0,2,2,2,0
12249,4082,pixel_transfer,3,0,1,0,1,0
12250,4083,pixel_transfer,0,0,0,0,2,2
12253,4084,line_marker,3,0,1,0,1,0
12257,4085,pixel_transfer,3,0,1,0,1,0
12261,4086,pixel_transfer,3,0,1,0,1,0
12265,4088,pixel_transfer,3,0,1,0,1,0
12269,4089,pixel_transfer,3,0,3,0,1,0
12273,4090,pixel_transfer,3,0,3,0,3,0
12277,4092,pixel_transfer,3,0,3,0,3,0
12281,4093,pixel_transfer,3,0,3,0,3,0
12285,4094,pixel_transfer,3,0,3,0,3,0
12289,4096,pixel_transfer,3,0,3,0,3,0
12293,4097,pixel_transfer,3,1,3,0,3,0
12297,4098,pixel_transfer,2,0,3,0,3,0
12301,4100,pixel_transfer,2,0,3,0,3,0
12305,4101,pixel_transfer,2,0,3,0,3,0
12309,4102,pixel_transfer,2,0,3,0,3,0
12313,4104,pixel_transfer,2,0,3,0,3,0
12316,4105,pixel_transfer,1,0,0,0,0,0
12317,4105,pixel_transfer,2,0,3,0,3,0
12320,4106,pixel_transfer,1,0,0,0,0,0
12321,4106,pixel_transfer,2,0,3,1,3,0
12324,4107,pixel_transfer,1,0,0,0,0,0
12325,4108,pixel_transfer,2,0,2,0,3,1
12328,4109,pixel_transfer,1,0,0,0,0,0
12329,4109,pixel_transfer,2,0,2,0,2,0
12332,4110,pixel_transfer,1,0,0,0,0,0
12333,4110,pixel_transfer,2,0,2,0,2,0
12336,4111,pixel_transfer,1,0,0,0,0,0
12337,4112,pixel_transfer,2,0,2,0,2,0
12340,4113,pixel_transfer,1,0,0,0,0,0
12341,4113,pixel_transfer,2,0,2,0,2,0
12344,4114,pixel_transfer,1,0,1,0,0,0
12345,4114,pixel_transfer,2,0,2,0,2,0
12348,4115,pixel_transfer,1,0,1,0,1,0
12349,4116,pixel_transfer,2,0,2,0,2,0
12352,4117,pixel_transfer,1,0,1,0,1,0
12353,4117,pixel_transfer,2,0,2,0,2,0
12356,4118,pixel_transfer,1,0,1,0,1,0
12357,4118,pixel_transfer,2,0,2,0,2,0
12360,4119,pixel_transfer,1,0,1,0,1,0
12361,4120,pixel_transfer,2,0,2,0,2,0
12364,4121,pixel_transfer,1,0,1,0,1,0
12365,4121,pixel_transfer,2,2,2,0,2,0
12368,4122,pixel_transfer,1,0,1,0,1,0
12369,4122,pixel_transfer,0,0,2,0,2,0
12372,4123,pixel_transfer,1,0,1,0,1,0
12373,4124,pixel_transfer,0,0,2,0,2,0
12376,4125,pixel_transfer,1,0,1,0,1,0
12377,4125,pixel_transfer,0,0,2,0,2,0
12380,4126,pixel_transfer,1,0,1,0,1,0
12381,4126,pixel_transfer,0,0,2,0,2,0
12384,4127,pixel_transfer,1,0,1,0,1,0
12385,4128,pixel_transfer,0,0,2,0,2,0
12388,4129,pixel_transfer,3,0,1,0,1,0
12389,4129,pixel_transfer,0,0,2,0,2,0
12392,4130,pixel_transfer,3,0,1,0,1,0
12393,4130,pixel_transfer,0,0,2,2,2,0
12396,4131,pixel_transfer,3,0,1,0,1,0
12397,4132,pixel_transfer,0,0,0,0,2,2
12400,4133,line_marker,3,0,1,0,1,0
12404,4134,pixel_transfer,3,0,1,0,1,0
12408,4135,pixel_transfer,3,0,1,0,1,0
12412,4137,pixel_transfer,3,0,1,0,1,0
12416,4138,pixel_transfer,3,0,3,0,1,0
12420,4139,pixel_transfer,3,0,3,0,3,0
12424,4141,pixel_transfer,3,0,3,0,3,0
12428,4142,pixel_transfer,3,0,3,0,3,0
12432,4143,pixel_transfer,3,0,3,0,3,0
12436,4145,pixel_transfer,3,0,3,0,3,0
12440,4146,pixel_transfer,3,1,3,0,3,0
12444,4147,pixel_transfer,2,0,3,0,3,0
12448,4149,pixel_transfer,2,0,3,0,3,0
12452,4150,pixel_transfer,2,0,3,0,3,0
12456,4151,pixel_transfer,2,0,3,0,3,0
12460,4153,pixel_transfer,2,0,3,0,3,0
12463,4154,pixel_transfer,1,0,0,0,0,0
12464,4154,pixel_transfer,2,0,3,0,3,0
12467,4155,pixel_transfer,1,0,0,0,0,0
12468,4155,pixel_transfer,2,0,3,1,3,0
12471,4156,pixel_transfer,1,0,0,0,0,0
12472,4157,pixel_transfer,2,0,2,0,3,1
12475,4158,pixel_transfer,1,0,0,0,0,0
12476,4158,pixel_transfer,2,0,2,0,2,0
12479,4159,pixel_transfer,1,0,0,0,0,0
12480,4159,pixel_transfer,2,0,2,0,2,0
12483,4160,pixel_transfer,1,0,0,0,0,0
12484,4161,pixel_transfer,2,0,2,0,2,0
12487,4162,pixel_transfer,1,0,0,0,0,0
12488,4162,pixel_transfer,2,0,2,0,2,0
12491,4163,pixel_transfer,1,0,1,0,0,0
12492,4163,pixel_transfer,2,0,2,0,2,0
12495,4164,pixel_transfer,1,0,1,0,1,0
12496,4165,pixel_transfer,2,0,2,0,2,0
12499,4166,pixel_transfer,1,0,1,0,1,0
12500,4166,pixel_transfer,2,0,2,0,2,0
12503,4167,pixel_transfer,1,0,1,0,1,0
12504,4167,pixel_transfer,2,0,2,0,2,0
12507,4168,pixel_transfer,1,0,1,0,1,0
12508,4169,pixel_transfer,2,0,2,0,2,0
12511,4170,pixel_transfer,1,0,1,0,1,0
12512,4170,pixel_transfer,2,2,2,0,2,0
12515,4171,pixel_transfer,1,0,1,0,1,0
12516,4171,pixel_transfer,0,0,2,0,2,0
12519,4172,pixel_transfer,1,0,1,0,1,0
12520,4173,pixel_transfer,0,0,2,0,2,0
12523,4174,pixel_transfer,1,0,1,0,1,0
12524,4174,pixel_transfer,0,0,2,0,2,0
12527,4175,pixel_transfer,1,0,1,0,1,0
12528,4175,pixel_transfer,0,0,2,0,2,0
12531,4176,pixel_transfer,1,0,1,0,1,0
12532,4177,pixel_transfer,0,0,2,0,2,0
12535,4178,pixel_transfer,3,0,1,0,1,0
12536,4178,pixel_transfer,0,0,2,0,2,0
12539,4179,pixel_transfer,3,0,1,0,1,0
12540,4179,pixel_transfer,0,0,2,2,2,0
12543,4180,pixel_transfer,3,0,1,0,1,0
12544,4181,pixel_transfer,0,0,0,0,2,2
12547,4182,line_marker,3,0,1,0,1,0
12551,4183,pixel_transfer,3,0,1,0,1,0
12555,4184,pixel_transfer,3,0,1,0,1,0
12559,4186,pixel_transfer,3,0,1,0,1,0
12563,4187,pixel_transfer,3,0,3,0,1,0
12567,4188,pixel_transfer,3,0,3,0,3,0
12571,4190,pixel_transfer,3,0,3,0,3,0
12575,4191,pixel_transfer,3,0,3,0,3,0
12579,4192,pixel_transfer,3,0,3,0,3,0
12583,4194,pixel_transfer,3,0,3,0,3,0
12587,4195,pixel_transfer,3,1,3,0,3,0
12591,4196,pixel_transfer,2,0,3,0,3,0
12595,4198,pixel_transfer,2,0,3,0,3,0
12599,4199,pixel_transfer,2,0,3,0,3,0
12603,4200,pixel_transfer,2,0,3,0,3,0
12607,4202,pixel_transfer,2,0,3,0,3,0
12610,4203,pixel_transfer,1,0,0,0,0,0
12611,4203,pixel_transfer,2,0,3,0,3,0
12614,4204,pixel_transfer,1,0,0,0,0,0
12615,4204,pixel_transfer,2,0,3,1,3,0
12618,4205,pixel_transfer,1,0,0,0,0,0
12619,4206,pixel_transfer,2,0,2,0,3,1
12622,4207,pixel_transfer,1,0,0,0,0,0
12623,4207,pixel_transfer,2,0,2,0,2,0
12626,4208,pixel_transfer,1,0,0,0,0,0
12627,4208,pixel_transfer,2,0,2,0,2,0
12630,4209,pixel_transfer,1,0,0,0,0,0
12631,4210,pixel_transfer,2,0,2,0,2,0
12634,4211,pixel_transfer,1,0,0,0,0,0
12635,4211,pixel_transfer,2,0,2,0,2,0
12638,4212,pixel_transfer,1,0,1,0,0,0
12639,4212,pixel_transfer,2,0,2,0,2,0
12642,4213,pixel_transfer,1,0,1,0,1,0
12643,4214,pixel_transfer,2,0,2,0,2,0
12646,4215,pixel_transfer,1,0,1,0,1,0
12647,4215,pixel_transfer,2,0,2,0,2,0
12650,4216,pixel_transfer,1,0,1,0,1,0
12651,4216,pixel_transfer,2,0,2,0,2,0
12654,4217,pixel_transfer,1,0,1,0,1,0
12655,4218,pixel_transfer,2,0,2,0,2,0
12658,4219,pixel_transfer,1,0,1,0,1,0
12659,4219,pixel_transfer,2,2,2,0,2,0
12662,4220,pixel_transfer,1,0,1,0,1,0
12663,4220,pixel_transfer,0,0,2,0,2,0
12666,4221,pixel_transfer,1,0,1,0,1,0
12667,4222,pixel_transfer,0,0,2,0,2,0
12670,4223,pixel_transfer,1,0,1,0,1,0
12671,4223,pixel_transfer,0,0,2,0,2,0
12674,4224,pixel_transfer,1,0,1,0,1,0
12675,4224,pixel_transfer,0,0,2,0,2,0
12678,4225,pixel_transfer,1,0,1,0,1,0
12679,4226,pixel_transfer,0,0,2,0,2,0
12682,4227,pixel_transfer,3,0,1,0,1,0
12683,4227,pixel_transfer,0,0,2,0,2,0
12686,4228,pixel_transfer,3,0,1,0,1,0
12687,4228,pixel_transfer,0,0,2,2,2,0
12690,4229,pixel_transfer,3,0,1,0,1,0
12691,4230,pixel_transfer,0,0,0,0,2,2
12694,4231,line_marker,3,0,1,0,1,0
12698,4232,pixel_transfer,3,0,1,0,1,0
12702,4233,pixel_transfer,3,0,1,0,1,0
12706,4235,pixel_transfer,3,0,1,0,1,0
12710,4236,pixel_transfer,3,0,3,0,1,0
12714,4237,pixel_transfer,3,0,3,0,3,0
12718,4239,pixel_transfer,3,0,3,0,3,0
12722,4240,pixel_transfer,3,0,3,0,3,0
12726,4241,pixel_transfer,3,0,3,0,3,0
12730,4243,pixel_transfer,3,0,3,0,3,0
12734,4244,pixel_transfer,3,1,3,0,3,0
12738,4245,pixel_transfer,2,0,3,0,3,0
12742,4247,pixel_transfer,2,0,3,0,3,0
12746,4248,pixel_transfer,2,0,3,0,3,0
12750,4249,pixel_transfer,2,0,3,0,3,0
12754,4251,pixel_transfer,2,0,3,0,3,0
12757,4252,pixel_transfer,1,0,0,0,0,0
12758,4252,pixel_transfer,2,0,3,0,3,0
12761,4253,pixel_transfer,1,0,0,0,0,0
12762,4253,pixel_transfer,2,0,3,1,3,0
12765,4254,pixel_transfer,1,0,0,0,0,0
12766,4255,pixel_transfer,2,0,2,0,3,1
12769,4256,pixel_transfer,1,0,0,0,0,0
12770,4256,pixel_transfer,2,0,2,0,2,0
12773,4257,pixel_transfer,1,0,0,0,0,0
12774,4257,pixel_transfer,2,0,2,0,2,0
12777,4258,pixel_transfer,1,0,0,0,0,0
12778,4259,pixel_transfer,2,0,2,0,2,0
12781,4260,pixel_transfer,1,0,0,0,0,0
12782,4260,pixel_transfer,2,0,2,0,2,0
12785,4261,pixel_transfer,1,0,1,0,0,0
12786,4261,pixel_transfer,2,0,2,0,2,0
12789,4262,pixel_transfer,1,0,1,0,1,0
12790,4263,pixel_transfer,2,0,2,0,2,0
12793,4264,pixel_transfer,1,0,1,0,1,0
12794,4264,pixel_transfer,2,0,2,0,2,0
12797,4265,pixel_transfer,1,0,1,0,1,0
12798,4265,pixel_transfer,2,0,2,0,2,0
12801,4266,pixel_transfer,1,0,1,0,1,0
12802,4267,pixel_transfer,2,0,2,0,2,0
12805,4268,pixel_transfer,1,0,1,0,1,0
12806,4268,pixel_transfer,2,2,2,0,2,0
12809,4269,pixel_transfer,1,0,1,0,1,0
12810,4269,pixel_transfer,0,0,2,0,2,0
12813,4270,pixel_transfer,1,0,1,0,1,0
12814,4271,pixel_transfer,0,0,2,0,2,0
12817,4272,pixel_transfer,1,0,1,0,1,0
12818,4272,pixel_transfer,0,0,2,0,2,0
12821,4273,pixel_transfer,1,0,1,0,1,0
12822,4273,pixel_transfer,0,0,2,0,2,0
12825,4274,pixel_transfer,1,0,1,0,1,0
12826,4275,pixel_transfer,0,0,2,0,2,0
12829,4276,pixel_transfer,3,0,1,0,1,0
12830,4276,pixel_transfer,0,0,2,0,2,0
12833,4277,pixel_transfer,3,0,1,0,1,0
12834,4277,pixel_transfer,0,0,2,2,2,0
12837,4278,pixel_transfer,3,0,1,0,1,0
12838,4279,pixel_transfer,0,0,0,0,2,2
12841,4280,line_marker,3,0,1,0,1,0
12845,4281,pixel_transfer,3,0,1,0,1,0
12849,4282,pixel_transfer,3,0,1,0,1,0
12853,4284,pixel_transfer,3,0,1,0,1,0
12857,4285,pixel_transfer,3,0,3,0,1,0
12861,4286,pixel_transfer,3,0,3,0,3,0
12865,4288,pixel_transfer,3,0,3,0,3,0
12869,4289,pixel_transfer,3,0,3,0,3,0
12873,4290,pixel_transfer,3,0,3,0,3,0
12877,4292,pixel_transfer,3,0,3,0,3,0
12881,4293,pixel_transfer,3,1,3,0,3,0
12885,4294,pixel_transfer,2,0,3,0,3,0
12889,4296,pixel_transfer,2,0,3,0,3,0
12893,4297,pixel_transfer,2,0,3,0,3,0
12897,4298,pixel_transfer,2,0,3,0,3,0
12901,4300,pixel_transfer,2,0,3,0,3,0
12904,4301,pixel_transfer,1,0,0,0,0,0
12905,4301,pixel_transfer,2,0,3,0,3,0
12908,4302,pixel_transfer,1,0,0,0,0,0
12909,4302,pixel_transfer,2,0,3,1,3,0
12912,4303,pixel_transfer,1,0,0,0,0,0
12913,4304,pixel_transfer,2,0,2,0,3,1
12916,4305,pixel_transfer,1,0,0,0,0,0
12917,4305,pixel_transfer,2,0,2,0,2,0
12920,4306,pixel_transfer,1,0,0,0,0,0
12921,4306,pixel_transfer,2,0,2,0,2,0
12924,4307,pixel_transfer,1,0,0,0,0,0
12925,4308,pixel_transfer,2,0,2,0,2,0
12928,4309,pixel_transfer,1,0,0,0,0,0
12929,4309,pixel_transfer,2,0,2,0,2,0
12932,4310,pixel_transfer,1,0,1,0,0,0
12933,4310,pixel_transfer,2,0,2,0,2,0
12936,4311,pixel_transfer,1,0,1,0,1,0
12937,4312,pixel_transfer,2,0,2,0,2,0
12940,4313,pixel_transfer,1,0,1,0,1,0
12941,4313,pixel_transfer,2,0,2,0,2,0
12944,4314,pixel_transfer,1,0,1,0,1,0
12945,4314,pixel_transfer,2,0,2,0,2,0
12948,4315,pixel_transfer,1,0,1,0,1,0
12949,4316,pixel_transfer,2,0,2,0,2,0
12952,4317,pixel_transfer,1,0,1,0,1,0
12953,4317,pixel_transfer,2,2,2,0,2,0
12956,4318,pixel_transfer,1,0,1,0,1,0
12957,4318,pixel_transfer,0,0,2,0,2,0
12960,4319,pixel_transfer,1,0,1,0,1,0
12961,4320,pixel_transfer,0,0,2,0,2,0
12964,4321,pixel_transfer,1,0,1,0,1,0
12965,4321,pixel_transfer,0,0,2,0,2,0
12968,4322,pixel_transfer,1,0,1,0,1,0
12969,4322,pixel_transfer,0,0,2,0,2,0
12972,4323,pixel_transfer,1,0,1,0,1,0
12973,4324,pixel_transfer,0,0,2,0,2,0
12976,4325,pixel_transfer,3,0,1,0,1,0
12977,4325,pixel_transfer,0,0,2,0,2,0
12980,4326,pixel_transfer,3,0,1,0,1,0
12981,4326,pixel_transfer,0,0,2,2,2,0
12984,4327,pixel_transfer,3,0,1,0,1,0
12985,4328,pixel_transfer,0,0,0,0,2,2
12988,4329,line_marker,3,0,1,0,1,0
12992,4330,pixel_transfer,3,0,1,0,1,0
12996,4331,pixel_transfer,3,0,1,0,1,0
13000,4333,pixel_transfer,3,0,1,0,1,0
13004,4334,pixel_transfer,3,0,3,0,1,0
13008,4335,pixel_transfer,3,0,3,0,3,0
13012,4337,pixel_transfer,3,0,3,0,3,0
13016,4338,pixel_transfer,3,0,3,0,3,0
13020,4339,pixel_transfer,3,0,3,0,3,0
13024,4341,pixel_transfer,3,0,3,0,3,0
13028,4342,pixel_transfer,3,1,3,0,3,0
13032,4343,pixel_transfer,2,0,3,0,3,0
13036,4345,pixel_transfer,2,0,3,0,3,0
13040,4346,pixel_transfer,2,0,3,0,3,0
13044,4347,pixel_transfer,2,0,3,0,3,0
13048,4349,pixel_transfer,2,0,3,0,3,0
13051,4350,pixel_transfer,1,0,0,0,0,0
13052,4350,pixel_transfer,2,0,3,0,3,0
13055,4351,pixel_transfer,1,0,0,0,0,0
13056,4351,pixel_transfer,2,0,3,1,3,0
13059,4352,pixel_transfer,1,0,0,0,0,0
13060,4353,pixel_transfer,2,0,2,0,3,1
13063,4354,pixel_transfer,1,0,0,0,0,0
13064,4354,pixel_transfer,2,0,2,0,2,0
13067,4355,pixel_transfer,1,0,0,0,0,0
13068,4355,pixel_transfer,2,0,2,0,2,0
13071,4356,pixel_transfer,1,0,0,0,0,0
13072,4357,pixel_transfer,2,0,2,0,2,0
13075,4358,pixel_transfer,1,0,0,0,0,0
13076,4358,pixel_transfer,2,0,2,0,2,0
13079,4359,pixel_transfer,1,0,1,0,0,0
13080,4359,pixel_transfer,2,0,2,0,2,0
13083,4360,pixel_transfer,1,0,1,0,1,0
13084,4361,pixel_transfer,2,0,2,0,2,0
13087,4362,pixel_transfer,1,0,1,0,1,0
13088,4362,pixel_transfer,2,0,2,0,2,0
13091,4363,pixel_transfer,1,0,1,0,1,0
13092,4363,pixel_transfer,2,0,2,0,2,0
13095,4364,pixel_transfer,1,0,1,0,1,0
13096,4365,pixel_transfer,2,0,2,0,2,0
13099,4366,pixel_transfer,1,0,1,0,1,0
13100,4366,pixel_transfer,2,2,2,0,2,0
13103,4367,pixel_transfer,1,0,1,0,1,0
13104,4367,pixel_transfer,0,0,2,0,2,0
13107,4368,pixel_transfer,1,0,1,0,1,0
13108,4369,pixel_transfer,0,0,2,0,2,0
13111,4370,pixel_transfer,1,0,1,0,1,0
13112,4370,pixel_transfer,0,0,2,0,2,0
13115,4371,pixel_transfer,1,0,1,0,1,0
13116,4371,pixel_transfer,0,0,2,0,2,0
13119,4372,pixel_transfer,1,0,1,0,1,0
13120,4373,pixel_transfer,0,0,2,0,2,0
13123,4374,pixel_transfer,3,0,1,0,1,0
13124,4374,pixel_transfer,0,0,2,0,2,0
13127,4375,pixel_transfer,3,0,1,0,1,0
13128,4375,pixel_transfer,0,0,2,2,2,0
13131,4376,pixel_transfer,3,0,1,0,1,0
13132,4377,pixel_transfer,0,0,0,0,2,2
13135,4378,line_marker,3,0,1,0,1,0
13139,4379,pixel_transfer,3,0,1,0,1,0
13143,4380,pixel_transfer,3,0,1,0,1,0
13147,4382,pixel_transfer,3,0,1,0,1,0
13151,4383,pixel_transfer,3,0,3,0,1,0
13155,4384,pixel_transfer,3,0,3,0,3,0
13159,4386,pixel_transfer,3,0,3,0,3,0
13163,4387,pixel_transfer,3,0,3,0,3,0
13167,4388,pixel_transfer,3,0,3,0,3,0
13171,4390,pixel_transfer,3,0,3,0,3,0
13175,4391,pixel_transfer,3,1,3,0,3,0
13179,4392,pixel_transfer,2,0,3,0,3,0
13183,4394,pixel_transfer,2,0,3,0,3,0
13187,4395,pixel_transfer,2,0,3,0,3,0
13191,4396,pixel_transfer,2,0,3,0,3,0
13195,4398,pixel_transfer,2,0,3,0,3,0
13198,4399,pixel_transfer,1,0,0,0,0,0
13199,4399,pixel_transfer,2,0,3,0,3,0
13202,4400,pixel_transfer,1,0,0,0,0,0
13203,4400,pixel_transfer,2,0,3,1,3,0
13206,4401,pixel_transfer,1,0,0,0,0,0
13207,4402,pixel_transfer,2,0,2,0,3,1
13210,4403,pixel_transfer,1,0,0,0,0,0
13211,4403,pixel_transfer,2,0,2,0,2,0
13214,4404,pixel_transfer,1,0,0,0,0,0
13215,4404,pixel_transfer,2,0,2,0,2,0
13218,4405,pixel_transfer,1,0,0,0,0,0
13219,4406,pixel_transfer,2,0,2,0,2,0
13222,4407,pixel_transfer,1,0,0,0,0,0
13223,4407,pixel_transfer,2,0,2,0,2,0
13226,4408,pixel_transfer,1,0,1,0,0,0
13227,4408,pixel_transfer,2,0,2,0,2,0
13230,4409,pixel_transfer,1,0,1,0,1,0
13231,4410,pixel_transfer,2,0,2,0,2,0
13234,4411,pixel_transfer,1,0,1,0,1,0
13235,4411,pixel_transfer,2,0,2,0,2,0
13238,4412,pixel_transfer,1,0,1,0,1,0
13239,4412,pixel_transfer,2,0,2,0,2,0
13242,4413,pixel_transfer,1,0,1,0,1,0
13243,4414,pixel_transfer,2,0,2,0,2,0
13246,4415,pixel_transfer,1,0,1,0,1,0
13247,4415,pixel_transfer,2,2,2,0,2,0
13250,4416,pixel_transfer,1,0,1,0,1,0
13251,4416,pixel_transfer,0,0,2,0,2,0
13254,4417,pixel_transfer,1,0,1,0,1,0
13255,4418,pixel_transfer,0,0,2,0,2,0
13258,4419,pixel_transfer,1,0,1,0,1,0
13259,4419,pixel_transfer,0,0,2,0,2,0
13262,4420,pixel_transfer,1,0,1,0,1,0
13263,4420,pixel_transfer,0,0,2,0,2,0
13266,4421,pixel_transfer,1,0,1,0,1,0
13267,4422,pixel_transfer,0,0,2,0,2,0
13270,4423,pixel_transfer,3,0,1,0,1,0
13271,4423,pixel_transfer,0,0,2,0,2,0
13274,4424,pixel_transfer,3,0,1,0,1,0
13275,4424,pixel_transfer,0,0,2,2,2,0
13278,4425,pixel_transfer,3,0,1,0,1,0
13279,4426,pixel_transfer,0,0,0,0,2,2
13282,4427,line_marker,3,0,1,0,1,0
13286,4428,pixel_transfer,3,0,1,0,1,0
13290,4429,pixel_transfer,3,0,1,0,1,0
13294,4431,pixel_transfer,3,0,1,0,1,0
13298,4432,pixel_transfer,3,0,3,0,1,0
13302,4433,pixel_transfer,3,0,3,0,3,0
13306,4435,pixel_transfer,3,0,3,0,3,0
13310,4436,pixel_transfer,3,0,3,0,3,0
13314,4437,pixel_transfer,3,0,3,0,3,0
13318,4439,pixel_transfer,3,0,3,0,3,0
13322,4440,pixel_transfer,3,1,3,0,3,0
13326,4441,pixel_transfer,2,0,3,0,3,0
13330,4443,pixel_transfer,2,0,3,0,3,0
13334,4444,pixel_transfer,2,0,3,0,3,0
13338,4445,pixel_transfer,2,0,3,0,3,0
13342,4447,pixel_transfer,2,0,3,0,3,0
13345,4448,pixel_transfer,1,0,0,0,0,0
13346,4448,pixel_transfer,2,0,3,0,3,0
13349,4449,pixel_transfer,1,0,0,0,0,0
13350,4449,pixel_transfer,2,0,3,1,3,0
13353,4450,pixel_transfer,1,0,0,0,0,0
13354,4451,pixel_transfer,2,0,2,0,3,1
13357,4452,pixel_transfer,1,0,0,0,0,0
13358,4452,pixel_transfer,2,0,2,0,2,0
13361,4453,pixel_transfer,1,0,0,0,0,0
13362,4453,pixel_transfer,2,0,2,0,2,0
13365,4454,pixel_transfer,1,0,0,0,0,0
13366,4455,pixel_transfer,2,0,2,0,2,0
13369,4456,pixel_transfer,1,0,0,0,0,0
13370,4456,pixel_transfer,2,0,2,0,2,0
13373,4457,pixel_transfer,1,0,1,0,0,0
13374,4457,pixel_transfer,2,0,2,0,2,0
13377,4458,pixel_transfer,1,0,1,0,1,0
13378,4459,pixel_transfer,2,0,2,0,2,0
13381,4460,pixel_transfer,1,0,1,0,1,0
13382,4460,pixel_transfer,2,0,2,0,2,0
13385,4461,pixel_transfer,1,0,1,0,1,0
13386,4461,pixel_transfer,2,0,2,0,2,0
13389,4462,pixel_transfer,1,0,1,0,1,0
13390,4463,pixel_transfer,2,0,2,0,2,0
13393,4464,pixel_transfer,1,0,1,0,1,0
13394,4464,pixel_transfer,2,2,2,0,2,0
13397,4465,pixel_transfer,1,0,1,0,1,0
13398,4465,pixel_transfer,0,0,2,0,2,0
13401,4466,pixel_transfer,1,0,1,0,1,0
13402,4467,pixel_transfer,0,0,2,0,2,0
13405,4468,pixel_transfer,1,0,1,0,1,0
13406,4468,pixel_transfer,0,0,2,0,2,0
13409,4469,pixel_transfer,1,0,1,0,1,0
13410,4469,pixel_transfer,0,0,2,0,2,0
13413,4470,pixel_transfer,1,0,1,0,1,0
13414,4471,pixel_transfer,0,0,2,0,2,0
13417,4472,pixel_transfer,3,0,1,0,1,0
13418,4472,pixel_transfer,0,0,2,0,2,0
13421,4473,pixel_transfer,3,0,1,0,1,0
13422,4473,pixel_transfer,0,0,2,2,2,0
13425,4474,pixel_transfer,3,0,1,0,1,0
13426,4475,pixel_transfer,0,0,0,0,2,2
13429,4476,line_marker,3,0,1,0,1,0
13433,4477,pixel_transfer,3,0,1,0,1,0
13437,4478,pixel_transfer,3,0,1,0,1,0
13441,4480,pixel_transfer,3,0,1,0,1,0
13445,4481,pixel_transfer,3,0,3,0,1,0
13449,4482,pixel_transfer,3,0,3,0,3,0
13453,4484,pixel_transfer,3,0,3,0,3,0
13457,4485,pixel_transfer,3,0,3,0,3,0
13461,4486,pixel_transfer,3,0,3,0,3,0
13465,4488,pixel_transfer,3,0,3,0,3,0
13469,4489,pixel_transfer,3,1,3,0,3,0
13473,4490,pixel_transfer,2,0,3,0,3,0
13477,4492,pixel_transfer,2,0,3,0,3,0
13481,4493,pixel_transfer,2,0,3,0,3,0
13485,4494,pixel_transfer,2,0,3,0,3,0
13489,4496,pixel_transfer,2,0,3,0,3,0
13492,4497,pixel_transfer,1,0,0,0,0,0
13493,4497,pixel_transfer,2,0,3,0,3,0
13496,4498,pixel_transfer,1,0,0,0,0,0
13497,4498,pixel_transfer,2,0,3,1,3,0
13500,4499,pixel_transfer,1,0,0,0,0,0
13501,4500,pixel_transfer,2,0,2,0,3,1
13504,4501,pixel_transfer,1,0,0,0,0,0
13505,4501,pixel_transfer,2,0,2,0,2,0
13508,4502,pixel_transfer,1,0,0,0,0,0
13509,4502,pixel_transfer,2,0,2,0,2,0
13512,4503,pixel_transfer,1,0,0,0,0,0
13513,4504,pixel_transfer,2,0,2,0,2,0
13516,4505,pixel_transfer,1,0,0,0,0,0
13517,4505,pixel_transfer,2,0,2,0,2,0
13520,4506,pixel_transfer,1,0,1,0,0,0
13521,4506,pixel_transfer,2,0,2,0,2,0
13524,4507,pixel_transfer,1,0,1,0,1,0
13525,4508,pixel_transfer,2,0,2,0,2,0
13528,4509,pixel_transfer,1,0,1,0,1,0
13529,4509,pixel_transfer,2,0,2,0,2,0
13532,4510,pixel_transfer,1,0,1,0,1,0
13533,4510,pixel_transfer,2,0,2,0,2,0
13536,4511,pixel_transfer,1,0,1,0,1,0
13537,4512,pixel_transfer,2,0,2,0,2,0
13540,4513,pixel_transfer,1,0,1,0,1,0
13541,4513,pixel_transfer,2,2,2,0,2,0
13544,4514,pixel_transfer,1,0,1,0,1,0
13545,4514,pixel_transfer,0,0,2,0,2,0
13548,4515,pixel_transfer,1,0,1,0,1,0
13549,4516,pixel_transfer,0,0,2,0,2,0
13552,4517,pixel_transfer,1,0,1,0,1,0
13553,4517,pixel_transfer,0,0,2,0,2,0
13556,4518,pixel_transfer,1,0,1,0,1,0
13557,4518,pixel_transfer,0,0,2,0,2,0
13560,4519,pixel_transfer,1,0,1,0,1,0
13561,4520,pixel_transfer,0,0,2,0,2,0
13564,4521,pixel_transfer,3,0,1,0,1,0
13565,4521,pixel_transfer,0,0,2,0,2,0
13568,4522,pixel_transfer,3,0,1,0,1,0
13569,4522,pixel_transfer,0,0,2,2,2,0
13572,4523,pixel_transfer,3,0,1,0,1,0
13573,4524,pixel_transfer,0,0,0,0,2,2
13576,4525,line_marker,3,0,1,0,1,0
13580,4526,pixel_transfer,3,0,1,0,1,0
13584,4527,pixel_transfer,3,0,1,0,1,0
13588,4529,pixel_transfer,3,0,1,0,1,0
13592,4530,pixel_transfer,3,0,3,0,1,0
13596,4531,pixel_transfer,3,0,3,0,3,0
13600,4533,pixel_transfer,3,0,3,0,3,0
13604,4534,pixel_transfer,3,0,3,0,3,0
13608,4535,pixel_transfer,3,0,3,0,3,0
13612,4537,pixel_transfer,3,0,3,0,3,0
13616,4538,pixel_transfer,3,1,3,0,3,0
13620,4539,pixel_transfer,2,0,3,0,3,0
13624,4541,pixel_transfer,2,0,3,0,3,0
13628,4542,pixel_transfer,2,0,3,0,3,0
13632,4543,pixel_transfer,2,0,3,0,3,0
13636,4545,pixel_transfer,2,0,3,0,3,0
13639,4546,pixel_transfer,1,0,0,0,0,0
13640,4546,pixel_transfer,2,0,3,0,3,0
13643,4547,pixel_transfer,1,0,0,0,0,0
13644,4547,pixel_transfer,2,0,3,1,3,0
13647,4548,pixel_transfer,1,0,0,0,0,0
13648,4549,pixel_transfer,2,0,2,0,3,1
13651,4550,pixel_transfer,1,0,0,0,0,0
13652,4550,pixel_transfer,2,0,2,0,2,0
13655,4551,pixel_transfer,1,0,0,0,0,0
13656,4551,pixel_transfer,2,0,2,0,2,0
13659,4552,pixel_transfer,1,0,0,0,0,0
13660,4553,pixel_transfer,2,0,2,0,2,0
13663,4554,pixel_transfer,1,0,0,0,0,0
13664,4554,pixel_transfer,2,0,2,0,2,0
13667,4555,pixel_transfer,1,0,1,0,0,0
13668,4555,pixel_transfer,2,0,2,0,2,0
13671,4556,pixel_transfer,1,0,1,0,1,0
13672,4557,pixel_transfer,2,0,2,0,2,0
13675,4558,pixel_transfer,1,0,1,0,1,0
13676,4558,pixel_transfer,2,0,2,0,2,0
13679,4559,pixel_transfer,1,0,1,0,1,0
13680,4559,pixel_transfer,2,0,2,0,2,0
13683,4560,pixel_transfer,1,0,1,0,1,0
13684,4561,pixel_transfer,2,0,2,0,2,0
13687,4562,pixel_transfer,1,0,1,0,1,0
13688,4562,pixel_transfer,2,2,2,0,2,0
13691,4563,pixel_transfer,1,0,1,0,1,0
13692,4563,pixel_transfer,0,0,2,0,2,0
13695,4564,pixel_transfer,1,0,1,0,1,0
13696,4565,pixel_transfer,0,0,2,0,2,0
13699,4566,pixel_transfer,1,0,1,0,1,0
13700,4566,pixel_transfer,0,0,2,0,2,0
13703,4567,pixel_transfer,1,0,1,0,1,0
13704,4567,pixel_transfer,0,0,2,0,2,0
13707,4568,pixel_transfer,1,0,1,0,1,0
13708,4569,pixel_transfer,0,0,2,0,2,0
13711,4570,pixel_transfer,3,0,1,0,1,0
13712,4570,pixel_transfer,0,0,2,0,2,0
13715,4571,pixel_transfer,3,0,1,0,1,0
13716,4571,pixel_transfer,0,0,2,2,2,0
13719,4572,pixel_transfer,3,0,1,0,1,0
13720,4573,pixel_transfer,0,0,0,0,2,2
13723,4574,line_marker,3,0,1,0,1,0
13727,4575,pixel_transfer,3,0,1,0,1,0
13731,4576,pixel_transfer,3,0,1,0,1,0
13735,4578,pixel_transfer,3,0,1,0,1,0
13739,4579,pixel_transfer,3,0,3,0,1,0
13743,4580,pixel_transfer,3,0,3,0,3,0
13747,4582,pixel_transfer,3,0,3,0,3,0
13751,4583,pixel_transfer,3,0,3,0,3,0
13755,4584,pixel_transfer,3,0,3,0,3,0
13759,4586,pixel_transfer,3,0,3,0,3,0
13763,4587,pixel_transfer,3,1,3,0,3,0
13767,4588,pixel_transfer,2,0,3,0,3,0
13771,4590,pixel_transfer,2,0,3,0,3,0
13775,4591,pixel_transfer,2,0,3,0,3,0
13779,4592,pixel_transfer,2,0,3,0,3,0
13783,4594,pixel_transfer,2,0,3,0,3,0
13786,4595,pixel_transfer,1,0,0,0,0,0
13787,4595,pixel_transfer,2,0,3,0,3,0
13790,4596,pixel_transfer,1,0,0,0,0,0
13791,4596,pixel_transfer,2,0,3,1,3,0
13794,4597,pixel_transfer,1,0,0,0,0,0
13795,4598,pixel_transfer,2,0,2,0,3,1
13798,4599,pixel_transfer,1,0,0,0,0,0
13799,4599,pixel_transfer,2,0,2,0,2,0
13802,4600,pixel_transfer,1,0,0,0,0,0
13803,4600,pixel_transfer,2,0,2,0,2,0
13806,4601,pixel_transfer,1,0,0,0,0,0
13807,4602,pixel_transfer,2,0,2,0,2,0
13810,4603,pixel_transfer,1,0,0,0,0,0
13811,4603,pixel_transfer,2,0,2,0,2,0
13814,4604,pixel_transfer,1,0,1,0,0,0
13815,4604,pixel_transfer,2,0,2,0,2,0
13818,4605,pixel_transfer,1,0,1,0,1,0
13819,4606,pixel_transfer,2,0,2,0,2,0
13822,4607,pixel_transfer,1,0,1,0,1,0
13823,4607,pixel_transfer,2,0,2,0,2,0
13826,4608,pixel_transfer,1,0,1,0,1,0
13827,4608,pixel_transfer,2,0,2,0,2,0
13830,4609,pixel_transfer,1,0,1,0,1,0
13831,4610,pixel_transfer,2,0,2,0,2,0
13834,4611,pixel_transfer,1,0,1,0,1,0
13835,4611,pixel_transfer,2,2,2,0,2,0
13838,4612,pixel_transfer,1,0,1,0,1,0
13839,4612,pixel_transfer,0,0,2,0,2,0
13842,4613,pixel_transfer,1,0,1,0,1,0
13843,4614,pixel_transfer,0,0,2,0,2,0
13846,4615,pixel_transfer,1,0,1,0,1,0
13847,4615,pixel_transfer,0,0,2,0,2,0
13850,4616,pixel_transfer,1,0,1,0,1,0
13851,4616,pixel_transfer,0,0,2,0,2,0
13854,4617,pixel_transfer,1,0,1,0,1,0
13855,4618,pixel_transfer,0,0,2,0,2,0
13858,4619,pixel_transfer,3,0,1,0,1,0
13859,4619,pixel_transfer,0,0,2,0,2,0
13862,4620,pixel_transfer,3,0,1,0,1,0
13863,4620,pixel_transfer,0,0,2,2,2,0
13866,4621,pixel_transfer,3,0,1,0,1,0
13867,4622,pixel_transfer,0,0,0,0,2,2
13870,4623,line_marker,3,0,1,0,1,0
13874,4624,pixel_transfer,3,0,1,0,1,0
13878,4625,pixel_transfer,3,0,1,0,1,0
13882,4627,pixel_transfer,3,0,1,0,1,0
13886,4628,pixel_transfer,3,0,3,0,1,0
13890,4629,pixel_transfer,3,0,3,0,3,0
13894,4631,pixel_transfer,3,0,3,0,3,0
13898,4632,pixel_transfer,3,0,3,0,3,0
13902,4633,pixel_transfer,3,0,3,0,3,0
13906,4635,pixel_transfer,3,0,3,0,3,0
13910,4636,pixel_transfer,3,1,3,0,3,0
13914,4637,pixel_transfer,2,0,3,0,3,0
13918,4639,pixel_transfer,2,0,3,0,3,0
13922,4640,pixel_transfer,2,0,3,0,3,0
13926,4641,pixel_transfer,2,0,3,0,3,0
13930,4643,pixel_transfer,2,0,3,0,3,0
13933,4644,pixel_transfer,1,0,0,0,0,0
13934,4644,pixel_transfer,2,0,3,0,3,0
13937,4645,pixel_transfer,1,0,0,0,0,0
13938,4645,pixel_transfer,2,0,3,1,3,0
13941,4646,pixel_transfer,1,0,0,0,0,0
13942,4647,pixel_transfer,2,0,2,0,3,1
13945,4648,pixel_transfer,1,0,0,0,0,0
13946,4648,pixel_transfer,2,0,2,0,2,0
13949,4649,pixel_transfer,1,0,0,0,0,0
13950,4649,pixel_transfer,2,0,2,0,2,0
13953,4650,pixel_transfer,1,0,0,0,0,0
13954,4651,pixel_transfer,2,0,2,0,2,0
13957,4652,pixel_transfer,1,0,0,0,0,0
13958,4652,pixel_transfer,2,0,2,0,2,0
13961,4653,pixel_transfer,1,0,1,0,0,0
13962,4653,pixel_transfer,2,0,2,0,2,0
13965,4654,pixel_transfer,1,0,1,0,1,0
13966,4655,pixel_transfer,2,0,2,0,2,0
13969,4656,pixel_transfer,1,0,1,0,1,0
13970,4656,pixel_transfer,2,0,2,0,2,0
13973,4657,pixel_transfer,1,0,1,0,1,0
13974,4657,pixel_transfer,2,0,2,0,2,0
13977,4658,pixel_transfer,1,0,1,0,1,0
13978,4659,pixel_transfer,2,0,2,0,2,0
13981,4660,pixel_transfer,1,0,1,0,1,0
13982,4660,pixel_transfer,2,2,2,0,2,0
13985,4661,pixel_transfer,1,0,1,0,1,0
13986,4661,pixel_transfer,0,0,2,0,2,0
13989,4662,pixel_transfer,1,0,1,0,1,0
13990,4663,pixel_transfer,0,0,2,0,2,0
13993,4664,pixel_transfer,1,0,1,0,1,0
13994,4664,pixel_transfer,0,0,2,0,2,0
13997,4665,pixel_transfer,1,0,1,0,1,0
13998,4665,pixel_transfer,0,0,2,0,2,0
14001,4666,pixel_transfer,1,0,1,0,1,0
14002,4667,pixel_transfer,0,0,2,0,2,0
14005,4668,pixel_transfer,3,0,1,0,1,0
14006,4668,pixel_transfer,0,0,2,0,2,0
14009,4669,pixel_transfer,3,0,1,0,1,0
14010,4669,pixel_transfer,0,0,2,2,2,0
14013,4670,pixel_transfer,3,0,1,0,1,0
14014,4671,pixel_transfer,0,0,0,0,2,2
14017,4672,line_marker,3,0,1,0,1,0
14021,4673,pixel_transfer,3,0,1,0,1,0
14025,4674,pixel_transfer,3,0,1,0,1,0
14029,4676,pixel_transfer,3,0,1,0,1,0
14033,4677,pixel_transfer,3,0,3,0,1,0
14037,4678,pixel_transfer,3,0,3,0,3,0
14041,4680,pixel_transfer,3,0,3,0,3,0
14045,4681,pixel_transfer,3,0,3,0,3,0
14049,4682,pixel_transfer,3,0,3,0,3,0
14053,4684,pixel_transfer,3,0,3,0,3,0
14057,4685,pixel_transfer,3,1,3,0,3,0
14061,4686,pixel_transfer,2,0,3,0,3,0
14065,4688,pixel_transfer,2,0,3,0,3,0
14069,4689,pixel_transfer,2,0,3,0,3,0
14073,4690,pixel_transfer,2,0,3,0,3,0
14077,4692,pixel_transfer,2,0,3,0,3,0
14080,4693,pixel_transfer,1,0,0,0,0,0
14081,4693,pixel_transfer,2,0,3,0,3,0
14084,4694,pixel_transfer,1,0,0,0,0,0
14085,4694,pixel_transfer,2,0,3,1,3,0
14088,4695,pixel_transfer,1,0,0,0,0,0
14089,4696,pixel_transfer,2,0,2,0,3,1
14092,4697,pixel_transfer,1,0,0,0,0,0
14093,4697,pixel_transfer,2,0,2,0,2,0
14096,4698,pixel_transfer,1,0,0,0,0,0
14097,4698,pixel_transfer,2,0,2,0,2,0
14100,4699,pixel_transfer,1,0,0,0,0,0
14101,4700,pixel_transfer,2,0,2,0,2,0
14104,4701,pixel_transfer,1,0,0,0,0,0
14105,4701,pixel_transfer,2,0,2,0,2,0
14108,4702,pixel_transfer,1,0,1,0,0,0
14109,4702,pixel_transfer,2,0,2,0,2,0
14112,4703,pixel_transfer,1,0,1,0,1,0
14113,4704,pixel_transfer,2,0,2,0,2,0
14116,4705,pixel_transfer,1,0,1,0,1,0
14117,4705,pixel_transfer,2,0,2,0,2,0
14120,4706,pixel_transfer,1,0,1,0,1,0
14121,4706,pixel_transfer,2,0,2,0,2,0
14124,4707,pixel_transfer,1,0,1,0,1,0
14125,4708,pixel_transfer,2,0,2,0,2,0
14128,4709,pixel_transfer,1,0,1,0,1,0
14129,4709,pixel_transfer,2,2,2,0,2,0
14132,4710,pixel_transfer,1,0,1,0,1,0
14133,4710,pixel_transfer,0,0,2,0,2,0
14136,4711,pixel_transfer,1,0,1,0,1,0
14137,4712,pixel_transfer,0,0,2,0,2,0
14140,4713,pixel_transfer,1,0,1,0,1,0
14141,4713,pixel_transfer,0,0,2,0,2,0
14144,4714,pixel_transfer,1,0,1,0,1,0
14145,4714,pixel_transfer,0,0,2,0,2,0
14148,4715,pixel_transfer,1,0,1,0,1,0
14149,4716,pixel_transfer,0,0,2,0,2,0
14152,4717,pixel_transfer,3,0,1,0,1,0
14153,4717,pixel_transfer,0,0,2,0,2,0
14156,4718,pixel_transfer,3,0,1,0,1,0
14157,4718,pixel_transfer,0,0,2,2,2,0
14160,4719,pixel_transfer,3,0,1,0,1,0
14161,4720,pixel_transfer,0,0,0,0,2,2
14164,4721,line_marker,3,0,1,0,1,0
14168,4722,pixel_transfer,3,0,1,0,1,0
14172,4723,pixel_transfer,3,0,1,0,1,0
14176,4725,pixel_transfer,3,0,1,0,1,0
14180,4726,pixel_transfer,3,0,3,0,1,0
14184,4727,pixel_transfer,3,0,3,0,3,0
14188,4729,pixel_transfer,3,0,3,0,3,0
14192,4730,pixel_transfer,3,0,3,0,3,0
14196,4731,pixel_transfer,3,0,3,0,3,0
14200,4733,pixel_transfer,3,0,3,0,3,0
14204,4734,pixel_transfer,3,1,3,0,3,0
14208,4735,pixel_transfer,2,0,3,0,3,0
14212,4737,pixel_transfer,2,0,3,0,3,0
14216,4738,pixel_transfer,2,0,3,0,3,0
14220,4739,pixel_transfer,2,0,3,0,3,0
14224,4741,pixel_transfer,2,0,3,0,3,0
14227,4742,pixel_transfer,1,0,0,0,0,0
14228,4742,pixel_transfer,2,0,3,0,3,0
14231,4743,pixel_transfer,1,0,0,0,0,0
14232,4743,pixel_transfer,2,0,3,1,3,0
14235,4744,pixel_transfer,1,0,0,0,0,0
14236,4745,pixel_transfer,2,0,2,0,3,1
14239,4746,pixel_transfer,1,0,0,0,0,0
14240,4746,pixel_transfer,2,0,2,0,2,0
14243,4747,pixel_transfer,1,0,0,0,0,0
14244,4747,pixel_transfer,2,0,2,0,2,0
14247,4748,pixel_transfer,1,0,0,0,0,0
14248,4749,pixel_transfer,2,0,2,0,2,0
14251,4750,pixel_transfer,1,0,0,0,0,0
14252,4750,pixel_transfer,2,0,2,0,2,0
14255,4751,pixel_transfer,1,0,1,0,0,0
14256,4751,pixel_transfer,2,0,2,0,2,0
14259,4752,pixel_transfer,1,0,1,0,1,0
14260,4753,pixel_transfer,2,0,2,0,2,0
14263,4754,pixel_transfer,1,0,1,0,1,0
14264,4754,pixel_transfer,2,0,2,0,2,0
14267,4755,pixel_transfer,1,0,1,0,1,0
14268,4755,pixel_transfer,2,0,2,0,2,0
14271,4756,pixel_transfer,1,0,1,0,1,0
14272,4757,pixel_transfer,2,0,2,0,2,0
14275,4758,pixel_transfer,1,0,1,0,1,0
14276,4758,pixel_transfer,2,2,2,0,2,0
14279,4759,pixel_transfer,1,0,1,0,1,0
14280,4759,pixel_transfer,0,0,2,0,2,0
14283,4760,pixel_transfer,1,0,1,0,1,0
14284,4761,pixel_transfer,0,0,2,0,2,0
14287,4762,pixel_transfer,1,0,1,0,1,0
14288,4762,pixel_transfer,0,0,2,0,2,0
14291,4763,pixel_transfer,1,0,1,0,1,0
14292,4763,pixel_transfer,0,0,2,0,2,0
14295,4764,pixel_transfer,1,0,1,0,1,0
14296,4765,pixel_transfer,0,0,2,0,2,0
14299,4766,pixel_transfer,3,0,1,0,1,0
14300,4766,pixel_transfer,0,0,2,0,2,0
14303,4767,pixel_transfer,3,0,1,0,1,0
14304,4767,pixel_transfer,0,0,2,2,2,0
14307,4768,pixel_transfer,3,0,1,0,1,0
14308,4769,pixel_transfer,0,0,0,0,2,2
14311,4770,line_marker,3,0,1,0,1,0
14315,4771,pixel_transfer,3,0,1,0,1,0
14319,4772,pixel_transfer,3,0,1,0,1,0
14323,4774,pixel_transfer,3,0,1,0,1,0
14327,4775,pixel_transfer,3,0,3,0,1,0
14331,4776,pixel_transfer,3,0,3,0,3,0
14335,4778,pixel_transfer,3,0,3,0,3,0
14339,4779,pixel_transfer,3,0,3,0,3,0
14343,4780,pixel_transfer,3,0,3,0,3,0
14347,4782,pixel_transfer,3,0,3,0,3,0
14351,4783,pixel_transfer,3,1,3,0,3,0
14355,4784,pixel_transfer,2,0,3,0,3,0
14359,4786,pixel_transfer,2,0,3,0,3,0
14363,4787,pixel_transfer,2,0,3,0,3,0
14367,4788,pixel_transfer,2,0,3,0,3,0
14371,4790,pixel_transfer,2,0,3,0,3,0
14374,4791,pixel_transfer,1,0,0,0,0,0
14375,4791,pixel_transfer,2,0,3,0,3,0
14378,4792,pixel_transfer,1,0,0,0,0,0
14379,4792,pixel_transfer,2,0,3,1,3,0
14382,4793,pixel_transfer,1,0,0,0,0,0
14383,4794,pixel_transfer,2,0,2,0,3,1
14386,4795,pixel_transfer,1,0,0,0,0,0
14387,4795,pixel_transfer,2,0,2,0,2,0
14390,4796,pixel_transfer,1,0,0,0,0,0
14391,4796,pixel_transfer,2,0,2,0,2,0
14394,4797,pixel_transfer,1,0,0,0,0,0
14395,4798,pixel_transfer,2,0,2,0,2,0
14398,4799,pixel_transfer,1,0,0,0,0,0
14399,4799,pixel_transfer,2,0,2,0,2,0
14402,4800,pixel_transfer,1,0,1,0,0,0
14403,4800,pixel_transfer,2,0,2,0,2,0
14406,4801,pixel_transfer,1,0,1,0,1,0
14407,4802,pixel_transfer,2,0,2,0,2,0
14410,4803,pixel_transfer,1,0,1,0,1,0
14411,4803,pixel_transfer,2,0,2,0,2,0
14414,4804,pixel_transfer,1,0,1,0,1,0
14415,4804,pixel_transfer,2,0,2,0,2,0
14418,4805,pixel_transfer,1,0,1,0,1,0
14419,4806,pixel_transfer,2,0,2,0,2,0
14422,4807,pixel_transfer,1,0,1,0,1,0
14423,4807,pixel_transfer,2,2,2,0,2,0
14426,4808,pixel_transfer,1,0,1,0,1,0
14427,4808,pixel_transfer,0,0,2,0,2,0
14430,4809,pixel_transfer,1,0,1,0,1,0
14431,4810,pixel_transfer,0,0,2,0,2,0
14434,4811,pixel_transfer,1,0,1,0,1,0
14435,4811,pixel_transfer,0,0,2,0,2,0
14438,4812,pixel_transfer,1,0,1,0,1,0
14439,4812,pixel_transfer,0,0,2,0,2,0
14442,4813,pixel_transfer,1,0,1,0,1,0
14443,4814,pixel_transfer,0,0,2,0,2,0
14446,4815,pixel_transfer,3,0,1,0,1,0
14447,4815,pixel_transfer,0,0,2,0,2,0
14450,4816,pixel_transfer,3,0,1,0,1,0
14451,4816,pixel_transfer,0,0,2,2,2,0
14454,4817,pixel_transfer,3,0,1,0,1,0
14455,4818,pixel_transfer,0,0,0,0,2,2
14458,4819,line_marker,3,0,1,0,1,0
14462,4820,pixel_transfer,3,0,1,0,1,0
14466,4821,pixel_transfer,3,0,1,0,1,0
14470,4823,pixel_transfer,3,0,1,0,1,0
14474,4824,pixel_transfer,3,0,3,0,1,0
14478,4825,pixel_transfer,3,0,3,0,3,0
14482,4827,pixel_transfer,3,0,3,0,3,0
14486,4828,pixel_transfer,3,0,3,0,3,0
14490,4829,pixel_transfer,3,0,3,0,3,0
14494,4831,pixel_transfer,3,0,3,0,3,0
14498,4832,pixel_transfer,3,1,3,0,3,0
14502,4833,pixel_transfer,2,0,3,0,3,0
14506,4835,pixel_transfer,2,0,3,0,3,0
14510,4836,pixel_transfer,2,0,3,0,3,0
14514,4837,pixel_transfer,2,0,3,0,3,0
14518,4839,pixel_transfer,2,0,3,0,3,0
14521,4840,pixel_transfer,1,0,0,0,0,0
14522,4840,pixel_transfer,2,0,3,0,3,0
14525,4841,pixel_transfer,1,0,0,0,0,0
14526,4841,pixel_transfer,2,0,3,1,3,0
14529,4842,pixel_transfer,1,0,0,0,0,0
14530,4843,pixel_transfer,2,0,2,0,3,1
14533,4844,pixel_transfer,1,0,0,0,0,0
14534,4844,pixel_transfer,2,0,2,0,2,0
14537,4845,pixel_transfer,1,0,0,0,0,0
14538,4845,pixel_transfer,2,0,2,0,2,0
14541,4846,pixel_transfer,1,0,0,0,0,0
14542,4847,pixel_transfer,2,0,2,0,2,0
14545,4848,pixel_transfer,1,0,0,0,0,0
14546,4848,pixel_transfer,2,0,2,0,2,0
14549,4849,pixel_transfer,1,0,1,0,0,0
14550,4849,pixel_transfer,2,0,2,0,2,0
14553,4850,pixel_transfer,1,0,1,0,1,0
14554,4851,pixel_transfer,2,0,2,0,2,0
14557,4852,pixel_transfer,1,0,1,0,1,0
14558,4852,pixel_transfer,2,0,2,0,2,0
14561,4853,pixel_transfer,1,0,1,0,1,0
14562,4853,pixel_transfer,2,0,2,0,2,0
14565,4854,pixel_transfer,1,0,1,0,1,0
14566,4855,pixel_transfer,2,0,2,0,2,0
14569,4856,pixel_transfer,1,0,1,0,1,0
14570,4856,pixel_transfer,2,2,2,0,2,0
14573,4857,pixel_transfer,1,0,1,0,1,0
14574,4857,pixel_transfer,0,0,2,0,2,0
14577,4858,pixel_transfer,1,0,1,0,1,0
14578,4859,pixel_transfer,0,0,2,0,2,0
14581,4860,pixel_transfer,1,0,1,0,1,0
14582,4860,pixel_transfer,0,0,2,0,2,0
14585,4861,pixel_transfer,1,0,1,0,1,0
14586,4861,pixel_transfer,0,0,2,0,2,0
14589,4862,pixel_transfer,1,0,1,0,1,0
14590,4863,pixel_transfer,0,0,2,0,2,0
14593,4864,pixel_transfer,3,0,1,0,1,0
14594,4864,pixel_transfer,0,0,2,0,2,0
14597,4865,pixel_transfer,3,0,1,0,1,0
14598,4865,pixel_transfer,0,0,2,2,2,0
14601,4866,pixel_transfer,3,0,1,0,1,0
14602,4867,pixel_transfer,0,0,0,0,2,2
14605,4868,line_marker,3,0,1,0,1,0
14609,4869,pixel_transfer,3,0,1,0,1,0
14613,4870,pixel_transfer,3,0,1,0,1,0
14617,4872,pixel_transfer,3,0,1,0,1,0
14621,4873,pixel_transfer,3,0,3,0,1,0
14625,4874,pixel_transfer,3,0,3,0,3,0
14629,4876,pixel_transfer,3,0,3,0,3,0
14633,4877,pixel_transfer,3,0,3,0,3,0
14637,4878,pixel_transfer,3,0,3,0,3,0
14641,4880,pixel_transfer,3,0,3,0,3,0
14645,4881,pixel_transfer,3,1,3,0,3,0
14649,4882,pixel_transfer,2,0,3,0,3,0
14653,4884,pixel_transfer,2,0,3,0,3,0
14657,4885,pixel_transfer,2,0,3,0,3,0
14661,4886,pixel_transfer,2,0,3,0,3,0
14665,4888,pixel_transfer,2,0,3,0,3,0
14668,4889,pixel_transfer,1,0,0,0,0,0
14669,4889,pixel_transfer,2,0,3,0,3,0
14672,4890,pixel_transfer,1,0,0,0,0,0
14673,4890,pixel_transfer,2,0,3,1,3,0
14676,4891,pixel_transfer,1,0,0,0,0,0
14677,4892,pixel_transfer,2,0,2,0,3,1
14680,4893,pixel_transfer,1,0,0,0,0,0
14681,4893,pixel_transfer,2,0,2,0,2,0
14684,4894,pixel_transfer,1,0,0,0,0,0
14685,4894,pixel_transfer,2,0,2,0,2,0
14688,4895,pixel_transfer,1,0,0,0,0,0
14689,4896,pixel_transfer,2,0,2,0,2,0
14692,4897,pixel_transfer,1,0,0,0,0,0
14693,4897,pixel_transfer,2,0,2,0,2,0
14696,4898,pixel_transfer,1,0,1,0,0,0
14697,4898,pixel_transfer,2,0,2,0,2,0
14700,4899,pixel_transfer,1,0,1,0,1,0
14701,4900,pixel_transfer,2,0,2,0,2,0
14704,4901,pixel_transfer,1,0,1,0,1,0
14705,4901,pixel_transfer,2,0,2,0,2,0
14708,4902,pixel_transfer,1,0,1,0,1,0
14709,4902,pixel_transfer,2,0,2,0,2,0
14712,4903,pixel_transfer,1,0,1,0,1,0
14713,4904,pixel_transfer,2,0,2,0,2,0
14716,4905,pixel_transfer,1,0,1,0,1,0
14717,4905,pixel_transfer,2,2,2,0,2,0
14720,4906,pixel_transfer,1,0,1,0,1,0
14721,4906,pixel_transfer,0,0,2,0,2,0
14724,4907,pixel_transfer,1,0,1,0,1,0
14725,4908,pixel_transfer,0,0,2,0,2,0
14728,4909,pixel_transfer,1,0,1,0,1,0
14729,4909,pixel_transfer,0,0,2,0,2,0
14732,4910,pixel_transfer,1,0,1,0,1,0
14733,4910,pixel_transfer,0,0,2,0,2,0
14736,4911,pixel_transfer,1,0,1,0,1,0
14737,4912,pixel_transfer,0,0,2,0,2,0
14740,4913,pixel_transfer,3,0,1,0,1,0
14741,4913,pixel_transfer,0,0,2,0,2,0
14744,4914,pixel_transfer,3,0,1,0,1,0
14745,4914,pixel_transfer,0,0,2,2,2,0
14748,4915,pixel_transfer,3,0,1,0,1,0
14749,4916,pixel_transfer,0,0,0,0,2,2
14752,4917,line_marker,3,0,1,0,1,0
14756,4918,pixel_transfer,3,0,1,0,1,0
14760,4919,pixel_transfer,3,0,1,0,1,0
14764,4921,pixel_transfer,3,0,1,0,1,0
14768,4922,pixel_transfer,3,0,3,0,1,0
14772,4923,pixel_transfer,3,0,3,0,3,0
14776,4925,pixel_transfer,3,0,3,0,3,0
14780,4926,pixel_transfer,3,0,3,0,3,0
14784,4927,pixel_transfer,3,0,3,0,3,0
14788,4929,pixel_transfer,3,0,3,0,3,0
14792,4930,pixel_transfer,3,1,3,0,3,0
14796,4931,pixel_transfer,2,0,3,0,3,0
14800,4933,pixel_transfer,2,0,3,0,3,0
14804,4934,pixel_transfer,2,0,3,0,3,0
14808,4935,pixel_transfer,2,0,3,0,3,0
14812,4937,pixel_transfer,2,0,3,0,3,0
14815,4938,pixel_transfer,1,0,0,0,0,0
14816,4938,pixel_transfer,2,0,3,0,3,0
14819,4939,pixel_transfer,1,0,0,0,0,0
14820,4939,pixel_transfer,2,0,3,1,3,0
14823,4940,pixel_transfer,1,0,0,0,0,0
14824,4941,pixel_transfer,2,0,2,0,3,1
14827,4942,pixel_transfer,1,0,0,0,0,0
14828,4942,pixel_transfer,2,0,2,0,2,0
14831,4943,pixel_transfer,1,0,0,0,0,0
14832,4943,pixel_transfer,2,0,2,0,2,0
14835,4944,pixel_transfer,1,0,0,0,0,0
14836,4945,pixel_transfer,2,0,2,0,2,0
14839,4946,pixel_transfer,1,0,0,0,0,0
14840,4946,pixel_transfer,2,0,2,0,2,0
14843,4947,pixel_transfer,1,0,1,0,0,0
14844,4947,pixel_transfer,2,0,2,0,2,0
14847,4948,pixel_transfer,1,0,1,0,1,0
14848,4949,pixel_transfer,2,0,2,0,2,0
14851,4950,pixel_transfer,1,0,1,0,1,0
14852,4950,pixel_transfer,2,0,2,0,2,0
14855,4951,pixel_transfer,1,0,1,0,1,0
14856,4951,pixel_transfer,2,0,2,0,2,0
14859,4952,pixel_transfer,1,0,1,0,1,0
14860,4953,pixel_transfer,2,0,2,0,2,0
14863,4954,pixel_transfer,1,0,1,0,1,0
14864,4954,pixel_transfer,2,2,2,0,2,0
14867,4955,pixel_transfer,1,0,1,0,1,0
14868,4955,pixel_transfer,0,0,2,0,2,0
14871,4956,pixel_transfer,1,0,1,0,1,0
14872,4957,pixel_transfer,0,0,2,0,2,0
14875,4958,pixel_transfer,1,0,1,0,1,0
14876,4958,pixel_transfer,0,0,2,0,2,0
14879,4959,pixel_transfer,1,0,1,0,1,0
14880,4959,pixel_transfer,0,0,2,0,2,0
14883,4960,pixel_transfer,1,0,1,0,1,0
14884,4961,pixel_transfer,0,0,2,0,2,0
14887,4962,pixel_transfer,3,0,1,0,1,0
14888,4962,pixel_transfer,0,0,2,0,2,0
14891,4963,pixel_transfer,3,0,1,0,1,0
14892,4963,pixel_transfer,0,0,2,2,2,0
14895,4964,pixel_transfer,3,0,1,0,1,0
14896,4965,pixel_transfer,0,0,0,0,2,2
14899,4966,line_marker,3,0,1,0,1,0
14903,4967,pixel_transfer,3,0,1,0,1,0
14907,4968,pixel_transfer,3,0,1,0,1,0
14911,4970,pixel_transfer,3,0,1,0,1,0
14915,4971,pixel_transfer,3,0,3,0,1,0
14919,4972,pixel_transfer,3,0,3,0,3,0
14923,4974,pixel_transfer,3,0,3,0,3,0
14927,4975,pixel_transfer,3,0,3,0,3,0
14931,4976,pixel_transfer,3,0,3,0,3,0
14935,4978,pixel_transfer,3,0,3,0,3,0
14939,4979,pixel_transfer,3,1,3,0,3,0
14943,4980,pixel_transfer,2,0,3,0,3,0
14947,4982,pixel_transfer,2,0,3,0,3,0
14951,4983,pixel_transfer,2,0,3,0,3,0
14955,4984,pixel_transfer,2,0,3,0,3,0
14959,4986,pixel_transfer,2,0,3,0,3,0
14962,4987,pixel_transfer,1,0,0,0,0,0
14963,4987,pixel_transfer,2,0,3,0,3,0
14966,4988,pixel_transfer,1,0,0,0,0,0
14967,4988,pixel_transfer,2,0,3,1,3,0
14970,4989,pixel_transfer,1,0,0,0,0,0
14971,4990,pixel_transfer,2,0,2,0,3,1
14974,4991,pixel_transfer,1,0,0,0,0,0
14975,4991,pixel_transfer,2,0,2,0,2,0
14978,4992,pixel_transfer,1,0,0,0,0,0
14979,4992,pixel_transfer,2,0,2,0,2,0
14982,4993,pixel_transfer,1,0,0,0,0,0
14983,4994,pixel_transfer,2,0,2,0,2,0
14986,4995,pixel_transfer,1,0,0,0,0,0
14987,4995,pixel_transfer,2,0,2,0,2,0
14990,4996,pixel_transfer,1,0,1,0,0,0
14991,4996,pixel_transfer,2,0,2,0,2,0
14994,4997,pixel_transfer,1,0,1,0,1,0
14995,4998,pixel_transfer,2,0,2,0,2,0
14998,4999,pixel_transfer,1,0,1,0,1,0
14999,4999,pixel_transfer,2,0,2,0,2,0
15002,5000,pixel_transfer,1,0,1,0,1,0
15003,5000,pixel_transfer,2,0,2,0,2,0
15006,5001,pixel_transfer,1,0,1,0,1,0
15007,5002,pixel_transfer,2,0,2,0,2,0
15010,5003,pixel_transfer,1,0,1,0,1,0
15011,5003,pixel_transfer,2,2,2,0,2,0
15014,5004,pixel_transfer,1,0,1,0,1,0
15015,5004,pixel_transfer,0,0,2,0,2,0
15018,5005,pixel_transfer,1,0,1,0,1,0
15019,5006,pixel_transfer,0,0,2,0,2,0
15022,5007,pixel_transfer,1,0,1,0,1,0
15023,5007,pixel_transfer,0,0,2,0,2,0
15026,5008,pixel_transfer,1,0,1,0,1,0
15027,5008,pixel_transfer,0,0,2,0,2,0
15030,5009,pixel_transfer,1,0,1,0,1,0
15031,5010,pixel_transfer,0,0,2,0,2,0
15034,5011,pixel_transfer,3,0,1,0,1,0
15035,5011,pixel_transfer,0,0,2,0,2,0
15038,5012,pixel_transfer,3,0,1,0,1,0
15039,5012,pixel_transfer,0,0,2,2,2,0
15042,5013,pixel_transfer,3,0,1,0,1,0
15043,5014,pixel_transfer,0,0,0,0,2,2
15046,5015,line_marker,3,0,1,0,1,0
15050,5016,pixel_transfer,3,0,1,0,1,0
15054,5017,pixel_transfer,3,0,1,0,1,0
15058,5019,pixel_transfer,3,0,1,0,1,0
15062,5020,pixel_transfer,3,0,3,0,1,0
15066,5021,pixel_transfer,3,0,3,0,3,0
15070,5023,pixel_transfer,3,0,3,0,3,0
15074,5024,pixel_transfer,3,0,3,0,3,0
15078,5025,pixel_transfer,3,0,3,0,3,0
15082,5027,pixel_transfer,3,0,3,0,3,0
15086,5028,pixel_transfer,3,1,3,0,3,0
15090,5029,pixel_transfer,2,0,3,0,3,0
15094,5031,pixel_transfer,2,0,3,0,3,0
15098,5032,pixel_transfer,2,0,3,0,3,0
15102,5033,pixel_transfer,2,0,3,0,3,0
15106,5035,pixel_transfer,2,0,3,0,3,0
15109,5036,pixel_transfer,1,0,0,0,0,0
15110,5036,pixel_transfer,2,0,3,0,3,0
15113,5037,pixel_transfer,1,0,0,0,0,0
15114,5037,pixel_transfer,2,0,3,1,3,0
15117,5038,pixel_transfer,1,0,0,0,0,0
15118,5039,pixel_transfer,2,0,2,0,3,1
15121,5040,pixel_transfer,1,0,0,0,0,0
15122,5040,pixel_transfer,2,0,2,0,2,0
15125,5041,pixel_transfer,1,0,0,0,0,0
15126,5041,pixel_transfer,2,0,2,0,2,0
15129,5042,pixel_transfer,1,0,0,0,0,0
15130,5043,pixel_transfer,2,0,2,0,2,0
15133,5044,pixel_transfer,1,0,0,0,0,0
15134,5044,pixel_transfer,2,0,2,0,2,0
15137,5045,pixel_transfer,1,0,1,0,0,0
15138,5045,pixel_transfer,2,0,2,0,2,0
15141,5046,pixel_transfer,1,0,1,0,1,0
15142,5047,pixel_transfer,2,0,2,0,2,0
15145,5048,pixel_transfer,1,0,1,0,1,0
15146,5048,pixel_transfer,2,0,2,0,2,0
15149,5049,pixel_transfer,1,0,1,0,1,0
15150,5049,pixel_transfer,2,0,2,0,2,0
15153,5050,pixel_transfer,1,0,1,0,1,0
15154,5051,pixel_transfer,2,0,2,0,2,0
15157,5052,pixel_transfer,1,0,1,0,1,0
15158,5052,pixel_transfer,2,2,2,0,2,0
15161,5053,pixel_transfer,1,0,1,0,1,0
15162,5053,pixel_transfer,0,0,2,0,2,0
15165,5054,pixel_transfer,1,0,1,0,1,0
15166,5055,pixel_transfer,0,0,2,0,2,0
15169,5056,pixel_transfer,1,0,1,0,1,0
15170,5056,pixel_transfer,0,0,2,0,2,0
15173,5057,pixel_transfer,1,0,1,0,1,0
15174,5057,pixel_transfer,0,0,2,0,2,0
15177,5058,pixel_transfer,1,0,1,0,1,0
15178,5059,pixel_transfer,0,0,2,0,2,0
15181,5060,pixel_transfer,3,0,1,0,1,0
15182,5060,pixel_transfer,0,0,2,0,2,0
15185,5061,pixel_transfer,3,0,1,0,1,0
15186,5061,pixel_transfer,0,0,2,2,2,0
15189,5062,pixel_transfer,3,0,1,0,1,0
15190,5063,pixel_transfer,0,0,0,0,2,2
15193,5064,line_marker,3,0,1,0,1,0
15197,5065,pixel_transfer,3,0,1,0,1,0
15201,5066,pixel_transfer,3,0,1,0,1,0
15205,5068,pixel_transfer,3,0,1,0,1,0
15209,5069,pixel_transfer,3,0,3,0,1,0
15213,5070,pixel_transfer,3,0,3,0,3,0
15217,5072,pixel_transfer,3,0,3,0,3,0
15221,5073,pixel_transfer,3,0,3,0,3,0
15225,5074,pixel_transfer,3,0,3,0,3,0
15229,5076,pixel_transfer,3,0,3,0,3,0
15233,5077,pixel_transfer,3,1,3,0,3,0
15237,5078,pixel_transfer,2,0,3,0,3,0
15241,5080,pixel_transfer,2,0,3,0,3,0
15245,5081,pixel_transfer,2,0,3,0,3,0
15249,5082,pixel_transfer,2,0,3,0,3,0
15253,5084,pixel_transfer,2,0,3,0,3,0
15256,5085,pixel_transfer,1,0,0,0,0,0
15257,5085,pixel_transfer,2,0,3,0,3,0
15260,5086,pixel_transfer,1,0,0,0,0,0
15261,5086,pixel_transfer,2,0,3,1,3,0
15264,5087,pixel_transfer,1,0,0,0,0,0
15265,5088,pixel_transfer,2,0,2,0,3,1
15268,5089,pixel_transfer,1,0,0,0,0,0
15269,5089,pixel_transfer,2,0,2,0,2,0
15272,5090,pixel_transfer,1,0,0,0,0,0
15273,5090,pixel_transfer,2,0,2,0,2,0
15276,5091,pixel_transfer,1,0,0,0,0,0
15277,5092,pixel_transfer,2,0,2,0,2,0
15280,5093,pixel_transfer,1,0,0,0,0,0
15281,5093,pixel_transfer,2,0,2,0,2,0
15284,5094,pixel_transfer,1,0,1,0,0,0
15285,5094,pixel_transfer,2,0,2,0,2,0
15288,5095,pixel_transfer,1,0,1,0,1,0
15289,5096,pixel_transfer,2,0,2,0,2,0
15292,5097,pixel_transfer,1,0,1,0,1,0
15293,5097,pixel_transfer,2,0,2,0,2,0
15296,5098,pixel_transfer,1,0,1,0,1,0
15297,5098,pixel_transfer,2,0,2,0,2,0
15300,5099,pixel_transfer,1,0,1,0,1,0
15301,5100,pixel_transfer,2,0,2,0,2,0
15304,5101,pixel_transfer,1,0,1,0,1,0
15305,5101,pixel_transfer,2,2,2,0,2,0
15308,5102,pixel_transfer,1,0,1,0,1,0
15309,5102,pixel_transfer,0,0,2,0,2,0
15312,5103,pixel_transfer,1,0,1,0,1,0
15313,5104,pixel_transfer,0,0,2,0,2,0
15316,5105,pixel_transfer,1,0,1,0,1,0
15317,5105,pixel_transfer,0,0,2,0,2,0
15320,5106,pixel_transfer,1,0,1,0,1,0
15321,5106,pixel_transfer,0,0,2,0,2,0
15324,5107,pixel_transfer,1,0,1,0,1,0
15325,5108,pixel_transfer,0,0,2,0,2,0
15328,5109,pixel_transfer,3,0,1,0,1,0
15329,5109,pixel_transfer,0,0,2,0,2,0
15332,5110,pixel_transfer,3,0,1,0,1,0
15333,5110,pixel_transfer,0,0,2,2,2,0
15336,5111,pixel_transfer,3,0,1,0,1,0
15337,5112,pixel_transfer,0,0,0,0,2,2
15340,5113,line_marker,3,0,1,0,1,0
15344,5114,pixel_transfer,3,0,1,0,1,0
15348,5115,pixel_transfer,3,0,1,0,1,0
15352,5117,pixel_transfer,3,0,1,0,1,0
15356,5118,pixel_transfer,3,0,3,0,1,0
15360,5119,pixel_transfer,3,0,3,0,3,0
15364,5121,pixel_transfer,3,0,3,0,3,0
15368,5122,pixel_transfer,3,0,3,0,3,0
15372,5123,pixel_transfer,3,0,3,0,3,0
15376,5125,pixel_transfer,3,0,3,0,3,0
15380,5126,pixel_transfer,3,1,3,0,3,0
15384,5127,pixel_transfer,2,0,3,0,3,0
15388,5129,pixel_transfer,2,0,3,0,3,0
15392,5130,pixel_transfer,2,0,3,0,3,0
15396,5131,pixel_transfer,2,0,3,0,3,0
15400,5133,pixel_transfer,2,0,3,0,3,0
15403,5134,pixel_transfer,1,0,0,0,0,0
15404,5134,pixel_transfer,2,0,3,0,3,0
15407,5135,pixel_transfer,1,0,0,0,0,0
15408,5135,pixel_transfer,2,0,3,1,3,0
15411,5136,pixel_transfer,1,0,0,0,0,0
15412,5137,pixel_transfer,2,0,2,0,3,1
15415,5138,pixel_transfer,1,0,0,0,0,0
15416,5138,pixel_transfer,2,0,2,0,2,0
15419,5139,pixel_transfer,1,0,0,0,0,0
15420,5139,pixel_transfer,2,0,2,0,2,0
15423,5140,pixel_transfer,1,0,0,0,0,0
15424,5141,pixel_transfer,2,0,2,0,2,0
15427,5142,pixel_transfer,1,0,0,0,0,0
15428,5142,pixel_transfer,2,0,2,0,2,0
15431,5143,pixel_transfer,1,0,1,0,0,0
15432,5143,pixel_transfer,2,0,2,0,2,0
15435,5144,pixel_transfer,1,0,1,0,1,0
15436,5145,pixel_transfer,2,0,2,0,2,0
15439,5146,pixel_transfer,1,0,1,0,1,0
15440,5146,pixel_transfer,2,0,2,0,2,0
15443,5147,pixel_transfer,1,0,1,0,1,0
15444,5147,pixel_transfer,2,0,2,0,2,0
15447,5148,pixel_transfer,1,0,1,0,1,0
15448,5149,pixel_transfer,2,0,2,0,2,0
15451,5150,pixel_transfer,1,0,1,0,1,0
15452,5150,pixel_transfer,2,2,2,0,2,0
15455,5151,pixel_transfer,1,0,1,0,1,0
15456,5151,pixel_transfer,0,0,2,0,2,0
15459,5152,pixel_transfer,1,0,1,0,1,0
15460,5153,pixel_transfer,0,0,2,0,2,0
15463,5154,pixel_transfer,1,0,1,0,1,0
15464,5154,pixel_transfer,0,0,2,0,2,0
15467,5155,pixel_transfer,1,0,1,0,1,0
15468,5155,pixel_transfer,0,0,2,0,2,0
15471,5156,pixel_transfer,1,0,1,0,1,0
15472,5157,pixel_transfer,0,0,2,0,2,0
15475,5158,pixel_transfer,3,0,1,0,1,0
15476,5158,pixel_transfer,0,0,2,0,2,0
15479,5159,pixel_transfer,3,0,1,0,1,0
15480,5159,pixel_transfer,0,0,2,2,2,0
15483,5160,pixel_transfer,3,0,1,0,1,0
15484,5161,pixel_transfer,0,0,0,0,2,2
15487,5162,line_marker,3,0,1,0,1,0
15491,5163,pixel_transfer,3,0,1,0,1,0
15495,5164,pixel_transfer,3,0,1,0,1,0
15499,5166,pixel_transfer,3,0,1,0,1,0
15503,5167,pixel_transfer,3,0,3,0,1,0
15507,5168,pixel_transfer,3,0,3,0,3,0
15511,5170,pixel_transfer,3,0,3,0,3,0
15515,5171,pixel_transfer,3,0,3,0,3,0
15519,5172,pixel_transfer,3,0,3,0,3,0
15523,5174,pixel_transfer,3,0,3,0,3,0
15527,5175,pixel_transfer,3,1,3,0,3,0
15531,5176,pixel_transfer,2,0,3,0,3,0
15535,5178,pixel_transfer,2,0,3,0,3,0
15539,5179,pixel_transfer,2,0,3,0,3,0
15543,5180,pixel_transfer,2,0,3,0,3,0
15547,5182,pixel_transfer,2,0,3,0,3,0
15550,5183,pixel_transfer,1,0,0,0,0,0
15551,5183,pixel_transfer,2,0,3,0,3,0
15554,5184,pixel_transfer,1,0,0,0,0,0
15555,5184,pixel_transfer,2,0,3,1,3,0
15558,5185,pixel_transfer,1,0,0,0,0,0
15559,5186,pixel_transfer,2,0,2,0,3,1
15562,5187,pixel_transfer,1,0,0,0,0,0
15563,5187,pixel_transfer,2,0,2,0,2,0
15566,5188,pixel_transfer,1,0,0,0,0,0
15567,5188,pixel_transfer,2,0,2,0,2,0
15570,5189,pixel_transfer,1,0,0,0,0,0
15571,5190,pixel_transfer,2,0,2,0,2,0
15574,5191,pixel_transfer,1,0,0,0,0,0
15575,5191,pixel_transfer,2,0,2,0,2,0
15578,5192,pixel_transfer,1,0,1,0,0,0
15579,5192,pixel_transfer,2,0,2,0,2,0
15582,5193,pixel_transfer,1,0,1,0,1,0
15583,5194,pixel_transfer,2,0,2,0,2,0
15586,5195,pixel_transfer,1,0,1,0,1,0
15587,5195,pixel_transfer,2,0,2,0,2,0
15590,5196,pixel_transfer,1,0,1,0,1,0
15591,5196,pixel_transfer,2,0,2,0,2,0
15594,5197,pixel_transfer,1,0,1,0,1,0
15595,5198,pixel_transfer,2,0,2,0,2,0
15598,5199,pixel_transfer,1,0,1,0,1,0
15599,5199,pixel_transfer,2,2,2,0,2,0
15602,5200,pixel_transfer,1,0,1,0,1,0
15603,5200,pixel_transfer,0,0,2,0,2,0
15606,5201,pixel_transfer,1,0,1,0,1,0
15607,5202,pixel_transfer,0,0,2,0,2,0
15610,5203,pixel_transfer,1,0,1,0,1,0
15611,5203,pixel_transfer,0,0,2,0,2,0
15614,5204,pixel_transfer,1,0,1,0,1,0
15615,5204,pixel_transfer,0,0,2,0,2,0
15618,5205,pixel_transfer,1,0,1,0,1,0
15619,5206,pixel_transfer,0,0,2,0,2,0
15622,5207,pixel_transfer,3,0,1,0,1,0
15623,5207,pixel_transfer,0,0,2,0,2,0
15626,5208,pixel_transfer,3,0,1,0,1,0
15627,5208,pixel_transfer,0,0,2,2,2,0
15630,5209,pixel_transfer,3,0,1,0,1,0
15631,5210,pixel_transfer,0,0,0,0,2,2
15634,5211,line_marker,3,0,1,0,1,0
15638,5212,pixel_transfer,3,0,1,0,1,0
15642,5213,pixel_transfer,3,0,1,0,1,0
15646,5215,pixel_transfer,3,0,1,0,1,0
15650,5216,pixel_transfer,3,0,3,0,1,0
15654,5217,pixel_transfer,3,0,3,0,3,0
15658,5219,pixel_transfer,3,0,3,0,3,0
15662,5220,pixel_transfer,3,0,3,0,3,0
15666,5221,pixel_transfer,3,0,3,0,3,0
15670,5223,pixel_transfer,3,0,3,0,3,0
15674,5224,pixel_transfer,3,1,3,0,3,0
15678,5225,pixel_transfer,2,0,3,0,3,0
15682,5227,pixel_transfer,2,0,3,0,3,0
15686,5228,pixel_transfer,2,0,3,0,3,0
15690,5229,pixel_transfer,2,0,3,0,3,0
15694,5231,pixel_transfer,2,0,3,0,3,0
15697,5232,pixel_transfer,1,0,0,0,0,0
15698,5232,pixel_transfer,2,0,3,0,3,0
15701,5233,pixel_transfer,1,0,0,0,0,0
15702,5233,pixel_transfer,2,0,3,1,3,0
15705,5234,pixel_transfer,1,0,0,0,0,0
15706,5235,pixel_transfer,2,0,2,0,3,1
15709,5236,pixel_transfer,1,0,0,0,0,0
15710,5236,pixel_transfer,2,0,2,0,2,0
15713,5237,pixel_transfer,1,0,0,0,0,0
15714,5237,pixel_transfer,2,0,2,0,2,0
15717,5238,pixel_transfer,1,0,0,0,0,0
15718,5239,pixel_transfer,2,0,2,0,2,0
15721,5240,pixel_transfer,1,0,0,0,0,0
15722,5240,pixel_transfer,2,0,2,0,2,0
15725,5241,pixel_transfer,1,0,1,0,0,0
15726,5241,pixel_transfer,2,0,2,0,2,0
15729,5242,pixel_transfer,1,0,1,0,1,0
15730,5243,pixel_transfer,2,0,2,0,2,0
15733,5244,pixel_transfer,1,0,1,0,1,0
15734,5244,pixel_transfer,2,0,2,0,2,0
15737,5245,pixel_transfer,1,0,1,0,1,0
15738,5245,pixel_transfer,2,0,2,0,2,0
15741,5246,pixel_transfer,1,0,1,0,1,0
15742,5247,pixel_transfer,2,0,2,0,2,0
15745,5248,pixel_transfer,1,0,1,0,1,0
15746,5248,pixel_transfer,2,2,2,0,2,0
15749,5249,pixel_transfer,1,0,1,0,1,0
15750,5249,pixel_transfer,0,0,2,0,2,0
15753,5250,pixel_transfer,1,0,1,0,1,0
15754,5251,pixel_transfer,0,0,2,0,2,0
15757,5252,pixel_transfer,1,0,1,0,1,0
15758,5252,pixel_transfer,0,0,2,0,2,0
15761,5253,pixel_transfer,1,0,1,0,1,0
15762,5253,pixel_transfer,0,0,2,0,2,0
15765,5254,pixel_transfer,1,0,1,0,1,0
15766,5255,pixel_transfer,0,0,2,0,2,0
15769,5256,pixel_transfer,3,0,1,0,1,0
15770,5256,pixel_transfer,0,0,2,0,2,0
15773,5257,pixel_transfer,3,0,1,0,1,0
15774,5257,pixel_transfer,0,0,2,2,2,0
15777,5258,pixel_transfer,3,0,1,0,1,0
15778,5259,pixel_transfer,0,0,0,0,2,2
15781,5260,line_marker,3,0,1,0,1,0
15785,5261,pixel_transfer,3,0,1,0,1,0
15789,5262,pixel_transfer,3,0,1,0,1,0
15793,5264,pixel_transfer,3,0,1,0,1,0
15797,5265,pixel_transfer,3,0,3,0,1,0
15801,5266,pixel_transfer,3,0,3,0,3,0
15805,5268,pixel_transfer,3,0,3,0,3,0
15809,5269,pixel_transfer,3,0,3,0,3,0
15813,5270,pixel_transfer,3,0,3,0,3,0
15817,5272,pixel_transfer,3,0,3,0,3,0
15821,5273,pixel_transfer,3,1,3,0,3,0
15825,5274,pixel_transfer,2,0,3,0,3,0
15829,5276,pixel_transfer,2,0,3,0,3,0
15833,5277,pixel_transfer,2,0,3,0,3,0
15837,5278,pixel_transfer,2,0,3,0,3,0
15841,5280,pixel_transfer,2,0,3,0,3,0
15844,5281,pixel_transfer,1,0,0,0,0,0
15845,5281,pixel_transfer,2,0,3,0,3,0
15848,5282,pixel_transfer,1,0,0,0,0,0
15849,5282,pixel_transfer,2,0,3,1,3,0
15852,5283,pixel_transfer,1,0,0,0,0,0
15853,5284,pixel_transfer,2,0,2,0,3,1
15856,5285,pixel_transfer,1,0,0,0,0,0
15857,5285,pixel_transfer,2,0,2,0,2,0
15860,5286,pixel_transfer,1,0,0,0,0,0
15861,5286,pixel_transfer,2,0,2,0,2,0
15864,5287,pixel_transfer,1,0,0,0,0,0
15865,5288,pixel_transfer,2,0,2,0,2,0
15868,5289,pixel_transfer,1,0,0,0,0,0
15869,5289,pixel_transfer,2,0,2,0,2,0
15872,5290,pixel_transfer,1,0,1,0,0,0
15873,5290,pixel_transfer,2,0,2,0,2,0
15876,5291,pixel_transfer,1,0,1,0,1,0
15877,5292,pixel_transfer,2,0,2,0,2,0
15880,5293,pixel_transfer,1,0,1,0,1,0
15881,5293,pixel_transfer,2,0,2,0,2,0
15884,5294,pixel_transfer,1,0,1,0,1,0
15885,5294,pixel_transfer,2,0,2,0,2,0
15888,5295,pixel_transfer,1,0,1,0,1,0
15889,5296,pixel_transfer,2,0,2,0,2,0
15892,5297,pixel_transfer,1,0,1,0,1,0
15893,5297,pixel_transfer,2,2,2,0,2,0
15896,5298,pixel_transfer,1,0,1,0,1,0
15897,5298,pixel_transfer,0,0,2,0,2,0
15900,5299,pixel_transfer,1,0,1,0,1,0
15901,5300,pixel_transfer,0,0,2,0,2,0
15904,5301,pixel_transfer,1,0,1,0,1,0
15905,5301,pixel_transfer,0,0,2,0,2,0
15908,5302,pixel_transfer,1,0,1,0,1,0
15909,5302,pixel_transfer,0,0,2,0,2,0
15912,5303,pixel_transfer,1,0,1,0,1,0
15913,5304,pixel_transfer,0,0,2,0,2,0
15916,5305,pixel_transfer,3,0,1,0,1,0
15917,5305,pixel_transfer,0,0,2,0,2,0
15920,5306,pixel_transfer,3,0,1,0,1,0
15921,5306,pixel_transfer,0,0,2,2,2,0
15924,5307,pixel_transfer,3,0,1,0,1,0
15925,5308,pixel_transfer,0,0,0,0,2,2
15928,5309,line_marker,3,0,1,0,1,0
15932,5310,pixel_transfer,3,0,1,0,1,0
15936,5311,pixel_transfer,3,0,1,0,1,0
15940,5313,pixel_transfer,3,0,1,0,1,0
15944,5314,pixel_transfer,3,0,3,0,1,0
15948,5315,pixel_transfer,3,0,3,0,3,0
15952,5317,pixel_transfer,3,0,3,0,3,0
15956,5318,pixel_transfer,3,0,3,0,3,0
15960,5319,pixel_transfer,3,0,3,0,3,0
15964,5321,pixel_transfer,3,0,3,0,3,0
15968,5322,pixel_transfer,3,1,3,0,3,0
15972,5323,pixel_transfer,2,0,3,0,3,0
15976,5325,pixel_transfer,2,0,3,0,3,0
15980,5326,pixel_transfer,2,0,3,0,3,0
15984,5327,pixel_transfer,2,0,3,0,3,0
15988,5329,pixel_transfer,2,0,3,0,3,0
15991,5330,pixel_transfer,1,0,0,0,0,0
15992,5330,pixel_transfer,2,0,3,0,3,0
15995,5331,pixel_transfer,1,0,0,0,0,0
15996,5331,pixel_transfer,2,0,3,1,3,0
15999,5332,pixel_transfer,1,0,0,0,0,0
16000,5333,pixel_transfer,2,0,2,0,3,1
16003,5334,pixel_transfer,1,0,0,0,0,0
16004,5334,pixel_transfer,2,0,2,0,2,0
16007,5335,pixel_transfer,1,0,0,0,0,0
16008,5335,pixel_transfer,2,0,2,0,2,0
16011,5336,pixel_transfer,1,0,0,0,0,0
16012,5337,pixel_transfer,2,0,2,0,2,0
16015,5338,pixel_transfer,1,0,0,0,0,0
16016,5338,pixel_transfer,2,0,2,0,2,0
16019,5339,pixel_transfer,1,0,1,0,0,0
16020,5339,pixel_transfer,2,0,2,0,2,0
16023,5340,pixel_transfer,1,0,1,0,1,0
16024,5341,pixel_transfer,2,0,2,0,2,0
16027,5342,pixel_transfer,1,0,1,0,1,0
16028,5342,pixel_transfer,2,0,2,0,2,0
16031,5343,pixel_transfer,1,0,1,0,1,0
16032,5343,pixel_transfer,2,0,2,0,2,0
16035,5344,pixel_transfer,1,0,1,0,1,0
16036,5345,pixel_transfer,2,0,2,0,2,0
16039,5346,pixel_transfer,1,0,1,0,1,0
16040,5346,pixel_transfer,2,2,2,0,2,0
16043,5347,pixel_transfer,1,0,1,0,1,0
16044,5347,pixel_transfer,0,0,2,0,2,0
16047,5348,pixel_transfer,1,0,1,0,1,0
16048,5349,pixel_transfer,0,0,2,0,2,0
16051,5350,pixel_transfer,1,0,1,0,1,0
16052,5350,pixel_transfer,0,0,2,0,2,0
16055,5351,pixel_transfer,1,0,1,0,1,0
16056,5351,pixel_transfer,0,0,2,0,2,0
16059,5352,pixel_transfer,1,0,1,0,1,0
16060,5353,pixel_transfer,0,0,2,0,2,0
16063,5354,pixel_transfer,3,0,1,0,1,0
16064,5354,pixel_transfer,0,0,2,0,2,0
16067,5355,pixel_transfer,3,0,1,0,1,0
16068,5355,pixel_transfer,0,0,2,2,2,0
16071,5356,pixel_transfer,3,0,1,0,1,0
16072,5357,pixel_transfer,0,0,0,0,2,2
16075,5358,line_marker,3,0,1,0,1,0
16079,5359,pixel_transfer,3,0,1,0,1,0
16083,5360,pixel_transfer,3,0,1,0,1,0
16087,5362,pixel_transfer,3,0,1,0,1,0
16091,5363,pixel_transfer,3,0,3,0,1,0
16095,5364,pixel_transfer,3,0,3,0,3,0
16099,5366,pixel_transfer,3,0,3,0,3,0
16103,5367,pixel_transfer,3,0,3,0,3,0
16107,5368,pixel_transfer,3,0,3,0,3,0
16111,5370,pixel_transfer,3,0,3,0,3,0
16115,5371,pixel_transfer,3,1,3,0,3,0
16119,5372,pixel_transfer,2,0,3,0,3,0
16123,5374,pixel_transfer,2,0,3,0,3,0
16127,5375,pixel_transfer,2,0,3,0,3,0
16131,5376,pixel_transfer,2,0,3,0,3,0
16135,5378,pixel_transfer,2,0,3,0,3,0
16138,5379,pixel_transfer,1,0,0,0,0,0
16139,5379,pixel_transfer,2,0,3,0,3,0
16142,5380,pixel_transfer,1,0,0,0,0,0
16143,5380,pixel_transfer,2,0,3,1,3,0
16146,5381,pixel_transfer,1,0,0,0,0,0
16147,5382,pixel_transfer,2,0,2,0,3,1
16150,5383,pixel_transfer,1,0,0,0,0,0
16151,5383,pixel_transfer,2,0,2,0,2,0
16154,5384,pixel_transfer,1,0,0,0,0,0
16155,5384,pixel_transfer,2,0,2,0,2,0
16158,5385,pixel_transfer,1,0,0,0,0,0
16159,5386,pixel_transfer,2,0,2,0,2,0
16162,5387,pixel_transfer,1,0,0,0,0,0
16163,5387,pixel_transfer,2,0,2,0,2,0
16166,5388,pixel_transfer,1,0,1,0,0,0
16167,5388,pixel_transfer,2,0,2,0,2,0
16170,5389,pixel_transfer,1,0,1,0,1,0
16171,5390,pixel_transfer,2,0,2,0,2,0
16174,5391,pixel_transfer,1,0,1,0,1,0
16175,5391,pixel_transfer,2,0,2,0,2,0
16178,5392,pixel_transfer,1,0,1,0,1,0
16179,5392,pixel_transfer,2,0,2,0,2,0
16182,5393,pixel_transfer,1,0,1,0,1,0
16183,5394,pixel_transfer,2,0,2,0,2,0
16186,5395,pixel_transfer,1,0,1,0,1,0
16187,5395,pixel_transfer,2,2,2,0,2,0
16190,5396,pixel_transfer,1,0,1,0,1,0
16191,5396,pixel_transfer,0,0,2,0,2,0
16194,5397,pixel_transfer,1,0,1,0,1,0
16195,5398,pixel_transfer,0,0,2,0,2,0
16198,5399,pixel_transfer,1,0,1,0,1,0
16199,5399,pixel_transfer,0,0,2,0,2,0
16202,5400,pixel_transfer,1,0,1,0,1,0
16203,5400,pixel_transfer,0,0,2,0,2,0
16206,5401,pixel_transfer,1,0,1,0,1,0
16207,5402,pixel_transfer,0,0,2,0,2,0
16210,5403,pixel_transfer,3,0,1,0,1,0
16211,5403,pixel_transfer,0,0,2,0,2,0
16214,5404,pixel_transfer,3,0,1,0,1,0
16215,5404,pixel_transfer,0,0,2,2,2,0
16218,5405,pixel_transfer,3,0,1,0,1,0
16219,5406,pixel_transfer,0,0,0,0,2,2
16222,5407,line_marker,3,0,1,0,1,0
16226,5408,pixel_transfer,3,0,1,0,1,0
16230,5409,pixel_transfer,3,0,1,0,1,0
16234,5411,pixel_transfer,3,0,1,0,1,0
16238,5412,pixel_transfer,3,0,3,0,1,0
16242,5413,pixel_transfer,3,0,3,0,3,0
16246,5415,pixel_transfer,3,0,3,0,3,0
16250,5416,pixel_transfer,3,0,3,0,3,0
16254,5417,pixel_transfer,3,0,3,0,3,0
16258,5419,pixel_transfer,3,0,3,0,3,0
16262,5420,pixel_transfer,3,1,3,0,3,0
16266,5421,pixel_transfer,2,0,3,0,3,0
16270,5423,pixel_transfer,2,0,3,0,3,0
16274,5424,pixel_transfer,2,0,3,0,3,0
16278,5425,pixel_transfer,2,0,3,0,3,0
16282,5427,pixel_transfer,2,0,3,0,3,0
16285,5428,pixel_transfer,1,0,0,0,0,0
16286,5428,pixel_transfer,2,0,3,0,3,0
16289,5429,pixel_transfer,1,0,0,0,0,0
16290,5429,pixel_transfer,2,0,3,1,3,0
16293,5430,pixel_transfer,1,0,0,0,0,0
16294,5431,pixel_transfer,2,0,2,0,3,1
16297,5432,pixel_transfer,1,0,0,0,0,0
16298,5432,pixel_transfer,2,0,2,0,2,0
16301,5433,pixel_transfer,1,0,0,0,0,0
16302,5433,pixel_transfer,2,0,2,0,2,0
16305,5434,pixel_transfer,1,0,0,0,0,0
16306,5435,pixel_transfer,2,0,2,0,2,0
16309,5436,pixel_transfer,1,0,0,0,0,0
16310,5436,pixel_transfer,2,0,2,0,2,0
16313,5437,pixel_transfer,1,0,1,0,0,0
16314,5437,pixel_transfer,2,0,2,0,2,0
16317,5438,pixel_transfer,1,0,1,0,1,0
16318,5439,pixel_transfer,2,0,2,0,2,0
16321,5440,pixel_transfer,1,0,1,0,1,0
16322,5440,pixel_transfer,2,0,2,0,2,0
16325,5441,pixel_transfer,1,0,1,0,1,0
16326,5441,pixel_transfer,2,0,2,0,2,0
16329,5442,pixel_transfer,1,0,1,0,1,0
16330,5443,pixel_transfer,2,0,2,0,2,0
16333,5444,pixel_transfer,1,0,1,0,1,0
16334,5444,pixel_transfer,2,2,2,0,2,0
16337,5445,pixel_transfer,1,0,1,0,1,0
16338,5445,pixel_transfer,0,0,2,0,2,0
16341,5446,pixel_transfer,1,0,1,0,1,0
16342,5447,pixel_transfer,0,0,2,0,2,0
16345,5448,pixel_transfer,1,0,1,0,1,0
16346,5448,pixel_transfer,0,0,2,0,2,0
16349,5449,pixel_transfer,1,0,1,0,1,0
16350,5449,pixel_transfer,0,0,2,0,2,0
16353,5450,pixel_transfer,1,0,1,0,1,0
16354,5451,pixel_transfer,0,0,2,0,2,0
16357,5452,pixel_transfer,3,0,1,0,1,0
16358,5452,pixel_transfer,0,0,2,0,2,0
16361,5453,pixel_transfer,3,0,1,0,1,0
16362,5453,pixel_transfer,0,0,2,2,2,0
16365,5454,pixel_transfer,3,0,1,0,1,0
16366,5455,pixel_transfer,0,0,0,0,2,2
16369,5456,line_marker,3,0,1,0,1,0
16373,5457,pixel_transfer,3,0,1,0,1,0
16377,5458,pixel_transfer,3,0,1,0,1,0
16381,5460,pixel_transfer,3,0,1,0,1,0
16385,5461,pixel_transfer,3,0,3,0,1,0
16389,5462,pixel_transfer,3,0,3,0,3,0
16393,5464,pixel_transfer,3,0,3,0,3,0
16397,5465,pixel_transfer,3,0,3,0,3,0
16401,5466,pixel_transfer,3,0,3,0,3,0
16405,5468,pixel_transfer,3,0,3,0,3,0
16409,5469,pixel_transfer,3,1,3,0,3,0
16413,5470,pixel_transfer,2,0,3,0,3,0
16417,5472,pixel_transfer,2,0,3,0,3,0
16421,5473,pixel_transfer,2,0,3,0,3,0
16425,5474,pixel_transfer,2,0,3,0,3,0
16429,5476,pixel_transfer,2,0,3,0,3,0
16432,5477,pixel_transfer,1,0,0,0,0,0
16433,5477,pixel_transfer,2,0,3,0,3,0
16436,5478,pixel_transfer,1,0,0,0,0,0
16437,5478,pixel_transfer,2,0,3,1,3,0
16440,5479,pixel_transfer,1,0,0,0,0,0
16441,5480,pixel_transfer,2,0,2,0,3,1
16444,5481,pixel_transfer,1,0,0,0,0,0
16445,5481,pixel_transfer,2,0,2,0,2,0
16448,5482,pixel_transfer,1,0,0,0,0,0
16449,5482,pixel_transfer,2,0,2,0,2,0
16452,5483,pixel_transfer,1,0,0,0,0,0
16453,5484,pixel_transfer,2,0,2,0,2,0
16456,5485,pixel_transfer,1,0,0,0,0,0
16457,5485,pixel_transfer,2,0,2,0,2,0
16460,5486,pixel_transfer,1,0,1,0,0,0
16461,5486,pixel_transfer,2,0,2,0,2,0
16464,5487,pixel_transfer,1,0,1,0,1,0
16465,5488,pixel_transfer,2,0,2,0,2,0
16468,5489,pixel_transfer,1,0,1,0,1,0
16469,5489,pixel_transfer,2,0,2,0,2,0
16472,5490,pixel_transfer,1,0,1,0,1,0
16473,5490,pixel_transfer,2,0,2,0,2,0
16476,5491,pixel_transfer,1,0,1,0,1,0
16477,5492,pixel_transfer,2,0,2,0,2,0
16480,5493,pixel_transfer,1,0,1,0,1,0
16481,5493,pixel_transfer,2,2,2,0,2,0
16484,5494,pixel_transfer,1,0,1,0,1,0
16485,5494,pixel_transfer,0,0,2,0,2,0
16488,5495,pixel_transfer,1,0,1,0,1,0
16489,5496,pixel_transfer,0,0,2,0,2,0
16492,5497,pixel_transfer,1,0,1,0,1,0
16493,5497,pixel_transfer,0,0,2,0,2,0
16496,5498,pixel_transfer,1,0,1,0,1,0
16497,5498,pixel_transfer,0,0,2,0,2,0
16500,5499,pixel_transfer,1,0,1,0,1,0
16501,5500,pixel_transfer,0,0,2,0,2,0
16504,5501,pixel_transfer,3,0,1,0,1,0
16505,5501,pixel_transfer,0,0,2,0,2,0
16508,5502,pixel_transfer,3,0,1,0,1,0
16509,5502,pixel_transfer,0,0,2,2,2,0
16512,5503,pixel_transfer,3,0,1,0,1,0
16513,5504,pixel_transfer,0,0,0,0,2,2
16516,5505,line_marker,3,0,1,0,1,0
16520,5506,pixel_transfer,3,0,1,0,1,0
16524,5507,pixel_transfer,3,0,1,0,1,0
16528,5509,pixel_transfer,3,0,1,0,1,0
16532,5510,pixel_transfer,3,0,3,0,1,0
16536,5511,pixel_transfer,3,0,3,0,3,0
16540,5513,pixel_transfer,3,0,3,0,3,0
16544,5514,pixel_transfer,3,0,3,0,3,0
16548,5515,pixel_transfer,3,0,3,0,3,0
16552,5517,pixel_transfer,3,0,3,0,3,0
16556,5518,pixel_transfer,3,1,3,0,3,0
16560,5519,pixel_transfer,2,0,3,0,3,0
16564,5521,pixel_transfer,2,0,3,0,3,0
16568,5522,pixel_transfer,2,0,3,0,3,0
16572,5523,pixel_transfer,2,0,3,0,3,0
16576,5525,pixel_transfer,2,0,3,0,3,0
16579,5526,pixel_transfer,1,0,0,0,0,0
16580,5526,pixel_transfer,2,0,3,0,3,0
16583,5527,pixel_transfer,1,0,0,0,0,0
16584,5527,pixel_transfer,2,0,3,1,3,0
16587,5528,pixel_transfer,1,0,0,0,0,0
16588,5529,pixel_transfer,2,0,2,0,3,1
16591,5530,pixel_transfer,1,0,0,0,0,0
16592,5530,pixel_transfer,2,0,2,0,2,0
16595,5531,pixel_transfer,1,0,0,0,0,0
16596,5531,pixel_transfer,2,0,2,0,2,0
16599,5532,pixel_transfer,1,0,0,0,0,0
16600,5533,pixel_transfer,2,0,2,0,2,0
16603,5534,pixel_transfer,1,0,0,0,0,0
16604,5534,pixel_transfer,2,0,2,0,2,0
16607,5535,pixel_transfer,1,0,1,0,0,0
16608,5535,pixel_transfer,2,0,2,0,2,0
16611,5536,pixel_transfer,1,0,1,0,1,0
16612,5537,pixel_transfer,2,0,2,0,2,0
16615,5538,pixel_transfer,1,0,1,0,1,0
16616,5538,pixel_transfer,2,0,2,0,2,0
16619,5539,pixel_transfer,1,0,1,0,1,0
16620,5539,pixel_transfer,2,0,2,0,2,0
16623,5540,pixel_transfer,1,0,1,0,1,0
16624,5541,pixel_transfer,2,0,2,0,2,0
16627,5542,pixel_transfer,1,0,1,0,1,0
16628,5542,pixel_transfer,2,2,2,0,2,0
16631,5543,pixel_transfer,1,0,1,0,1,0
16632,5543,pixel_transfer,0,0,2,0,2,0
16635,5544,pixel_transfer,1,0,1,0,1,0
16636,5545,pixel_transfer,0,0,2,0,2,0
16639,5546,pixel_transfer,1,0,1,0,1,0
16640,5546,pixel_transfer,0,0,2,0,2,0
16643,5547,pixel_transfer,1,0,1,0,1,0
16644,5547,pixel_transfer,0,0,2,0,2,0
16647,5548,pixel_transfer,1,0,1,0,1,0
16648,5549,pixel_transfer,0,0,2,0,2,0
16651,5550,pixel_transfer,3,0,1,0,1,0
16652,5550,pixel_transfer,0,0,2,0,2,0
16655,5551,pixel_transfer,3,0,1,0,1,0
16656,5551,pixel_transfer,0,0,2,2,2,0
16659,5552,pixel_transfer,3,0,1,0,1,0
16660,5553,pixel_transfer,0,0,0,0,2,2
16663,5554,line_marker,3,0,1,0,1,0
16667,5555,pixel_transfer,3,0,1,0,1,0
16671,5556,pixel_transfer,3,0,1,0,1,0
16675,5558,pixel_transfer,3,0,1,0,1,0
16679,5559,pixel_transfer,3,0,3,0,1,0
16683,5560,pixel_transfer,3,0,3,0,3,0
16687,5562,pixel_transfer,3,0,3,0,3,0
16691,5563,pixel_transfer,3,0,3,0,3,0
16695,5564,pixel_transfer,3,0,3,0,3,0
16699,5566,pixel_transfer,3,0,3,0,3,0
16703,5567,pixel_transfer,3,1,3,0,3,0
16707,5568,pixel_transfer,2,0,3,0,3,0
16711,5570,pixel_transfer,2,0,3,0,3,0
16715,5571,pixel_transfer,2,0,3,0,3,0
16719,5572,pixel_transfer,2,0,3,0,3,0
16723,5574,pixel_transfer,2,0,3,0,3,0
16726,5575,pixel_transfer,1,0,0,0,0,0
16727,5575,pixel_transfer,2,0,3,0,3,0
16730,5576,pixel_transfer,1,0,0,0,0,0
16731,5576,pixel_transfer,2,0,3,1,3,0
16734,5577,pixel_transfer,1,0,0,0,0,0
16735,5578,pixel_transfer,2,0,2,0,3,1
16738,5579,pixel_transfer,1,0,0,0,0,0
16739,5579,pixel_transfer,2,0,2,0,2,0
16742,5580,pixel_transfer,1,0,0,0,0,0
16743,5580,pixel_transfer,2,0,2,0,2,0
16746,5581,pixel_transfer,1,0,0,0,0,0
16747,5582,pixel_transfer,2,0,2,0,2,0
16750,5583,pixel_transfer,1,0,0,0,0,0
16751,5583,pixel_transfer,2,0,2,0,2,0
16754,5584,pixel_transfer,1,0,1,0,0,0
16755,5584,pixel_transfer,2,0,2,0,2,0
16758,5585,pixel_transfer,1,0,1,0,1,0
16759,5586,pixel_transfer,2,0,2,0,2,0
16762,5587,pixel_transfer,1,0,1,0,1,0
16763,5587,pixel_transfer,2,0,2,0,2,0
16766,5588,pixel_transfer,1,0,1,0,1,0
16767,5588,pixel_transfer,2,0,2,0,2,0
16770,5589,pixel_transfer,1,0,1,0,1,0
16771,5590,pixel_transfer,2,0,2,0,2,0
16774,5591,pixel_transfer,1,0,1,0,1,0
16775,5591,pixel_transfer,2,2,2,0,2,0
16778,5592,pixel_transfer,1,0,1,0,1,0
16779,5592,pixel_transfer,0,0,2,0,2,0
16782,5593,pixel_transfer,1,0,1,0,1,0
16783,5594,pixel_transfer,0,0,2,0,2,0
16786,5595,pixel_transfer,1,0,1,0,1,0
16787,5595,pixel_transfer,0,0,2,0,2,0
16790,5596,pixel_transfer,1,0,1,0,1,0
16791,5596,pixel_transfer,0,0,2,0,2,0
16794,5597,pixel_transfer,1,0,1,0,1,0
16795,5598,pixel_transfer,0,0,2,0,2,0
16798,5599,pixel_transfer,3,0,1,0,1,0
16799,5599,pixel_transfer,0,0,2,0,2,0
16802,5600,pixel_transfer,3,0,1,0,1,0
16803,5600,pixel_transfer,0,0,2,2,2,0
16806,5601,pixel_transfer,3,0,1,0,1,0
16807,5602,pixel_transfer,0,0,0,0,2,2
16810,5603,line_marker,3,0,1,0,1,0
16814,5604,pixel_transfer,3,0,1,0,1,0
16818,5605,pixel_transfer,3,0,1,0,1,0
16822,5607,pixel_transfer,3,0,1,0,1,0
16826,5608,pixel_transfer,3,0,3,0,1,0
16830,5609,pixel_transfer,3,0,3,0,3,0
16834,5611,pixel_transfer,3,0,3,0,3,0
16838,5612,pixel_transfer,3,0,3,0,3,0
16842,5613,pixel_transfer,3,0,3,0,3,0
16846,5615,pixel_transfer,3,0,3,0,3,0
16850,5616,pixel_transfer,3,1,3,0,3,0
16854,5617,pixel_transfer,2,0,3,0,3,0
16858,5619,pixel_transfer,2,0,3,0,3,0
16862,5620,pixel_transfer,2,0,3,0,3,0
16866,5621,pixel_transfer,2,0,3,0,3,0
16870,5623,pixel_transfer,2,0,3,0,3,0
16873,5624,pixel_transfer,1,0,0,0,0,0
16874,5624,pixel_transfer,2,0,3,0,3,0
16877,5625,pixel_transfer,1,0,0,0,0,0
16878,5625,pixel_transfer,2,0,3,1,3,0
16881,5626,pixel_transfer,1,0,0,0,0,0
16882,5627,pixel_transfer,2,0,2,0,3,1
16885,5628,pixel_transfer,1,0,0,0,0,0
16886,5628,pixel_transfer,2,0,2,0,2,0
16889,5629,pixel_transfer,1,0,0,0,0,0
16890,5629,pixel_transfer,2,0,2,0,2,0
16893,5630,pixel_transfer,1,0,0,0,0,0
16894,5631,pixel_transfer,2,0,2,0,2,0
16897,5632,pixel_transfer,1,0,0,0,0,0
16898,5632,pixel_transfer,2,0,2,0,2,0
16901,5633,pixel_transfer,1,0,1,0,0,0
16902,5633,pixel_transfer,2,0,2,0,2,0
16905,5634,pixel_transfer,1,0,1,0,1,0
16906,5635,pixel_transfer,2,0,2,0,2,0
16909,5636,pixel_transfer,1,0,1,0,1,0
16910,5636,pixel_transfer,2,0,2,0,2,0
16913,5637,pixel_transfer,1,0,1,0,1,0
16914,5637,pixel_transfer,2,0,2,0,2,0
16917,5638,pixel_transfer,1,0,1,0,1,0
16918,5639,pixel_transfer,2,0,2,0,2,0
16921,5640,pixel_transfer,1,0,1,0,1,0
16922,5640,pixel_transfer,2,2,2,0,2,0
16925,5641,pixel_transfer,1,0,1,0,1,0
16926,5641,pixel_transfer,0,0,2,0,2,0
16929,5642,pixel_transfer,1,0,1,0,1,0
16930,5643,pixel_transfer,0,0,2,0,2,0
16933,5644,pixel_transfer,1,0,1,0,1,0
16934,5644,pixel_transfer,0,0,2,0,2,0
16937,5645,pixel_transfer,1,0,1,0,1,0
16938,5645,pixel_transfer,0,0,2,0,2,0
16941,5646,pixel_transfer,1,0,1,0,1,0
16942,5647,pixel_transfer,0,0,2,0,2,0
16945,5648,pixel_transfer,3,0,1,0,1,0
16946,5648,pixel_transfer,0,0,2,0,2,0
16949,5649,pixel_transfer,3,0,1,0,1,0
16950,5649,pixel_transfer,0,0,2,2,2,0
16953,5650,pixel_transfer,3,0,1,0,1,0
16954,5651,pixel_transfer,0,0,0,0,2,2
16957,5652,line_marker,3,0,1,0,1,0
16961,5653,pixel_transfer,3,0,1,0,1,0
16965,5654,pixel_transfer,3,0,1,0,1,0
16969,5656,pixel_transfer,3,0,1,0,1,0
16973,5657,pixel_transfer,3,0,3,0,1,0
16977,5658,pixel_transfer,3,0,3,0,3,0
16981,5660,pixel_transfer,3,0,3,0,3,0
16985,5661,pixel_transfer,3,0,3,0,3,0
16989,5662,pixel_transfer,3,0,3,0,3,0
16993,5664,pixel_transfer,3,0,3,0,3,0
16997,5665,pixel_transfer,3,1,3,0,3,0
17001,5666,pixel_transfer,2,0,3,0,3,0
17005,5668,pixel_transfer,2,0,3,0,3,0
17009,5669,pixel_transfer,2,0,3,0,3,0
17013,5670,pixel_transfer,2,0,3,0,3,0
17017,5672,pixel_transfer,2,0,3,0,3,0
17020,5673,pixel_transfer,1,0,0,0,0,0
17021,5673,pixel_transfer,2,0,3,0,3,0
17024,5674,pixel_transfer,1,0,0,0,0,0
17025,5674,pixel_transfer,2,0,3,1,3,0
17028,5675,pixel_transfer,1,0,0,0,0,0
17029,5676,pixel_transfer,2,0,2,0,3,1
17032,5677,pixel_transfer,1,0,0,0,0,0
17033,5677,pixel_transfer,2,0,2,0,2,0
17036,5678,pixel_transfer,1,0,0,0,0,0
17037,5678,pixel_transfer,2,0,2,0,2,0
17040,5679,pixel_transfer,1,0,0,0,0,0
17041,5680,pixel_transfer,2,0,2,0,2,0
17044,5681,pixel_transfer,1,0,0,0,0,0
17045,5681,pixel_transfer,2,0,2,0,2,0
17048,5682,pixel_transfer,1,0,1,0,0,0
17049,5682,pixel_transfer,2,0,2,0,2,0
17052,5683,pixel_transfer,1,0,1,0,1,0
17053,5684,pixel_transfer,2,0,2,0,2,0
17056,5685,pixel_transfer,1,0,1,0,1,0
17057,5685,pixel_transfer,2,0,2,0,2,0
17060,5686,pixel_transfer,1,0,1,0,1,0
17061,5686,pixel_transfer,2,0,2,0,2,0
17064,5687,pixel_transfer,1,0,1,0,1,0
17065,5688,pixel_transfer,2,0,2,0,2,0
17068,5689,pixel_transfer,1,0,1,0,1,0
17069,5689,pixel_transfer,2,2,2,0,2,0
17072,5690,pixel_transfer,1,0,1,0,1,0
17073,5690,pixel_transfer,0,0,2,0,2,0
17076,5691,pixel_transfer,1,0,1,0,1,0
17077,5692,pixel_transfer,0,0,2,0,2,0
17080,5693,pixel_transfer,1,0,1,0,1,0
17081,5693,pixel_transfer,0,0,2,0,2,0
17084,5694,pixel_transfer,1,0,1,0,1,0
17085,5694,pixel_transfer,0,0,2,0,2,0
17088,5695,pixel_transfer,1,0,1,0,1,0
17089,5696,pixel_transfer,0,0,2,0,2,0
17092,5697,pixel_transfer,3,0,1,0,1,0
17093,5697,pixel_transfer,0,0,2,0,2,0
17096,5698,pixel_transfer,3,0,1,0,1,0
17097,5698,pixel_transfer,0,0,2,2,2,0
17100,5699,pixel_transfer,3,0,1,0,1,0
17101,5700,pixel_transfer,0,0,0,0,2,2
17104,5701,line_marker,3,0,1,0,1,0
17108,5702,pixel_transfer,3,0,1,0,1,0
17112,5703,pixel_transfer,3,0,1,0,1,0
17116,5705,pixel_transfer,3,0,1,0,1,0
17120,5706,pixel_transfer,3,0,3,0,1,0
17124,5707,pixel_transfer,3,0,3,0,3,0
17128,5709,pixel_transfer,3,0,3,0,3,0
17132,5710,pixel_transfer,3,0,3,0,3,0
17136,5711,pixel_transfer,3,0,3,0,3,0
17140,5713,pixel_transfer,3,0,3,0,3,0
17144,5714,pixel_transfer,3,1,3,0,3,0
17148,5715,pixel_transfer,2,0,3,0,3,0
17152,5717,pixel_transfer,2,0,3,0,3,0
17156,5718,pixel_transfer,2,0,3,0,3,0
17160,5719,pixel_transfer,2,0,3,0,3,0
17164,5721,pixel_transfer,2,0,3,0,3,0
17167,5722,pixel_transfer,1,0,0,0,0,0
17168,5722,pixel_transfer,2,0,3,0,3,0
17171,5723,pixel_transfer,1,0,0,0,0,0
17172,5723,pixel_transfer,2,0,3,1,3,0
17175,5724,pixel_transfer,1,0,0,0,0,0
17176,5725,pixel_transfer,2,0,2,0,3,1
17179,5726,pixel_transfer,1,0,0,0,0,0
17180,5726,pixel_transfer,2,0,2,0,2,0
17183,5727,pixel_transfer,1,0,0,0,0,0
17184,5727,pixel_transfer,2,0,2,0,2,0
17187,5728,pixel_transfer,1,0,0,0,0,0
17188,5729,pixel_transfer,2,0,2,0,2,0
17191,5730,pixel_transfer,1,0,0,0,0,0
17192,5730,pixel_transfer,2,0,2,0,2,0
17195,5731,pixel_transfer,1,0,1,0,0,0
17196,5731,pixel_transfer,2,0,2,0,2,0
17199,5732,pixel_transfer,1,0,1,0,1,0
17200,5733,pixel_transfer,2,0,2,0,2,0
17203,5734,pixel_transfer,1,0,1,0,1,0
17204,5734,pixel_transfer,2,0,2,0,2,0
17207,5735,pixel_transfer,1,0,1,0,1,0
17208,5735,pixel_transfer,2,0,2,0,2,0
17211,5736,pixel_transfer,1,0,1,0,1,0
17212,5737,pixel_transfer,2,0,2,0,2,0
17215,5738,pixel_transfer,1,0,1,0,1,0
17216,5738,pixel_transfer,2,2,2,0,2,0
17219,5739,pixel_transfer,1,0,1,0,1,0
17220,5739,pixel_transfer,0,0,2,0,2,0
17223,5740,pixel_transfer,1,0,1,0,1,0
17224,5741,pixel_transfer,0,0,2,0,2,0
17227,5742,pixel_transfer,1,0,1,0,1,0
17228,5742,pixel_transfer,0,0,2,0,2,0
17231,5743,pixel_transfer,1,0,1,0,1,0
17232,5743,pixel_transfer,0,0,2,0,2,0
17235,5744,pixel_transfer,1,0,1,0,1,0
17236,5745,pixel_transfer,0,0,2,0,2,0
17239,5746,pixel_transfer,3,0,1,0,1,0
17240,5746,pixel_transfer,0,0,2,0,2,0
17243,5747,pixel_transfer,3,0,1,0,1,0
17244,5747,pixel_transfer,0,0,2,2,2,0
17247,5748,pixel_transfer,3,0,1,0,1,0
17248,5749,pixel_transfer,0,0,0,0,2,2
17251,5750,line_marker,3,0,1,0,1,0
17255,5751,pixel_transfer,3,0,1,0,1,0
17259,5752,pixel_transfer,3,0,1,0,1,0
17263,5754,pixel_transfer,3,0,1,0,1,0
17267,5755,pixel_transfer,3,0,3,0,1,0
17271,5756,pixel_transfer,3,0,3,0,3,0
17275,5758,pixel_transfer,3,0,3,0,3,0
17279,5759,pixel_transfer,3,0,3,0,3,0
17283,5760,pixel_transfer,3,0,3,0,3,0
17287,5762,pixel_transfer,3,0,3,0,3,0
17291,5763,pixel_transfer,3,1,3,0,3,0
17295,5764,pixel_transfer,2,0,3,0,3,0
17299,5766,pixel_transfer,2,0,3,0,3,0
17303,5767,pixel_transfer,2,0,3,0,3,0
17307,5768,pixel_transfer,2,0,3,0,3,0
17311,5770,pixel_transfer,2,0,3,0,3,0
17314,5771,pixel_transfer,1,0,0,0,0,0
17315,5771,pixel_transfer,2,0,3,0,3,0
17318,5772,pixel_transfer,1,0,0,0,0,0
17319,5772,pixel_transfer,2,0,3,1,3,0
17322,5773,pixel_transfer,1,0,0,0,0,0
17323,5774,pixel_transfer,2,0,2,0,3,1
17326,5775,pixel_transfer,1,0,0,0,0,0
17327,5775,pixel_transfer,2,0,2,0,2,0
17330,5776,pixel_transfer,1,0,0,0,0,0
17331,5776,pixel_transfer,2,0,2,0,2,0
17334,5777,pixel_transfer,1,0,0,0,0,0
17335,5778,pixel_transfer,2,0,2,0,2,0
17338,5779,pixel_transfer,1,0,0,0,0,0
17339,5779,pixel_transfer,2,0,2,0,2,0
17342,5780,pixel_transfer,1,0,1,0,0,0
17343,5780,pixel_transfer,2,0,2,0,2,0
17346,5781,pixel_transfer,1,0,1,0,1,0
17347,5782,pixel_transfer,2,0,2,0,2,0
17350,5783,pixel_transfer,1,0,1,0,1,0
17351,5783,pixel_transfer,2,0,2,0,2,0
17354,5784,pixel_transfer,1,0,1,0,1,0
17355,5784,pixel_transfer,2,0,2,0,2,0
17358,5785,pixel_transfer,1,0,1,0,1,0
17359,5786,pixel_transfer,2,0,2,0,2,0
17362,5787,pixel_transfer,1,0,1,0,1,0
17363,5787,pixel_transfer,2,2,2,0,2,0
17366,5788,pixel_transfer,1,0,1,0,1,0
17367,5788,pixel_transfer,0,0,2,0,2,0
17370,5789,pixel_transfer,1,0,1,0,1,0
17371,5790,pixel_transfer,0,0,2,0,2,0
17374,5791,pixel_transfer,1,0,1,0,1,0
17375,5791,pixel_transfer,0,0,2,0,2,0
17378,5792,pixel_transfer,1,0,1,0,1,0
17379,5792,pixel_transfer,0,0,2,0,2,0
17382,5793,pixel_transfer,1,0,1,0,1,0
17383,5794,pixel_transfer,0,0,2,0,2,0
17386,5795,pixel_transfer,3,0,1,0,1,0
17387,5795,pixel_transfer,0,0,2,0,2,0
17390,5796,pixel_transfer,3,0,1,0,1,0
17391,5796,pixel_transfer,0,0,2,2,2,0
17394,5797,pixel_transfer,3,0,1,0,1,0
17395,5798,pixel_transfer,0,0,0,0,2,2
17398,5799,line_marker,3,0,1,0,1,0
17402,5800,pixel_transfer,3,0,1,0,1,0
17406,5801,pixel_transfer,3,0,1,0,1,0
17410,5803,pixel_transfer,3,0,1,0,1,0
17414,5804,pixel_transfer,3,0,3,0,1,0
17418,5805,pixel_transfer,3,0,3,0,3,0
17422,5807,pixel_transfer,3,0,3,0,3,0
17426,5808,pixel_transfer,3,0,3,0,3,0
17430,5809,pixel_transfer,3,0,3,0,3,0
17434,5811,pixel_transfer,3,0,3,0,3,0
17438,5812,pixel_transfer,3,1,3,0,3,0
17442,5813,pixel_transfer,2,0,3,0,3,0
17446,5815,pixel_transfer,2,0,3,0,3,0
17450,5816,pixel_transfer,2,0,3,0,3,0
17454,5817,pixel_transfer,2,0,3,0,3,0
17458,5819,pixel_transfer,2,0,3,0,3,0
17461,5820,pixel_transfer,1,0,0,0,0,0
17462,5820,pixel_transfer,2,0,3,0,3,0
17465,5821,pixel_transfer,1,0,0,0,0,0
17466,5821,pixel_transfer,2,0,3,1,3,0
17469,5822,pixel_transfer,1,0,0,0,0,0
17470,5823,pixel_transfer,2,0,2,0,3,1
17473,5824,pixel_transfer,1,0,0,0,0,0
17474,5824,pixel_transfer,2,0,2,0,2,0
17477,5825,pixel_transfer,1,0,0,0,0,0
17478,5825,pixel_transfer,2,0,2,0,2,0
17481,5826,pixel_transfer,1,0,0,0,0,0
17482,5827,pixel_transfer,2,0,2,0,2,0
17485,5828,pixel_transfer,1,0,0,0,0,0
17486,5828,pixel_transfer,2,0,2,0,2,0
17489,5829,pixel_transfer,1,0,1,0,0,0
17490,5829,pixel_transfer,2,0,2,0,2,0
17493,5830,pixel_transfer,1,0,1,0,1,0
17494,5831,pixel_transfer,2,0,2,0,2,0
17497,5832,pixel_transfer,1,0,1,0,1,0
17498,5832,pixel_transfer,2,0,2,0,2,0
17501,5833,pixel_transfer,1,0,1,0,1,0
17502,5833,pixel_transfer,2,0,2,0,2,0
17505,5834,pixel_transfer,1,0,1,0,1,0
17506,5835,pixel_transfer,2,0,2,0,2,0
17509,5836,pixel_transfer,1,0,1,0,1,0
17510,5836,pixel_transfer,2,2,2,0,2,0
17513,5837,pixel_transfer,1,0,1,0,1,0
17514,5837,pixel_transfer,0,0,2,0,2,0
17517,5838,pixel_transfer,1,0,1,0,1,0
17518,5839,pixel_transfer,0,0,2,0,2,0
17521,5840,pixel_transfer,1,0,1,0,1,0
17522,5840,pixel_transfer,0,0,2,0,2,0
17525,5841,pixel_transfer,1,0,1,0,1,0
17526,5841,pixel_transfer,0,0,2,0,2,0
17529,5842,pixel_transfer,1,0,1,0,1,0
17530,5843,pixel_transfer,0,0,2,0,2,0
17533,5844,pixel_transfer,3,0,1,0,1,0
17534,5844,pixel_transfer,0,0,2,0,2,0
17537,5845,pixel_transfer,3,0,1,0,1,0
17538,5845,pixel_transfer,0,0,2,2,2,0
17541,5846,pixel_transfer,3,0,1,0,1,0
17542,5847,pixel_transfer,0,0,0,0,2,2
17545,5848,output_drain,3,0,1,0,1,0
17549,5849,output_drain,3,0,1,0,1,0
17553,5850,output_drain,3,0,1,0,1,0
17557,5852,output_drain,3,0,1,0,1,0
17561,5853,output_drain,3,0,3,0,1,0
17565,5854,output_drain,3,0,3,0,3,0
17569,5856,output_drain,3,0,3,0,3,0
17573,5857,output_drain,3,0,3,0,3,0
17577,5858,output_drain,3,0,3,0,3,0
17581,5860,output_drain,3,0,3,0,3,0
17585,5861,output_drain,3,1,3,0,3,0
17589,5862,output_drain,2,0,3,0,3,0
17593,5864,output_drain,2,0,3,0,3,0
17597,5865,output_drain,2,0,3,0,3,0
17601,5866,output_drain,2,0,3,0,3,0
17605,5868,output_drain,2,0,3,0,3,0
17609,5869,output_drain,2,0,3,0,3,0
17613,5870,output_drain,2,0,3,1,3,0
17617,5872,output_drain,2,0,2,0,3,1
17621,5873,output_drain,2,0,2,0,2,0
17625,5874,output_drain,2,0,2,0,2,0
17629,5876,output_drain,2,0,2,0,2,0
17633,5877,output_drain,2,0,2,0,2,0
17637,5878,output_drain,2,0,2,0,2,0
17641,5880,output_drain,2,0,2,0,2,0
17645,5881,output_drain,2,0,2,0,2,0
17649,5882,output_drain,2,0,2,0,2,0
17653,5884,output_drain,2,0,2,0,2,0
17657,5885,output_drain,2,2,2,0,2,0
17661,5886,output_drain,0,0,2,0,2,0
17665,5888,output_drain,0,0,2,0,2,0
17669,5889,output_drain,0,0,2,0,2,0
17673,5890,output_drain,0,0,2,0,2,0
17677,5892,output_drain,0,0,2,0,2,0
17681,5893,output_drain,0,0,2,0,2,0
17685,5894,output_drain,0,0,2,2,2,0
17689,5896,output_drain,0,0,0,0,2,2
