axi_cycle,phase,input_valid,input_ready,pack_valid,pack_ready,pack_line,partition_valid,partition_last,slice_input_ready,slice_output_valid,slice_output_ready,slice_output_last,mux_valid,mux_ready,mux_line,mux_frame,top_valid,top_ready,top_line,top_frame
555,wait_encoder_ready,0,0,0,1,0,0,0,15,0,0,0,0,0,0,1,0,1,0,0
556,wait_encoder_ready,0,1,0,1,0,0,0,15,0,0,0,0,0,0,0,0,1,0,1
558,pixel_transfer,1,1,1,1,0,0,0,15,0,1,0,0,1,0,0,0,1,0,0
559,pixel_transfer,1,1,1,1,0,1,0,15,0,1,0,0,1,0,0,0,1,0,0
560,pixel_transfer,1,1,1,1,0,1,0,15,0,1,0,0,1,0,0,0,1,0,0
561,pixel_transfer,1,1,1,1,0,1,0,15,0,1,0,0,1,0,0,0,1,0,0
562,pixel_transfer,1,1,1,1,0,1,0,15,0,1,0,0,1,0,0,0,1,0,0
563,pixel_transfer,1,1,1,1,0,1,0,15,0,1,0,0,1,0,0,0,1,0,0
564,pixel_transfer,1,1,1,1,0,1,0,15,0,1,0,0,1,0,0,0,1,0,0
565,pixel_transfer,1,1,1,1,0,1,0,15,0,1,0,0,1,0,0,0,1,0,0
566,pixel_transfer,1,1,1,1,0,1,0,15,0,1,0,0,1,0,0,0,1,0,0
567,pixel_transfer,1,1,1,1,0,1,0,15,0,1,0,0,1,0,0,0,1,0,0
568,pixel_transfer,1,1,1,1,0,1,0,15,0,1,0,0,1,0,0,0,1,0,0
569,pixel_transfer,1,1,1,1,0,1,0,15,0,1,0,0,1,0,0,0,1,0,0
570,pixel_transfer,1,1,1,1,0,1,0,15,0,1,0,0,1,0,0,0,1,0,0
571,pixel_transfer,1,1,1,1,0,1,0,15,0,1,0,0,1,0,0,0,1,0,0
572,pixel_transfer,1,1,1,1,0,1,0,15,0,1,0,0,1,0,0,0,1,0,0
573,pixel_transfer,1,1,1,1,0,1,0,15,0,1,0,0,1,0,0,0,1,0,0
574,pixel_transfer,1,1,1,1,0,1,0,15,0,1,0,0,1,0,0,0,1,0,0
575,pixel_transfer,1,1,1,1,0,1,0,15,0,1,0,0,1,0,0,0,1,0,0
576,pixel_transfer,1,1,1,1,0,1,0,15,0,1,0,0,1,0,0,0,1,0,0
577,pixel_transfer,1,1,1,1,0,1,0,15,0,1,0,0,1,0,0,0,1,0,0
578,pixel_transfer,1,1,1,1,0,1,0,15,0,1,0,0,1,0,0,0,1,0,0
579,pixel_transfer,1,1,1,1,0,1,0,15,0,1,0,0,1,0,0,0,1,0,0
580,pixel_transfer,1,1,1,1,0,1,0,15,0,1,0,0,1,0,0,0,1,0,0
581,pixel_transfer,1,1,1,1,0,1,0,15,0,1,0,0,1,0,0,0,1,0,0
582,pixel_transfer,1,1,1,1,0,1,1,15,0,1,0,0,1,0,0,0,1,0,0
583,pixel_transfer,1,1,1,1,0,2,0,15,0,1,0,0,1,0,0,0,1,0,0
584,pixel_transfer,1,1,1,1,0,2,0,15,0,1,0,0,1,0,0,0,1,0,0
585,pixel_transfer,1,1,1,1,0,2,0,15,0,1,0,0,1,0,0,0,1,0,0
586,pixel_transfer,1,1,1,1,0,2,0,15,0,1,0,0,1,0,0,0,1,0,0
587,pixel_transfer,1,1,1,1,0,2,0,15,0,1,0,0,1,0,0,0,1,0,0
588,pixel_transfer,1,1,1,1,0,2,0,15,0,1,0,0,1,0,0,0,1,0,0
589,pixel_transfer,1,1,1,1,0,2,0,15,0,1,0,0,1,0,0,0,1,0,0
590,pixel_transfer,1,1,1,1,0,2,0,15,0,1,0,0,1,0,0,0,1,0,0
591,pixel_transfer,1,1,1,1,0,2,0,15,0,1,0,0,1,0,0,0,1,0,0
592,pixel_transfer,1,1,1,1,0,2,0,15,0,1,0,0,1,0,0,0,1,0,0
593,pixel_transfer,1,1,1,1,0,2,0,15,0,1,0,0,1,0,0,0,1,0,0
594,pixel_transfer,1,1,1,1,0,2,0,15,0,1,0,0,1,0,0,0,1,0,0
595,pixel_transfer,1,1,1,1,0,2,0,15,1,1,0,0,1,0,0,0,1,0,0
596,pixel_transfer,1,1,1,1,0,2,0,15,0,1,0,1,1,0,0,0,1,0,0
597,pixel_transfer,1,1,1,1,0,2,0,15,0,1,0,0,1,0,0,0,1,0,0
598,pixel_transfer,1,1,1,1,0,2,0,15,1,1,0,0,1,0,0,0,1,0,0
599,pixel_transfer,1,1,1,1,0,2,0,15,0,1,0,1,1,0,0,0,1,0,0
600,pixel_transfer,1,1,1,1,0,2,0,15,0,1,0,0,1,0,0,0,1,0,0
601,pixel_transfer,1,1,1,1,0,2,0,15,0,1,0,0,1,0,0,0,1,0,0
602,pixel_transfer,1,1,1,1,0,2,0,15,1,1,0,0,1,0,0,0,1,0,0
603,pixel_transfer,1,1,1,1,0,2,0,15,0,1,0,1,1,0,0,0,1,0,0
604,pixel_transfer,1,1,1,1,0,2,0,15,0,1,0,0,1,0,0,0,1,0,0
605,pixel_transfer,1,1,1,1,0,2,0,15,1,1,0,0,1,0,0,0,1,0,0
606,line_marker,0,1,0,1,1,2,2,15,1,1,0,1,1,0,0,0,1,0,0
607,pixel_transfer,1,1,1,1,0,0,0,15,1,1,0,1,1,0,0,0,1,0,0
608,pixel_transfer,1,1,1,1,0,1,0,15,0,1,0,1,1,0,0,0,1,0,0
609,pixel_transfer,1,1,1,1,0,1,0,15,0,1,0,0,1,0,0,0,1,0,0
610,pixel_transfer,1,1,1,1,0,1,0,15,1,1,0,0,1,0,0,0,1,0,0
611,pixel_transfer,1,1,1,1,0,1,0,15,1,1,0,1,1,0,0,1,1,0,0
612,pixel_transfer,1,1,1,1,0,1,0,15,0,1,0,1,1,0,0,1,1,0,0
613,pixel_transfer,1,1,1,1,0,1,0,15,0,1,0,0,1,0,0,0,1,0,0
614,pixel_transfer,1,1,1,1,0,1,0,15,1,1,0,0,1,0,0,0,1,0,0
615,pixel_transfer,1,1,1,1,0,1,0,15,1,1,0,1,1,0,0,0,1,0,0
616,pixel_transfer,1,1,1,1,0,1,0,15,0,1,0,1,1,0,0,0,1,0,0
617,pixel_transfer,1,1,1,1,0,1,0,15,0,1,0,0,1,0,0,1,1,0,0
618,pixel_transfer,1,1,1,1,0,1,0,15,1,1,0,0,1,0,0,1,1,0,0
619,pixel_transfer,1,1,1,1,0,1,0,15,1,1,0,1,1,0,0,0,1,0,0
620,pixel_transfer,1,1,1,1,0,1,0,15,3,1,0,1,1,0,0,0,1,0,0
621,pixel_transfer,1,1,1,1,0,1,0,15,2,1,0,1,1,0,0,0,1,0,0
622,pixel_transfer,1,1,1,1,0,1,0,15,2,1,0,0,1,0,0,0,1,0,0
623,pixel_transfer,1,1,1,1,0,1,0,15,3,1,0,0,1,0,0,0,1,0,0
624,pixel_transfer,1,1,1,1,0,1,0,15,3,1,0,1,1,0,0,0,1,0,0
625,pixel_transfer,1,1,1,1,0,1,0,15,3,1,0,1,1,0,0,1,1,0,0
626,pixel_transfer,1,1,1,1,0,1,0,15,2,1,0,1,1,0,0,1,1,0,0
627,pixel_transfer,1,1,1,1,0,1,0,15,2,1,0,0,1,0,0,0,1,0,0
628,pixel_transfer,1,1,1,1,0,1,0,15,3,1,0,0,1,0,0,0,1,0,0
629,pixel_transfer,1,1,1,1,0,1,0,15,2,1,0,1,1,0,0,0,1,0,0
630,pixel_transfer,1,1,1,1,0,1,0,15,2,1,0,0,1,0,0,0,1,0,0
631,pixel_transfer,1,1,1,1,0,1,1,15,3,1,0,0,1,0,0,1,1,0,0
632,pixel_transfer,1,1,1,1,0,2,0,15,3,1,0,1,1,0,0,1,1,0,0
633,pixel_transfer,1,1,1,1,0,2,0,15,2,1,0,1,1,0,0,0,1,0,0
634,pixel_transfer,1,1,1,1,0,2,0,15,2,1,0,0,1,0,0,0,1,0,0
635,pixel_transfer,1,1,1,1,0,2,0,15,3,1,0,0,1,0,0,0,1,0,0
636,pixel_transfer,1,1,1,1,0,2,0,15,3,1,0,1,1,0,0,0,1,0,0
637,pixel_transfer,1,1,1,1,0,2,0,15,3,1,0,1,1,0,0,0,1,0,0
638,pixel_transfer,1,1,1,1,0,2,0,15,2,1,0,1,1,0,0,0,1,0,0
639,pixel_transfer,1,1,1,1,0,2,0,15,2,1,0,0,1,0,0,0,1,0,0
640,pixel_transfer,1,1,1,1,0,2,0,15,3,1,0,0,1,0,0,0,1,0,0
641,pixel_transfer,1,1,1,1,0,2,0,15,3,1,0,1,1,0,0,1,1,0,0
642,pixel_transfer,1,1,1,1,0,2,0,15,2,1,0,1,1,0,0,1,1,0,0
643,pixel_transfer,1,1,1,1,0,2,0,15,2,1,0,0,1,0,0,0,1,0,0
644,pixel_transfer,1,1,1,1,0,2,0,15,3,1,0,0,1,0,0,0,1,0,0
645,pixel_transfer,1,1,1,1,0,2,0,15,3,1,0,1,1,0,0,0,1,0,0
646,pixel_transfer,1,1,1,1,0,2,0,15,2,1,0,1,1,0,0,0,1,0,0
647,pixel_transfer,1,1,1,1,0,2,0,15,2,1,0,0,1,0,0,1,1,0,0
648,pixel_transfer,1,1,1,1,0,2,0,15,3,1,0,0,1,0,0,1,1,0,0
649,pixel_transfer,1,1,1,1,0,2,0,15,2,1,0,1,1,0,0,0,1,0,0
650,pixel_transfer,1,1,1,1,0,2,0,15,2,1,0,0,1,0,0,0,1,0,0
651,pixel_transfer,1,1,1,1,0,2,0,15,2,1,0,0,1,0,0,0,1,0,0
652,pixel_transfer,1,1,1,1,0,2,0,15,2,1,0,0,1,0,0,0,1,0,0
653,pixel_transfer,1,1,1,1,0,2,0,15,2,1,0,0,1,0,0,0,1,0,0
654,pixel_transfer,1,1,1,1,0,2,0,15,2,1,0,0,1,0,0,0,1,0,0
655,line_marker,0,1,0,1,1,2,2,15,2,1,0,0,1,0,0,0,1,0,0
656,pixel_transfer,1,1,1,1,0,0,0,15,2,1,0,0,1,0,0,0,1,0,0
657,pixel_transfer,1,1,1,1,0,1,0,15,2,1,0,0,1,0,0,0,1,0,0
658,pixel_transfer,1,1,1,1,0,1,0,15,2,1,0,0,1,0,0,0,1,0,0
659,pixel_transfer,1,1,1,1,0,1,0,15,2,1,0,0,1,0,0,0,1,0,0
660,pixel_transfer,1,1,1,1,0,1,0,15,2,1,0,0,1,0,0,0,1,0,0
661,pixel_transfer,1,1,1,1,0,1,0,15,2,1,0,0,1,0,0,0,1,0,0
662,pixel_transfer,1,1,1,1,0,1,0,15,3,1,0,0,1,0,0,0,1,0,0
663,pixel_transfer,1,1,1,1,0,1,0,15,3,1,0,1,1,0,0,0,1,0,0
664,pixel_transfer,1,1,1,1,0,1,0,15,2,1,0,1,1,0,0,0,1,0,0
665,pixel_transfer,1,1,1,1,0,1,0,15,2,1,0,0,1,0,0,0,1,0,0
666,pixel_transfer,1,1,1,1,0,1,0,15,2,1,0,0,1,0,0,0,1,0,0
667,pixel_transfer,1,1,1,1,0,1,0,15,2,1,0,0,1,0,0,0,1,0,0
668,pixel_transfer,1,1,1,1,0,1,0,15,2,1,0,0,1,0,0,1,1,0,0
669,pixel_transfer,1,1,1,1,0,1,0,15,2,1,0,0,1,0,0,1,1,0,0
670,pixel_transfer,1,1,1,1,0,1,0,15,2,1,0,0,1,0,0,0,1,0,0
671,pixel_transfer,1,1,1,1,0,1,0,15,2,1,0,0,1,0,0,0,1,0,0
672,pixel_transfer,1,1,1,1,0,1,0,15,2,1,0,0,1,0,0,0,1,0,0
673,pixel_transfer,1,1,1,1,0,1,0,15,2,1,0,0,1,0,0,0,1,0,0
674,pixel_transfer,1,1,1,1,0,1,0,15,3,1,0,0,1,0,0,0,1,0,0
675,pixel_transfer,1,1,1,1,0,1,0,15,3,1,0,1,1,0,0,0,1,0,0
676,pixel_transfer,1,1,1,1,0,1,0,15,3,1,0,1,1,0,0,0,1,0,0
677,pixel_transfer,1,1,1,1,0,1,0,15,2,1,0,1,1,0,0,0,1,0,0
678,pixel_transfer,1,1,1,1,0,1,0,15,2,1,0,0,1,0,0,0,1,0,0
679,pixel_transfer,1,1,1,1,0,1,0,15,2,1,0,0,1,0,0,0,1,0,0
680,pixel_transfer,1,1,1,1,0,1,1,15,3,1,0,0,1,0,0,0,1,0,0
681,pixel_transfer,1,1,1,1,0,2,0,15,2,1,0,1,1,0,0,0,1,0,0
682,pixel_transfer,1,1,1,1,0,2,0,15,2,1,0,0,1,0,0,1,1,0,0
683,pixel_transfer,1,1,1,1,0,2,0,15,3,1,0,0,1,0,0,1,1,0,0
684,pixel_transfer,1,1,1,1,0,2,0,15,2,1,0,1,1,0,0,0,1,0,0
685,pixel_transfer,1,1,1,1,0,2,0,15,2,1,0,0,1,0,0,0,1,0,0
686,pixel_transfer,1,1,1,1,0,2,0,15,3,1,0,0,1,0,0,0,1,0,0
687,pixel_transfer,1,1,1,1,0,2,0,15,2,1,0,1,1,0,0,0,1,0,0
688,pixel_transfer,1,1,1,1,0,2,0,15,2,1,0,0,1,0,0,0,1,0,0
689,pixel_transfer,1,1,1,1,0,2,0,15,3,1,0,0,1,0,0,0,1,0,0
690,pixel_transfer,1,1,1,1,0,2,0,15,2,1,0,1,1,0,0,0,1,0,0
691,pixel_transfer,1,1,1,1,0,2,0,15,2,1,0,0,1,0,0,0,1,0,0
692,pixel_transfer,1,1,1,1,0,2,0,15,3,1,0,0,1,0,0,0,1,0,0
693,pixel_transfer,1,1,1,1,0,2,0,15,2,1,0,1,1,0,0,0,1,0,0
694,pixel_transfer,1,1,1,1,0,2,0,15,2,1,0,0,1,0,0,0,1,0,0
695,pixel_transfer,1,1,1,1,0,2,0,15,3,1,0,0,1,0,0,1,1,0,0
696,pixel_transfer,1,1,1,1,0,2,0,15,3,1,0,1,1,0,0,1,1,0,0
697,pixel_transfer,1,1,1,1,0,2,0,15,2,1,0,1,1,0,0,0,1,0,0
698,pixel_transfer,1,1,1,1,0,2,0,15,2,1,0,0,1,0,0,0,1,0,0
699,pixel_transfer,1,1,1,1,0,2,0,15,3,1,0,0,1,0,0,0,1,0,0
700,pixel_transfer,1,1,1,1,0,2,0,15,2,1,0,1,1,0,0,0,1,0,0
701,pixel_transfer,1,1,1,1,0,2,0,15,2,1,0,0,1,0,0,0,1,0,0
702,pixel_transfer,1,1,1,1,0,2,0,15,3,1,0,0,1,0,0,0,1,0,0
703,pixel_transfer,1,1,1,1,0,2,0,15,2,1,0,1,1,0,0,0,1,0,0
704,line_marker,0,1,0,1,1,2,2,15,2,1,0,0,1,0,0,0,1,0,0
705,pixel_transfer,1,1,1,1,0,0,0,15,2,1,0,0,1,0,0,1,1,0,0
706,pixel_transfer,1,1,1,1,0,1,0,15,3,1,0,0,1,0,0,1,1,0,0
707,pixel_transfer,1,1,1,1,0,1,0,15,2,1,0,1,1,0,0,0,1,0,0
708,pixel_transfer,1,1,1,1,0,1,0,15,2,1,0,0,1,0,0,0,1,0,0
709,pixel_transfer,1,1,1,1,0,1,0,15,3,1,0,0,1,0,0,0,1,0,0
710,pixel_transfer,1,1,1,1,0,1,0,15,2,1,0,1,1,0,0,0,1,0,0
711,pixel_transfer,1,1,1,1,0,1,0,15,2,1,0,0,1,0,0,0,1,0,0
712,pixel_transfer,1,1,1,1,0,1,0,15,3,1,0,0,1,0,0,0,1,0,0
713,pixel_transfer,1,1,1,1,0,1,0,15,2,1,0,1,1,0,0,0,1,0,0
714,pixel_transfer,1,1,1,1,0,1,0,15,2,1,0,0,1,0,0,0,1,0,0
715,pixel_transfer,1,1,1,1,0,1,0,15,2,1,0,0,1,0,0,0,1,0,0
716,pixel_transfer,1,1,1,1,0,1,0,15,2,1,0,0,1,0,0,0,1,0,0
717,pixel_transfer,1,1,1,1,0,1,0,15,2,1,0,0,1,0,0,0,1,0,0
718,pixel_transfer,1,1,1,1,0,1,0,15,2,1,0,0,1,0,0,1,1,0,0
719,pixel_transfer,1,1,1,1,0,1,0,15,2,1,0,0,1,0,0,1,1,0,0
720,pixel_transfer,1,1,1,1,0,1,0,15,2,1,0,0,1,0,0,0,1,0,0
721,pixel_transfer,1,1,1,1,0,1,0,15,2,1,0,0,1,0,0,0,1,0,0
722,pixel_transfer,1,1,1,1,0,1,0,15,2,1,0,0,1,0,0,0,1,0,0
723,pixel_transfer,1,1,1,1,0,1,0,15,2,1,0,0,1,0,0,0,1,0,0
724,pixel_transfer,1,1,1,1,0,1,0,15,2,1,0,0,1,0,0,0,1,0,0
725,pixel_transfer,1,1,1,1,0,1,0,15,2,1,0,0,1,0,0,0,1,0,0
726,pixel_transfer,1,1,1,1,0,1,0,15,2,1,0,0,1,0,0,0,1,0,0
727,pixel_transfer,1,1,1,1,0,1,0,15,2,1,0,0,1,0,0,0,1,0,0
728,pixel_transfer,1,1,1,1,0,1,0,15,3,1,0,0,1,0,0,0,1,0,0
729,pixel_transfer,1,1,1,1,0,1,1,15,3,1,0,1,1,0,0,0,1,0,0
730,pixel_transfer,1,1,1,1,0,2,0,15,2,1,0,1,1,0,0,0,1,0,0
731,pixel_transfer,1,1,1,1,0,2,0,15,2,1,0,0,1,0,0,0,1,0,0
732,pixel_transfer,1,1,1,1,0,2,0,15,3,1,0,0,1,0,0,0,1,0,0
733,pixel_transfer,1,1,1,1,0,2,0,15,2,1,0,1,1,0,0,0,1,0,0
734,pixel_transfer,1,1,1,1,0,2,0,15,2,1,0,0,1,0,0,0,1,0,0
735,pixel_transfer,1,1,1,1,0,2,0,15,3,1,0,0,1,0,0,0,1,0,0
736,pixel_transfer,1,1,1,1,0,2,0,15,2,1,0,1,1,0,0,0,1,0,0
737,pixel_transfer,1,1,1,1,0,2,0,15,2,1,0,0,1,0,0,0,1,0,0
738,pixel_transfer,1,1,1,1,0,2,0,15,3,1,0,0,1,0,0,0,1,0,0
739,pixel_transfer,1,1,1,1,0,2,0,15,3,1,0,1,1,0,0,0,1,0,0
740,pixel_transfer,1,1,1,1,0,2,0,15,2,1,0,1,1,0,0,0,1,0,0
741,pixel_transfer,1,1,1,1,0,2,0,15,2,1,0,0,1,0,0,1,1,0,0
742,pixel_transfer,1,1,1,1,0,2,0,15,2,1,0,0,1,0,0,1,1,0,0
743,pixel_transfer,1,1,1,1,0,2,0,15,3,1,0,0,1,0,0,0,1,0,0
744,pixel_transfer,1,1,1,1,0,2,0,15,2,1,0,1,1,0,0,0,1,0,0
745,pixel_transfer,1,1,1,1,0,2,0,15,2,1,0,0,1,0,0,0,1,0,0
746,pixel_transfer,1,1,1,1,0,2,0,15,3,1,0,0,1,0,0,0,1,0,0
747,pixel_transfer,1,1,1,1,0,2,0,15,2,1,0,1,1,0,0,0,1,0,0
748,pixel_transfer,1,1,1,1,0,2,0,15,2,1,0,0,1,0,0,0,1,0,0
749,pixel_transfer,1,1,1,1,0,2,0,15,3,1,0,0,1,0,0,0,1,0,0
750,pixel_transfer,1,1,1,1,0,2,0,15,3,1,0,1,1,0,0,0,1,0,0
751,pixel_transfer,1,1,1,1,0,2,0,15,3,1,0,1,1,0,0,0,1,0,0
752,pixel_transfer,1,1,1,1,0,2,0,15,2,1,0,1,1,0,0,1,1,0,0
753,line_marker,0,1,0,1,1,2,2,15,2,1,0,0,1,0,0,1,1,0,0
754,pixel_transfer,1,1,1,1,0,0,0,15,2,1,0,0,1,0,0,0,1,0,0
755,pixel_transfer,1,1,1,1,0,1,0,15,3,1,0,0,1,0,0,0,1,0,0
756,pixel_transfer,1,1,1,1,0,1,0,15,2,1,0,1,1,0,0,0,1,0,0
757,pixel_transfer,1,1,1,1,0,1,0,15,2,1,0,0,1,0,0,0,1,0,0
758,pixel_transfer,1,1,1,1,0,1,0,15,3,1,0,0,1,0,0,0,1,0,0
759,pixel_transfer,1,1,1,1,0,1,0,15,2,1,0,1,1,0,0,0,1,0,0
760,pixel_transfer,1,1,1,1,0,1,0,15,2,1,0,0,1,0,0,0,1,0,0
761,pixel_transfer,1,1,1,1,0,1,0,15,3,1,0,0,1,0,0,1,1,0,0
762,pixel_transfer,1,1,1,1,0,1,0,15,3,1,0,1,1,0,0,1,1,0,0
763,pixel_transfer,1,1,1,1,0,1,0,15,3,1,0,1,1,0,0,0,1,0,0
764,pixel_transfer,1,1,1,1,0,1,0,15,2,1,0,1,1,0,0,0,1,0,0
765,pixel_transfer,1,1,1,1,0,1,0,15,2,1,0,0,1,0,0,0,1,0,0
766,pixel_transfer,1,1,1,1,0,1,0,15,3,1,0,0,1,0,0,0,1,0,0
767,pixel_transfer,1,1,1,1,0,1,0,15,2,1,0,1,1,0,0,0,1,0,0
768,pixel_transfer,1,1,1,1,0,1,0,15,2,1,0,0,1,0,0,0,1,0,0
769,pixel_transfer,1,1,1,1,0,1,0,15,3,1,0,0,1,0,0,1,1,0,0
770,pixel_transfer,1,1,1,1,0,1,0,15,3,1,0,1,1,0,0,1,1,0,0
771,pixel_transfer,1,1,1,1,0,1,0,15,2,1,0,1,1,0,0,0,1,0,0
772,pixel_transfer,1,1,1,1,0,1,0,15,2,1,0,0,1,0,0,0,1,0,0
773,pixel_transfer,1,1,1,1,0,1,0,15,3,1,0,0,1,0,0,0,1,0,0
774,pixel_transfer,1,1,1,1,0,1,0,15,2,1,0,1,1,0,0,0,1,0,0
775,pixel_transfer,1,1,1,1,0,1,0,15,2,1,0,0,1,0,0,0,1,0,0
776,pixel_transfer,1,1,1,1,0,1,0,15,2,1,0,0,1,0,0,0,1,0,0
777,pixel_transfer,1,1,1,1,0,1,0,15,3,1,0,0,1,0,0,0,1,0,0
778,pixel_transfer,1,1,1,1,0,1,1,15,2,1,0,1,1,0,0,0,1,0,0
779,pixel_transfer,1,1,1,1,0,2,0,15,2,1,0,0,1,0,0,1,1,0,0
780,pixel_transfer,1,1,1,1,0,2,0,15,3,1,0,0,1,0,0,1,1,0,0
781,pixel_transfer,1,1,1,1,0,2,0,15,3,1,0,1,1,0,0,0,1,0,0
782,pixel_transfer,1,1,1,1,0,2,0,15,2,1,0,1,1,0,0,0,1,0,0
783,pixel_transfer,1,1,1,1,0,2,0,15,2,1,0,0,1,0,0,0,1,0,0
784,pixel_transfer,1,1,1,1,0,2,0,15,3,1,0,0,1,0,0,0,1,0,0
785,pixel_transfer,1,1,1,1,0,2,0,15,2,1,0,1,1,0,0,0,1,0,0
786,pixel_transfer,1,1,1,1,0,2,0,15,2,1,0,0,1,0,0,0,1,0,0
787,pixel_transfer,1,1,1,1,0,2,0,15,3,1,0,0,1,0,0,0,1,0,0
788,pixel_transfer,1,1,1,1,0,2,0,15,3,1,0,1,1,0,0,0,1,0,0
789,pixel_transfer,1,1,1,1,0,2,0,15,2,1,0,1,1,0,0,0,1,0,0
790,pixel_transfer,1,1,1,1,0,2,0,15,2,1,0,0,1,0,0,1,1,0,0
791,pixel_transfer,1,1,1,1,0,2,0,15,2,1,0,0,1,0,0,1,1,0,0
792,pixel_transfer,1,1,1,1,0,2,0,15,3,1,0,0,1,0,0,0,1,0,0
793,pixel_transfer,1,1,1,1,0,2,0,15,2,1,0,1,1,0,0,0,1,0,0
794,pixel_transfer,1,1,1,1,0,2,0,15,2,1,0,0,1,0,0,0,1,0,0
795,pixel_transfer,1,1,1,1,0,2,0,15,3,1,0,0,1,0,0,0,1,0,0
796,pixel_transfer,1,1,1,1,0,2,0,15,2,1,0,1,1,0,0,0,1,0,0
797,pixel_transfer,1,1,1,1,0,2,0,15,2,1,0,0,1,0,0,0,1,0,0
798,pixel_transfer,1,1,1,1,0,2,0,15,3,1,0,0,1,0,0,0,1,0,0
799,pixel_transfer,1,1,1,1,0,2,0,15,2,1,0,1,1,0,0,0,1,0,0
800,pixel_transfer,1,1,1,1,0,2,0,15,2,1,0,0,1,0,0,0,1,0,0
801,pixel_transfer,1,1,1,1,0,2,0,15,3,1,0,0,1,0,0,1,1,0,0
802,line_marker,0,1,0,1,1,2,2,15,3,1,0,1,1,0,0,1,1,0,0
803,pixel_transfer,1,1,1,1,0,0,0,15,2,1,0,1,1,0,0,0,1,0,0
804,pixel_transfer,1,1,1,1,0,1,0,15,2,1,0,0,1,0,0,0,1,0,0
805,pixel_transfer,1,1,1,1,0,1,0,15,2,1,0,0,1,0,0,0,1,0,0
806,pixel_transfer,1,1,1,1,0,1,0,15,3,1,0,0,1,0,0,0,1,0,0
807,pixel_transfer,1,1,1,1,0,1,0,15,2,1,0,1,1,0,0,0,1,0,0
808,pixel_transfer,1,1,1,1,0,1,0,15,2,1,0,0,1,0,0,0,1,0,0
809,pixel_transfer,1,1,1,1,0,1,0,15,2,1,0,0,1,0,0,0,1,0,0
810,pixel_transfer,1,1,1,1,0,1,0,15,2,1,0,0,1,0,0,0,1,0,0
811,pixel_transfer,1,1,1,1,0,1,0,15,2,1,0,0,1,0,0,0,1,0,0
812,pixel_transfer,1,1,1,1,0,1,0,15,2,1,0,0,1,0,0,1,1,0,0
813,pixel_transfer,1,1,1,1,0,1,0,15,2,1,0,0,1,0,0,1,1,0,0
814,pixel_transfer,1,1,1,1,0,1,0,15,2,1,0,0,1,0,0,0,1,0,0
815,pixel_transfer,1,1,1,1,0,1,0,15,2,1,0,0,1,0,0,0,1,0,0
816,pixel_transfer,1,1,1,1,0,1,0,15,2,1,0,0,1,0,0,0,1,0,0
817,pixel_transfer,1,1,1,1,0,1,0,15,3,1,0,0,1,0,0,0,1,0,0
818,pixel_transfer,1,1,1,1,0,1,0,15,3,1,0,1,1,0,0,0,1,0,0
819,pixel_transfer,1,1,1,1,0,1,0,15,2,1,0,1,1,0,0,0,1,0,0
820,pixel_transfer,1,1,1,1,0,1,0,15,2,1,0,0,1,0,0,0,1,0,0
821,pixel_transfer,1,1,1,1,0,1,0,15,2,1,0,0,1,0,0,0,1,0,0
822,pixel_transfer,1,1,1,1,0,1,0,15,3,1,0,0,1,0,0,0,1,0,0
823,pixel_transfer,1,1,1,1,0,1,0,15,3,1,0,1,1,0,0,0,1,0,0
824,pixel_transfer,1,1,1,1,0,1,0,15,2,1,0,1,1,0,0,0,1,0,0
825,pixel_transfer,1,1,1,1,0,1,0,15,2,1,0,0,1,0,0,0,1,0,0
826,pixel_transfer,1,1,1,1,0,1,0,15,2,1,0,0,1,0,0,0,1,0,0
827,pixel_transfer,1,1,1,1,0,1,1,15,3,1,0,0,1,0,0,0,1,0,0
828,pixel_transfer,1,1,1,1,0,2,0,15,2,1,0,1,1,0,0,0,1,0,0
829,pixel_transfer,1,1,1,1,0,2,0,15,2,1,0,0,1,0,0,1,1,0,0
830,pixel_transfer,1,1,1,1,0,2,0,15,3,1,0,0,1,0,0,1,1,0,0
831,pixel_transfer,1,1,1,1,0,2,0,15,2,1,0,1,1,0,0,0,1,0,0
832,pixel_transfer,1,1,1,1,0,2,0,15,2,1,0,0,1,0,0,0,1,0,0
833,pixel_transfer,1,1,1,1,0,2,0,15,3,1,0,0,1,0,0,0,1,0,0
834,pixel_transfer,1,1,1,1,0,2,0,15,3,1,0,1,1,0,0,0,1,0,0
835,pixel_transfer,1,1,1,1,0,2,0,15,2,1,0,1,1,0,0,0,1,0,0
836,pixel_transfer,1,1,1,1,0,2,0,15,2,1,0,0,1,0,0,0,1,0,0
837,pixel_transfer,1,1,1,1,0,2,0,15,3,1,0,0,1,0,0,0,1,0,0
838,pixel_transfer,1,1,1,1,0,2,0,15,3,1,0,1,1,0,0,0,1,0,0
839,pixel_transfer,1,1,1,1,0,2,0,15,2,1,0,1,1,0,0,0,1,0,0
840,pixel_transfer,1,1,1,1,0,2,0,15,2,1,0,0,1,0,0,1,1,0,0
841,pixel_transfer,1,1,1,1,0,2,0,15,2,1,0,0,1,0,0,1,1,0,0
842,pixel_transfer,1,1,1,1,0,2,0,15,3,1,0,0,1,0,0,0,1,0,0
843,pixel_transfer,1,1,1,1,0,2,0,15,2,1,0,1,1,0,0,0,1,0,0
844,pixel_transfer,1,1,1,1,0,2,0,15,2,1,0,0,1,0,0,0,1,0,0
845,pixel_transfer,1,1,1,1,0,2,0,15,3,1,0,0,1,0,0,0,1,0,0
846,pixel_transfer,1,1,1,1,0,2,0,15,2,1,0,1,1,0,0,0,1,0,0
847,pixel_transfer,1,1,1,1,0,2,0,15,2,1,0,0,1,0,0,0,1,0,0
848,pixel_transfer,1,1,1,1,0,2,0,15,3,1,0,0,1,0,0,0,1,0,0
849,pixel_transfer,1,1,1,1,0,2,0,15,2,1,0,1,1,0,0,0,1,0,0
850,pixel_transfer,1,1,1,1,0,2,0,15,2,1,0,0,1,0,0,0,1,0,0
851,line_marker,0,1,0,1,1,2,2,15,2,1,0,0,1,0,0,1,1,0,0
852,pixel_transfer,1,1,1,1,0,0,0,15,2,1,0,0,1,0,0,1,1,0,0
853,pixel_transfer,1,1,1,1,0,1,0,15,2,1,0,0,1,0,0,0,1,0,0
854,pixel_transfer,1,1,1,1,0,1,0,15,2,1,0,0,1,0,0,0,1,0,0
855,pixel_transfer,1,1,1,1,0,1,0,15,2,1,0,0,1,0,0,0,1,0,0
856,pixel_transfer,1,1,1,1,0,1,0,15,3,1,0,0,1,0,0,0,1,0,0
857,pixel_transfer,1,1,1,1,0,1,0,15,3,1,0,1,1,0,0,0,1,0,0
858,pixel_transfer,1,1,1,1,0,1,0,15,2,1,0,1,1,0,0,0,1,0,0
859,pixel_transfer,1,1,1,1,0,1,0,15,2,1,0,0,1,0,0,0,1,0,0
860,pixel_transfer,1,1,1,1,0,1,0,15,3,1,0,0,1,0,0,0,1,0,0
861,pixel_transfer,1,1,1,1,0,1,0,15,2,1,0,1,1,0,0,0,1,0,0
862,pixel_transfer,1,1,1,1,0,1,0,15,2,1,0,0,1,0,0,0,1,0,0
863,pixel_transfer,1,1,1,1,0,1,0,15,3,1,0,0,1,0,0,0,1,0,0
864,pixel_transfer,1,1,1,1,0,1,0,15,2,1,0,1,1,0,0,0,1,0,0
865,pixel_transfer,1,1,1,1,0,1,0,15,2,1,0,0,1,0,0,0,1,0,0
866,pixel_transfer,1,1,1,1,0,1,0,15,3,1,0,0,1,0,0,1,1,0,0
867,pixel_transfer,1,1,1,1,0,1,0,15,3,1,0,1,1,0,0,1,1,0,0
868,pixel_transfer,1,1,1,1,0,1,0,15,2,1,0,1,1,0,0,0,1,0,0
869,pixel_transfer,1,1,1,1,0,1,0,15,2,1,0,0,1,0,0,0,1,0,0
870,pixel_transfer,1,1,1,1,0,1,0,15,3,1,0,0,1,0,0,0,1,0,0
871,pixel_transfer,1,1,1,1,0,1,0,15,2,1,0,1,1,0,0,0,1,0,0
872,pixel_transfer,1,1,1,1,0,1,0,15,2,1,0,0,1,0,0,0,1,0,0
873,pixel_transfer,1,1,1,1,0,1,0,15,3,1,0,0,1,0,0,0,1,0,0
874,pixel_transfer,1,1,1,1,0,1,0,15,2,1,0,1,1,0,0,0,1,0,0
875,pixel_transfer,1,1,1,1,0,1,0,15,2,1,0,0,1,0,0,0,1,0,0
876,pixel_transfer,1,1,1,1,0,1,1,15,3,1,0,0,1,0,0,1,1,0,0
877,pixel_transfer,1,1,1,1,0,2,0,15,3,1,0,1,1,0,0,1,1,0,0
878,pixel_transfer,1,1,1,1,0,2,0,15,2,1,0,1,1,0,0,0,1,0,0
879,pixel_transfer,1,1,1,1,0,2,0,15,2,1,0,0,1,0,0,0,1,0,0
880,pixel_transfer,1,1,1,1,0,2,0,15,3,1,0,0,1,0,0,0,1,0,0
881,pixel_transfer,1,1,1,1,0,2,0,15,3,1,0,1,1,0,0,0,1,0,0
882,pixel_transfer,1,1,1,1,0,2,0,15,2,1,0,1,1,0,0,0,1,0,0
883,pixel_transfer,1,1,1,1,0,2,0,15,2,1,0,0,1,0,0,0,1,0,0
884,pixel_transfer,1,1,1,1,0,2,0,15,3,1,0,0,1,0,0,0,1,0,0
885,pixel_transfer,1,1,1,1,0,2,0,15,2,1,0,1,1,0,0,0,1,0,0
886,pixel_transfer,1,1,1,1,0,2,0,15,2,1,0,0,1,0,0,1,1,0,0
887,pixel_transfer,1,1,1,1,0,2,0,15,3,1,0,0,1,0,0,1,1,0,0
888,pixel_transfer,1,1,1,1,0,2,0,15,3,1,0,1,1,0,0,0,1,0,0
889,pixel_transfer,1,1,1,1,0,2,0,15,2,1,0,1,1,0,0,0,1,0,0
890,pixel_transfer,1,1,1,1,0,2,0,15,2,1,0,0,1,0,0,0,1,0,0
891,pixel_transfer,1,1,1,1,0,2,0,15,2,1,0,0,1,0,0,0,1,0,0
892,pixel_transfer,1,1,1,1,0,2,0,15,3,1,0,0,1,0,0,0,1,0,0
893,pixel_transfer,1,1,1,1,0,2,0,15,3,1,0,1,1,0,0,0,1,0,0
894,pixel_transfer,1,1,1,1,0,2,0,15,2,1,0,1,1,0,0,1,1,0,0
895,pixel_transfer,1,1,1,1,0,2,0,15,2,1,0,0,1,0,0,1,1,0,0
896,pixel_transfer,1,1,1,1,0,2,0,15,2,1,0,0,1,0,0,0,1,0,0
897,pixel_transfer,1,1,1,1,0,2,0,15,3,1,0,0,1,0,0,0,1,0,0
898,pixel_transfer,1,1,1,1,0,2,0,15,2,1,0,1,1,0,0,0,1,0,0
899,pixel_transfer,1,1,1,1,0,2,0,15,2,1,0,0,1,0,0,0,1,0,0
900,line_marker,0,1,0,1,1,2,2,15,3,1,0,0,1,0,0,0,1,0,0
901,pixel_transfer,1,1,1,1,0,0,0,15,3,1,0,1,1,0,0,0,1,0,0
902,pixel_transfer,1,1,1,1,0,1,0,15,2,1,0,1,1,0,0,0,1,0,0
903,pixel_transfer,1,1,1,1,0,1,0,15,2,1,0,0,1,0,0,0,1,0,0
904,pixel_transfer,1,1,1,1,0,1,0,15,2,1,0,0,1,0,0,0,1,0,0
905,pixel_transfer,1,1,1,1,0,1,0,15,2,1,0,0,1,0,0,0,1,0,0
906,pixel_transfer,1,1,1,1,0,1,0,15,2,1,0,0,1,0,0,1,1,0,0
907,pixel_transfer,1,1,1,1,0,1,0,15,2,1,0,0,1,0,0,1,1,0,0
908,pixel_transfer,1,1,1,1,0,1,0,15,2,1,0,0,1,0,0,0,1,0,0
909,pixel_transfer,1,1,1,1,0,1,0,15,2,1,0,0,1,0,0,0,1,0,0
910,pixel_transfer,1,1,1,1,0,1,0,15,2,1,0,0,1,0,0,0,1,0,0
911,pixel_transfer,1,1,1,1,0,1,0,15,2,1,0,0,1,0,0,0,1,0,0
912,pixel_transfer,1,1,1,1,0,1,0,15,2,1,0,0,1,0,0,0,1,0,0
913,pixel_transfer,1,1,1,1,0,1,0,15,2,1,0,0,1,0,0,0,1,0,0
914,pixel_transfer,1,1,1,1,0,1,0,15,2,1,0,0,1,0,0,0,1,0,0
915,pixel_transfer,1,1,1,1,0,1,0,15,3,1,0,0,1,0,0,0,1,0,0
916,pixel_transfer,1,1,1,1,0,1,0,15,2,1,0,1,1,0,0,0,1,0,0
917,pixel_transfer,1,1,1,1,0,1,0,15,2,1,0,0,1,0,0,0,1,0,0
918,pixel_transfer,1,1,1,1,0,1,0,15,3,1,0,0,1,0,0,0,1,0,0
919,pixel_transfer,1,1,1,1,0,1,0,15,3,1,0,1,1,0,0,0,1,0,0
920,pixel_transfer,1,1,1,1,0,1,0,15,2,1,0,1,1,0,0,0,1,0,0
921,pixel_transfer,1,1,1,1,0,1,0,15,2,1,0,0,1,0,0,0,1,0,0
922,pixel_transfer,1,1,1,1,0,1,0,15,3,1,0,0,1,0,0,0,1,0,0
923,pixel_transfer,1,1,1,1,0,1,0,15,3,1,0,1,1,0,0,0,1,0,0
924,pixel_transfer,1,1,1,1,0,1,0,15,2,1,0,1,1,0,0,0,1,0,0
925,pixel_transfer,1,1,1,1,0,1,1,15,2,1,0,0,1,0,0,1,1,0,0
926,pixel_transfer,1,1,1,1,0,2,0,15,3,1,0,0,1,0,0,1,1,0,0
927,pixel_transfer,1,1,1,1,0,2,0,15,3,1,0,1,1,0,0,0,1,0,0
928,pixel_transfer,1,1,1,1,0,2,0,15,2,1,0,1,1,0,0,0,1,0,0
929,pixel_transfer,1,1,1,1,0,2,0,15,2,1,0,0,1,0,0,0,1,0,0
930,pixel_transfer,1,1,1,1,0,2,0,15,3,1,0,0,1,0,0,0,1,0,0
931,pixel_transfer,1,1,1,1,0,2,0,15,2,1,0,1,1,0,0,0,1,0,0
932,pixel_transfer,1,1,1,1,0,2,0,15,2,1,0,0,1,0,0,0,1,0,0
933,pixel_transfer,1,1,1,1,0,2,0,15,3,1,0,0,1,0,0,1,1,0,0
934,pixel_transfer,1,1,1,1,0,2,0,15,3,1,0,1,1,0,0,1,1,0,0
935,pixel_transfer,1,1,1,1,0,2,0,15,2,1,0,1,1,0,0,0,1,0,0
936,pixel_transfer,1,1,1,1,0,2,0,15,2,1,0,0,1,0,0,0,1,0,0
937,pixel_transfer,1,1,1,1,0,2,0,15,3,1,0,0,1,0,0,0,1,0,0
938,pixel_transfer,1,1,1,1,0,2,0,15,3,1,0,1,1,0,0,0,1,0,0
939,pixel_transfer,1,1,1,1,0,2,0,15,2,1,0,1,1,0,0,0,1,0,0
940,pixel_transfer,1,1,1,1,0,2,0,15,2,1,0,0,1,0,0,0,1,0,0
941,pixel_transfer,1,1,1,1,0,2,0,15,3,1,0,0,1,0,0,0,1,0,0
942,pixel_transfer,1,1,1,1,0,2,0,15,2,1,0,1,1,0,0,0,1,0,0
943,pixel_transfer,1,1,1,1,0,2,0,15,2,1,0,0,1,0,0,1,1,0,0
944,pixel_transfer,1,1,1,1,0,2,0,15,3,1,0,0,1,0,0,1,1,0,0
945,pixel_transfer,1,1,1,1,0,2,0,15,3,1,0,1,1,0,0,0,1,0,0
946,pixel_transfer,1,1,1,1,0,2,0,15,2,1,0,1,1,0,0,0,1,0,0
947,pixel_transfer,1,1,1,1,0,2,0,15,2,1,0,0,1,0,0,0,1,0,0
948,pixel_transfer,1,1,1,1,0,2,0,15,2,1,0,0,1,0,0,0,1,0,0
949,line_marker,0,1,0,1,1,2,2,15,2,1,0,0,1,0,0,0,1,0,0
950,pixel_transfer,1,1,1,1,0,0,0,15,2,1,0,0,1,0,0,0,1,0,0
951,pixel_transfer,1,1,1,1,0,1,0,15,2,1,0,0,1,0,0,1,1,0,0
952,pixel_transfer,1,1,1,1,0,1,0,15,3,1,0,0,1,0,0,1,1,0,0
953,pixel_transfer,1,1,1,1,0,1,0,15,3,1,0,1,1,0,0,0,1,0,0
954,pixel_transfer,1,1,1,1,0,1,0,15,3,1,0,1,1,0,0,0,1,0,0
955,pixel_transfer,1,1,1,1,0,1,0,15,2,1,0,1,1,0,0,0,1,0,0
956,pixel_transfer,1,1,1,1,0,1,0,15,2,1,0,0,1,0,0,0,1,0,0
957,pixel_transfer,1,1,1,1,0,1,0,15,2,1,0,0,1,0,0,0,1,0,0
958,pixel_transfer,1,1,1,1,0,1,0,15,3,1,0,0,1,0,0,0,1,0,0
959,pixel_transfer,1,1,1,1,0,1,0,15,3,1,0,1,1,0,0,0,1,0,0
960,pixel_transfer,1,1,1,1,0,1,0,15,2,1,0,1,1,0,0,0,1,0,0
961,pixel_transfer,1,1,1,1,0,1,0,15,2,1,0,0,1,0,0,0,1,0,0
962,pixel_transfer,1,1,1,1,0,1,0,15,2,1,0,0,1,0,0,0,1,0,0
963,pixel_transfer,1,1,1,1,0,1,0,15,2,1,0,0,1,0,0,0,1,0,0
964,pixel_transfer,1,1,1,1,0,1,0,15,2,1,0,0,1,0,0,1,1,0,0
965,pixel_transfer,1,1,1,1,0,1,0,15,2,1,0,0,1,0,0,1,1,0,0
966,pixel_transfer,1,1,1,1,0,1,0,15,3,1,0,0,1,0,0,0,1,0,0
967,pixel_transfer,1,1,1,1,0,1,0,15,2,1,0,1,1,0,0,0,1,0,0
968,pixel_transfer,1,1,1,1,0,1,0,15,2,1,0,0,1,0,0,0,1,0,0
969,pixel_transfer,1,1,1,1,0,1,0,15,3,1,0,0,1,0,0,0,1,0,0
970,pixel_transfer,1,1,1,1,0,1,0,15,2,1,0,1,1,0,0,0,1,0,0
971,pixel_transfer,1,1,1,1,0,1,0,15,2,1,0,0,1,0,0,0,1,0,0
972,pixel_transfer,1,1,1,1,0,1,0,15,3,1,0,0,1,0,0,0,1,0,0
973,pixel_transfer,1,1,1,1,0,1,0,15,2,1,0,1,1,0,0,0,1,0,0
974,pixel_transfer,1,1,1,1,0,1,1,15,2,1,0,0,1,0,0,0,1,0,0
975,pixel_transfer,1,1,1,1,0,2,0,15,3,1,0,0,1,0,0,0,1,0,0
976,pixel_transfer,1,1,1,1,0,2,0,15,2,1,0,1,1,0,0,0,1,0,0
977,pixel_transfer,1,1,1,1,0,2,0,15,2,1,0,0,1,0,0,0,1,0,0
978,pixel_transfer,1,1,1,1,0,2,0,15,3,1,0,0,1,0,0,1,1,0,0
979,pixel_transfer,1,1,1,1,0,2,0,15,3,1,0,1,1,0,0,1,1,0,0
980,pixel_transfer,1,1,1,1,0,2,0,15,2,1,0,1,1,0,0,0,1,0,0
981,pixel_transfer,1,1,1,1,0,2,0,15,2,1,0,0,1,0,0,0,1,0,0
982,pixel_transfer,1,1,1,1,0,2,0,15,3,1,0,0,1,0,0,0,1,0,0
983,pixel_transfer,1,1,1,1,0,2,0,15,2,1,0,1,1,0,0,0,1,0,0
984,pixel_transfer,1,1,1,1,0,2,0,15,2,1,0,0,1,0,0,0,1,0,0
985,pixel_transfer,1,1,1,1,0,2,0,15,3,1,0,0,1,0,0,0,1,0,0
986,pixel_transfer,1,1,1,1,0,2,0,15,3,1,0,1,1,0,0,0,1,0,0
987,pixel_transfer,1,1,1,1,0,2,0,15,2,1,0,1,1,0,0,0,1,0,0
988,pixel_transfer,1,1,1,1,0,2,0,15,2,1,0,0,1,0,0,1,1,0,0
989,pixel_transfer,1,1,1,1,0,2,0,15,2,1,0,0,1,0,0,1,1,0,0
990,pixel_transfer,1,1,1,1,0,2,0,15,2,1,0,0,1,0,0,0,1,0,0
991,pixel_transfer,1,1,1,1,0,2,0,15,3,1,0,0,1,0,0,0,1,0,0
992,pixel_transfer,1,1,1,1,0,2,0,15,3,1,0,1,1,0,0,0,1,0,0
993,pixel_transfer,1,1,1,1,0,2,0,15,2,1,0,1,1,0,0,0,1,0,0
994,pixel_transfer,1,1,1,1,0,2,0,15,2,1,0,0,1,0,0,0,1,0,0
995,pixel_transfer,1,1,1,1,0,2,0,15,2,1,0,0,1,0,0,0,1,0,0
996,pixel_transfer,1,1,1,1,0,2,0,15,2,1,0,0,1,0,0,0,1,0,0
997,pixel_transfer,1,1,1,1,0,2,0,15,2,1,0,0,1,0,0,0,1,0,0
998,line_marker,0,1,0,1,1,2,2,15,2,1,0,0,1,0,0,1,1,0,0
999,pixel_transfer,1,1,1,1,0,0,0,15,2,1,0,0,1,0,0,1,1,0,0
1000,pixel_transfer,1,1,1,1,0,1,0,15,3,1,0,0,1,0,0,0,1,0,0
1001,pixel_transfer,1,1,1,1,0,1,0,15,2,1,0,1,1,0,0,0,1,0,0
1002,pixel_transfer,1,1,1,1,0,1,0,15,2,1,0,0,1,0,0,0,1,0,0
1003,pixel_transfer,1,1,1,1,0,1,0,15,3,1,0,0,1,0,0,0,1,0,0
1004,pixel_transfer,1,1,1,1,0,1,0,15,2,1,0,1,1,0,0,0,1,0,0
1005,pixel_transfer,1,1,1,1,0,1,0,15,2,1,0,0,1,0,0,0,1,0,0
1006,pixel_transfer,1,1,1,1,0,1,0,15,3,1,0,0,1,0,0,0,1,0,0
1007,pixel_transfer,1,1,1,1,0,1,0,15,2,1,0,1,1,0,0,0,1,0,0
1008,pixel_transfer,1,1,1,1,0,1,0,15,2,1,0,0,1,0,0,0,1,0,0
1009,pixel_transfer,1,1,1,1,0,1,0,15,3,1,0,0,1,0,0,0,1,0,0
1010,pixel_transfer,1,1,1,1,0,1,0,15,2,1,0,1,1,0,0,0,1,0,0
1011,pixel_transfer,1,1,1,1,0,1,0,15,2,1,0,0,1,0,0,0,1,0,0
1012,pixel_transfer,1,1,1,1,0,1,0,15,2,1,0,0,1,0,0,0,1,0,0
1013,pixel_transfer,1,1,1,1,0,1,0,15,2,1,0,0,1,0,0,0,1,0,0
1014,pixel_transfer,1,1,1,1,0,1,0,15,2,1,0,0,1,0,0,0,1,0,0
1015,pixel_transfer,1,1,1,1,0,1,0,15,2,1,0,0,1,0,0,1,1,0,0
1016,pixel_transfer,1,1,1,1,0,1,0,15,2,1,0,0,1,0,0,1,1,0,0
1017,pixel_transfer,1,1,1,1,0,1,0,15,2,1,0,0,1,0,0,0,1,0,0
1018,pixel_transfer,1,1,1,1,0,1,0,15,3,1,0,0,1,0,0,0,1,0,0
1019,pixel_transfer,1,1,1,1,0,1,0,15,2,1,0,1,1,0,0,0,1,0,0
1020,pixel_transfer,1,1,1,1,0,1,0,15,2,1,0,0,1,0,0,0,1,0,0
1021,pixel_transfer,1,1,1,1,0,1,0,15,3,1,0,0,1,0,0,0,1,0,0
1022,pixel_transfer,1,1,1,1,0,1,0,15,2,1,0,1,1,0,0,0,1,0,0
1023,pixel_transfer,1,1,1,1,0,1,1,15,2,1,0,0,1,0,0,0,1,0,0
1024,pixel_transfer,1,1,1,1,0,2,0,15,3,1,0,0,1,0,0,0,1,0,0
1025,pixel_transfer,1,1,1,1,0,2,0,15,3,1,0,1,1,0,0,0,1,0,0
1026,pixel_transfer,1,1,1,1,0,2,0,15,2,1,0,1,1,0,0,0,1,0,0
1027,pixel_transfer,1,1,1,1,0,2,0,15,2,1,0,0,1,0,0,0,1,0,0
1028,pixel_transfer,1,1,1,1,0,2,0,15,3,1,0,0,1,0,0,0,1,0,0
1029,pixel_transfer,1,1,1,1,0,2,0,15,2,1,0,1,1,0,0,0,1,0,0
1030,pixel_transfer,1,1,1,1,0,2,0,15,2,1,0,0,1,0,0,0,1,0,0
1031,pixel_transfer,1,1,1,1,0,2,0,15,2,1,0,0,1,0,0,1,1,0,0
1032,pixel_transfer,1,1,1,1,0,2,0,15,2,1,0,0,1,0,0,1,1,0,0
1033,pixel_transfer,1,1,1,1,0,2,0,15,2,1,0,0,1,0,0,0,1,0,0
1034,pixel_transfer,1,1,1,1,0,2,0,15,2,1,0,0,1,0,0,0,1,0,0
1035,pixel_transfer,1,1,1,1,0,2,0,15,2,1,0,0,1,0,0,0,1,0,0
1036,pixel_transfer,1,1,1,1,0,2,0,15,2,1,0,0,1,0,0,0,1,0,0
1037,pixel_transfer,1,1,1,1,0,2,0,15,2,1,0,0,1,0,0,0,1,0,0
1038,pixel_transfer,1,1,1,1,0,2,0,15,3,1,0,0,1,0,0,0,1,0,0
1039,pixel_transfer,1,1,1,1,0,2,0,15,3,1,0,1,1,0,0,0,1,0,0
1040,pixel_transfer,1,1,1,1,0,2,0,15,2,1,0,1,1,0,0,0,1,0,0
1041,pixel_transfer,1,1,1,1,0,2,0,15,2,1,0,0,1,0,0,0,1,0,0
1042,pixel_transfer,1,1,1,1,0,2,0,15,3,1,0,0,1,0,0,0,1,0,0
1043,pixel_transfer,1,1,1,1,0,2,0,15,2,1,0,1,1,0,0,0,1,0,0
1044,pixel_transfer,1,1,1,1,0,2,0,15,2,1,0,0,1,0,0,0,1,0,0
1045,pixel_transfer,1,1,1,1,0,2,0,15,3,1,0,0,1,0,0,0,1,0,0
1046,pixel_transfer,1,1,1,1,0,2,0,15,3,1,0,1,1,0,0,0,1,0,0
1047,line_marker,0,1,0,1,1,2,2,15,2,1,0,1,1,0,0,0,1,0,0
1048,pixel_transfer,1,1,1,1,0,0,0,15,2,1,0,0,1,0,0,1,1,0,0
1049,pixel_transfer,1,1,1,1,0,1,0,15,3,1,0,0,1,0,0,1,1,0,0
1050,pixel_transfer,1,1,1,1,0,1,0,15,2,1,0,1,1,0,0,0,1,0,0
1051,pixel_transfer,1,1,1,1,0,1,0,15,2,1,0,0,1,0,0,0,1,0,0
1052,pixel_transfer,1,1,1,1,0,1,0,15,3,1,0,0,1,0,0,0,1,0,0
1053,pixel_transfer,1,1,1,1,0,1,0,15,2,1,0,1,1,0,0,0,1,0,0
1054,pixel_transfer,1,1,1,1,0,1,0,15,2,1,0,0,1,0,0,0,1,0,0
1055,pixel_transfer,1,1,1,1,0,1,0,15,3,1,0,0,1,0,0,0,1,0,0
1056,pixel_transfer,1,1,1,1,0,1,0,15,3,1,0,1,1,0,0,0,1,0,0
1057,pixel_transfer,1,1,1,1,0,1,0,15,2,1,0,1,1,0,0,0,1,0,0
1058,pixel_transfer,1,1,1,1,0,1,0,15,2,1,0,0,1,0,0,1,1,0,0
1059,pixel_transfer,1,1,1,1,0,1,0,15,3,1,0,0,1,0,0,1,1,0,0
1060,pixel_transfer,1,1,1,1,0,1,0,15,3,1,0,1,1,0,0,0,1,0,0
1061,pixel_transfer,1,1,1,1,0,1,0,15,2,1,0,1,1,0,0,0,1,0,0
1062,pixel_transfer,1,1,1,1,0,1,0,15,2,1,0,0,1,0,0,0,1,0,0
1063,pixel_transfer,1,1,1,1,0,1,0,15,3,1,0,0,1,0,0,0,1,0,0
1064,pixel_transfer,1,1,1,1,0,1,0,15,2,1,0,1,1,0,0,0,1,0,0
1065,pixel_transfer,1,1,1,1,0,1,0,15,2,1,0,0,1,0,0,0,1,0,0
1066,pixel_transfer,1,1,1,1,0,1,0,15,3,1,0,0,1,0,0,1,1,0,0
1067,pixel_transfer,1,1,1,1,0,1,0,15,3,1,0,1,1,0,0,1,1,0,0
1068,pixel_transfer,1,1,1,1,0,1,0,15,2,1,0,1,1,0,0,0,1,0,0
1069,pixel_transfer,1,1,1,1,0,1,0,15,2,1,0,0,1,0,0,0,1,0,0
1070,pixel_transfer,1,1,1,1,0,1,0,15,3,1,0,0,1,0,0,0,1,0,0
1071,pixel_transfer,1,1,1,1,0,1,0,15,3,1,0,1,1,0,0,0,1,0,0
1072,pixel_transfer,1,1,1,1,0,1,1,15,2,1,0,1,1,0,0,0,1,0,0
1073,pixel_transfer,1,1,1,1,0,2,0,15,2,1,0,0,1,0,0,0,1,0,0
1074,pixel_transfer,1,1,1,1,0,2,0,15,3,1,0,0,1,0,0,0,1,0,0
1075,pixel_transfer,1,1,1,1,0,2,0,15,3,1,0,1,1,0,0,0,1,0,0
1076,pixel_transfer,1,1,1,1,0,2,0,15,2,1,0,1,1,0,0,1,1,0,0
1077,pixel_transfer,1,1,1,1,0,2,0,15,2,1,0,0,1,0,0,1,1,0,0
1078,pixel_transfer,1,1,1,1,0,2,0,15,2,1,0,0,1,0,0,0,1,0,0
1079,pixel_transfer,1,1,1,1,0,2,0,15,3,1,0,0,1,0,0,0,1,0,0
1080,pixel_transfer,1,1,1,1,0,2,0,15,3,1,0,1,1,0,0,0,1,0,0
1081,pixel_transfer,1,1,1,1,0,2,0,15,2,1,0,1,1,0,0,0,1,0,0
1082,pixel_transfer,1,1,1,1,0,2,0,15,2,1,0,0,1,0,0,0,1,0,0
1083,pixel_transfer,1,1,1,1,0,2,0,15,2,1,0,0,1,0,0,0,1,0,0
1084,pixel_transfer,1,1,1,1,0,2,0,15,3,1,0,0,1,0,0,0,1,0,0
1085,pixel_transfer,1,1,1,1,0,2,0,15,3,1,0,1,1,0,0,1,1,0,0
1086,pixel_transfer,1,1,1,1,0,2,0,15,3,1,0,1,1,0,0,1,1,0,0
1087,pixel_transfer,1,1,1,1,0,2,0,15,2,1,0,1,1,0,0,0,1,0,0
1088,pixel_transfer,1,1,1,1,0,2,0,15,2,1,0,0,1,0,0,0,1,0,0
1089,pixel_transfer,1,1,1,1,0,2,0,15,2,1,0,0,1,0,0,0,1,0,0
1090,pixel_transfer,1,1,1,1,0,2,0,15,3,1,0,0,1,0,0,0,1,0,0
1091,pixel_transfer,1,1,1,1,0,2,0,15,2,1,0,1,1,0,0,0,1,0,0
1092,pixel_transfer,1,1,1,1,0,2,0,15,2,1,0,0,1,0,0,1,1,0,0
1093,pixel_transfer,1,1,1,1,0,2,0,15,2,1,0,0,1,0,0,1,1,0,0
1094,pixel_transfer,1,1,1,1,0,2,0,15,2,1,0,0,1,0,0,0,1,0,0
1095,pixel_transfer,1,1,1,1,0,2,0,15,2,1,0,0,1,0,0,0,1,0,0
1096,line_marker,0,1,0,1,1,2,2,15,2,1,0,0,1,0,0,0,1,0,0
1097,pixel_transfer,1,1,1,1,0,0,0,15,2,1,0,0,1,0,0,0,1,0,0
1098,pixel_transfer,1,1,1,1,0,1,0,15,2,1,0,0,1,0,0,0,1,0,0
1099,pixel_transfer,1,1,1,1,0,1,0,15,2,1,0,0,1,0,0,0,1,0,0
1100,pixel_transfer,1,1,1,1,0,1,0,15,2,1,0,0,1,0,0,0,1,0,0
1101,pixel_transfer,1,1,1,1,0,1,0,15,3,1,0,0,1,0,0,0,1,0,0
1102,pixel_transfer,1,1,1,1,0,1,0,15,3,1,0,1,1,0,0,0,1,0,0
1103,pixel_transfer,1,1,1,1,0,1,0,15,2,1,0,1,1,0,0,0,1,0,0
1104,pixel_transfer,1,1,1,1,0,1,0,15,2,1,0,0,1,0,0,0,1,0,0
1105,pixel_transfer,1,1,1,1,0,1,0,15,3,1,0,0,1,0,0,0,1,0,0
1106,pixel_transfer,1,1,1,1,0,1,0,15,2,1,0,1,1,0,0,0,1,0,0
1107,pixel_transfer,1,1,1,1,0,1,0,15,2,1,0,0,1,0,0,0,1,0,0
1108,pixel_transfer,1,1,1,1,0,1,0,15,3,1,0,0,1,0,0,0,1,0,0
1109,pixel_transfer,1,1,1,1,0,1,0,15,3,1,0,1,1,0,0,0,1,0,0
1110,pixel_transfer,1,1,1,1,0,1,0,15,2,1,0,1,1,0,0,0,1,0,0
1111,pixel_transfer,1,1,1,1,0,1,0,15,2,1,0,0,1,0,0,1,1,0,0
1112,pixel_transfer,1,1,1,1,0,1,0,15,2,1,0,0,1,0,0,1,1,0,0
1113,pixel_transfer,1,1,1,1,0,1,0,15,2,1,0,0,1,0,0,0,1,0,0
1114,pixel_transfer,1,1,1,1,0,1,0,15,3,1,0,0,1,0,0,0,1,0,0
1115,pixel_transfer,1,1,1,1,0,1,0,15,3,1,0,1,1,0,0,0,1,0,0
1116,pixel_transfer,1,1,1,1,0,1,0,15,3,1,0,1,1,0,0,0,1,0,0
1117,pixel_transfer,1,1,1,1,0,1,0,15,2,1,0,1,1,0,0,0,1,0,0
1118,pixel_transfer,1,1,1,1,0,1,0,15,2,1,0,0,1,0,0,0,1,0,0
1119,pixel_transfer,1,1,1,1,0,1,0,15,2,1,0,0,1,0,0,0,1,0,0
1120,pixel_transfer,1,1,1,1,0,1,0,15,2,1,0,0,1,0,0,0,1,0,0
1121,pixel_transfer,1,1,1,1,0,1,1,15,3,1,0,0,1,0,0,1,1,0,0
1122,pixel_transfer,1,1,1,1,0,2,0,15,3,1,0,1,1,0,0,1,1,0,0
1123,pixel_transfer,1,1,1,1,0,2,0,15,2,1,0,1,1,0,0,0,1,0,0
1124,pixel_transfer,1,1,1,1,0,2,0,15,2,1,0,0,1,0,0,0,1,0,0
1125,pixel_transfer,1,1,1,1,0,2,0,15,3,1,0,0,1,0,0,0,1,0,0
1126,pixel_transfer,1,1,1,1,0,2,0,15,2,1,0,1,1,0,0,0,1,0,0
1127,pixel_transfer,1,1,1,1,0,2,0,15,2,1,0,0,1,0,0,0,1,0,0
1128,pixel_transfer,1,1,1,1,0,2,0,15,3,1,0,0,1,0,0,0,1,0,0
1129,pixel_transfer,1,1,1,1,0,2,0,15,2,1,0,1,1,0,0,0,1,0,0
1130,pixel_transfer,1,1,1,1,0,2,0,15,2,1,0,0,1,0,0,0,1,0,0
1131,pixel_transfer,1,1,1,1,0,2,0,15,3,1,0,0,1,0,0,1,1,0,0
1132,pixel_transfer,1,1,1,1,0,2,0,15,2,1,0,1,1,0,0,1,1,0,0
1133,pixel_transfer,1,1,1,1,0,2,0,15,2,1,0,0,1,0,0,0,1,0,0
1134,pixel_transfer,1,1,1,1,0,2,0,15,3,1,0,0,1,0,0,0,1,0,0
1135,pixel_transfer,1,1,1,1,0,2,0,15,2,1,0,1,1,0,0,0,1,0,0
1136,pixel_transfer,1,1,1,1,0,2,0,15,2,1,0,0,1,0,0,0,1,0,0
1137,pixel_transfer,1,1,1,1,0,2,0,15,2,1,0,0,1,0,0,0,1,0,0
1138,pixel_transfer,1,1,1,1,0,2,0,15,2,1,0,0,1,0,0,0,1,0,0
1139,pixel_transfer,1,1,1,1,0,2,0,15,2,1,0,0,1,0,0,0,1,0,0
1140,pixel_transfer,1,1,1,1,0,2,0,15,2,1,0,0,1,0,0,0,1,0,0
1141,pixel_transfer,1,1,1,1,0,2,0,15,2,1,0,0,1,0,0,0,1,0,0
1142,pixel_transfer,1,1,1,1,0,2,0,15,3,1,0,0,1,0,0,0,1,0,0
1143,pixel_transfer,1,1,1,1,0,2,0,15,3,1,0,1,1,0,0,0,1,0,0
1144,pixel_transfer,1,1,1,1,0,2,0,15,2,1,0,1,1,0,0,0,1,0,0
1145,line_marker,0,1,0,1,1,2,2,15,2,1,0,0,1,0,0,0,1,0,0
1146,pixel_transfer,1,1,1,1,0,0,0,15,3,1,0,0,1,0,0,0,1,0,0
1147,pixel_transfer,1,1,1,1,0,1,0,15,2,1,0,1,1,0,0,0,1,0,0
1148,pixel_transfer,1,1,1,1,0,1,0,15,2,1,0,0,1,0,0,1,1,0,0
1149,pixel_transfer,1,1,1,1,0,1,0,15,2,1,0,0,1,0,0,1,1,0,0
1150,pixel_transfer,1,1,1,1,0,1,0,15,2,1,0,0,1,0,0,0,1,0,0
1151,pixel_transfer,1,1,1,1,0,1,0,15,2,1,0,0,1,0,0,0,1,0,0
1152,pixel_transfer,1,1,1,1,0,1,0,15,2,1,0,0,1,0,0,0,1,0,0
1153,pixel_transfer,1,1,1,1,0,1,0,15,2,1,0,0,1,0,0,0,1,0,0
1154,pixel_transfer,1,1,1,1,0,1,0,15,2,1,0,0,1,0,0,0,1,0,0
1155,pixel_transfer,1,1,1,1,0,1,0,15,2,1,0,0,1,0,0,0,1,0,0
1156,pixel_transfer,1,1,1,1,0,1,0,15,2,1,0,0,1,0,0,0,1,0,0
1157,pixel_transfer,1,1,1,1,0,1,0,15,2,1,0,0,1,0,0,0,1,0,0
1158,pixel_transfer,1,1,1,1,0,1,0,15,2,1,0,0,1,0,0,0,1,0,0
1159,pixel_transfer,1,1,1,1,0,1,0,15,2,1,0,0,1,0,0,0,1,0,0
1160,pixel_transfer,1,1,1,1,0,1,0,15,2,1,0,0,1,0,0,0,1,0,0
1161,pixel_transfer,1,1,1,1,0,1,0,15,2,1,0,0,1,0,0,0,1,0,0
1162,pixel_transfer,1,1,1,1,0,1,0,15,3,1,0,0,1,0,0,0,1,0,0
1163,pixel_transfer,1,1,1,1,0,1,0,15,3,1,0,1,1,0,0,0,1,0,0
1164,pixel_transfer,1,1,1,1,0,1,0,15,2,1,0,1,1,0,0,0,1,0,0
1165,pixel_transfer,1,1,1,1,0,1,0,15,2,1,0,0,1,0,0,0,1,0,0
1166,pixel_transfer,1,1,1,1,0,1,0,15,3,1,0,0,1,0,0,0,1,0,0
1167,pixel_transfer,1,1,1,1,0,1,0,15,2,1,0,1,1,0,0,0,1,0,0
1168,pixel_transfer,1,1,1,1,0,1,0,15,2,1,0,0,1,0,0,0,1,0,0
1169,pixel_transfer,1,1,1,1,0,1,0,15,3,1,0,0,1,0,0,1,1,0,0
1170,pixel_transfer,1,1,1,1,0,1,1,15,2,1,0,1,1,0,0,1,1,0,0
1171,pixel_transfer,1,1,1,1,0,2,0,15,2,1,0,0,1,0,0,0,1,0,0
1172,pixel_transfer,1,1,1,1,0,2,0,15,3,1,0,0,1,0,0,0,1,0,0
1173,pixel_transfer,1,1,1,1,0,2,0,15,2,1,0,1,1,0,0,0,1,0,0
1174,pixel_transfer,1,1,1,1,0,2,0,15,2,1,0,0,1,0,0,0,1,0,0
1175,pixel_transfer,1,1,1,1,0,2,0,15,2,1,0,0,1,0,0,0,1,0,0
1176,pixel_transfer,1,1,1,1,0,2,0,15,2,1,0,0,1,0,0,0,1,0,0
1177,pixel_transfer,1,1,1,1,0,2,0,15,3,1,0,0,1,0,0,0,1,0,0
1178,pixel_transfer,1,1,1,1,0,2,0,15,3,1,0,1,1,0,0,0,1,0,0
1179,pixel_transfer,1,1,1,1,0,2,0,15,2,1,0,1,1,0,0,0,1,0,0
1180,pixel_transfer,1,1,1,1,0,2,0,15,2,1,0,0,1,0,0,0,1,0,0
1181,pixel_transfer,1,1,1,1,0,2,0,15,3,1,0,0,1,0,0,0,1,0,0
1182,pixel_transfer,1,1,1,1,0,2,0,15,2,1,0,1,1,0,0,0,1,0,0
1183,pixel_transfer,1,1,1,1,0,2,0,15,2,1,0,0,1,0,0,1,1,0,0
1184,pixel_transfer,1,1,1,1,0,2,0,15,3,1,0,0,1,0,0,1,1,0,0
1185,pixel_transfer,1,1,1,1,0,2,0,15,3,1,0,1,1,0,0,0,1,0,0
1186,pixel_transfer,1,1,1,1,0,2,0,15,2,1,0,1,1,0,0,0,1,0,0
1187,pixel_transfer,1,1,1,1,0,2,0,15,2,1,0,0,1,0,0,0,1,0,0
1188,pixel_transfer,1,1,1,1,0,2,0,15,2,1,0,0,1,0,0,0,1,0,0
1189,pixel_transfer,1,1,1,1,0,2,0,15,3,1,0,0,1,0,0,0,1,0,0
1190,pixel_transfer,1,1,1,1,0,2,0,15,2,1,0,1,1,0,0,0,1,0,0
1191,pixel_transfer,1,1,1,1,0,2,0,15,2,1,0,0,1,0,0,1,1,0,0
1192,pixel_transfer,1,1,1,1,0,2,0,15,3,1,0,0,1,0,0,1,1,0,0
1193,pixel_transfer,1,1,1,1,0,2,0,15,2,1,0,1,1,0,0,0,1,0,0
1194,line_marker,0,1,0,1,1,2,2,15,2,1,0,0,1,0,0,0,1,0,0
1195,pixel_transfer,1,1,1,1,0,0,0,15,3,1,0,0,1,0,0,0,1,0,0
1196,pixel_transfer,1,1,1,1,0,1,0,15,3,1,0,1,1,0,0,0,1,0,0
1197,pixel_transfer,1,1,1,1,0,1,0,15,2,1,0,1,1,0,0,0,1,0,0
1198,pixel_transfer,1,1,1,1,0,1,0,15,2,1,0,0,1,0,0,0,1,0,0
1199,pixel_transfer,1,1,1,1,0,1,0,15,3,1,0,0,1,0,0,0,1,0,0
1200,pixel_transfer,1,1,1,1,0,1,0,15,2,1,0,1,1,0,0,0,1,0,0
1201,pixel_transfer,1,1,1,1,0,1,0,15,2,1,0,0,1,0,0,0,1,0,0
1202,pixel_transfer,1,1,1,1,0,1,0,15,3,1,0,0,1,0,0,1,1,0,0
1203,pixel_transfer,1,1,1,1,0,1,0,15,2,1,0,1,1,0,0,1,1,0,0
1204,pixel_transfer,1,1,1,1,0,1,0,15,2,1,0,0,1,0,0,0,1,0,0
1205,pixel_transfer,1,1,1,1,0,1,0,15,2,1,0,0,1,0,0,0,1,0,0
1206,pixel_transfer,1,1,1,1,0,1,0,15,2,1,0,0,1,0,0,0,1,0,0
1207,pixel_transfer,1,1,1,1,0,1,0,15,2,1,0,0,1,0,0,0,1,0,0
1208,pixel_transfer,1,1,1,1,0,1,0,15,2,1,0,0,1,0,0,0,1,0,0
1209,pixel_transfer,1,1,1,1,0,1,0,15,3,1,0,0,1,0,0,0,1,0,0
1210,pixel_transfer,1,1,1,1,0,1,0,15,2,1,0,1,1,0,0,0,1,0,0
1211,pixel_transfer,1,1,1,1,0,1,0,15,2,1,0,0,1,0,0,0,1,0,0
1212,pixel_transfer,1,1,1,1,0,1,0,15,3,1,0,0,1,0,0,0,1,0,0
1213,pixel_transfer,1,1,1,1,0,1,0,15,3,1,0,1,1,0,0,0,1,0,0
1214,pixel_transfer,1,1,1,1,0,1,0,15,2,1,0,1,1,0,0,0,1,0,0
1215,pixel_transfer,1,1,1,1,0,1,0,15,2,1,0,0,1,0,0,0,1,0,0
1216,pixel_transfer,1,1,1,1,0,1,0,15,2,1,0,0,1,0,0,0,1,0,0
1217,pixel_transfer,1,1,1,1,0,1,0,15,3,1,0,0,1,0,0,0,1,0,0
1218,pixel_transfer,1,1,1,1,0,1,0,15,3,1,0,1,1,0,0,1,1,0,0
1219,pixel_transfer,1,1,1,1,0,1,1,15,2,1,0,1,1,0,0,1,1,0,0
1220,pixel_transfer,1,1,1,1,0,2,0,15,2,1,0,0,1,0,0,0,1,0,0
1221,pixel_transfer,1,1,1,1,0,2,0,15,3,1,0,0,1,0,0,0,1,0,0
1222,pixel_transfer,1,1,1,1,0,2,0,15,2,1,0,1,1,0,0,0,1,0,0
1223,pixel_transfer,1,1,1,1,0,2,0,15,2,1,0,0,1,0,0,0,1,0,0
1224,pixel_transfer,1,1,1,1,0,2,0,15,3,1,0,0,1,0,0,0,1,0,0
1225,pixel_transfer,1,1,1,1,0,2,0,15,3,1,0,1,1,0,0,0,1,0,0
1226,pixel_transfer,1,1,1,1,0,2,0,15,2,1,0,1,1,0,0,0,1,0,0
1227,pixel_transfer,1,1,1,1,0,2,0,15,2,1,0,0,1,0,0,1,1,0,0
1228,pixel_transfer,1,1,1,1,0,2,0,15,3,1,0,0,1,0,0,1,1,0,0
1229,pixel_transfer,1,1,1,1,0,2,0,15,2,1,0,1,1,0,0,0,1,0,0
1230,pixel_transfer,1,1,1,1,0,2,0,15,2,1,0,0,1,0,0,0,1,0,0
1231,pixel_transfer,1,1,1,1,0,2,0,15,3,1,0,0,1,0,0,0,1,0,0
1232,pixel_transfer,1,1,1,1,0,2,0,15,3,1,0,1,1,0,0,0,1,0,0
1233,pixel_transfer,1,1,1,1,0,2,0,15,2,1,0,1,1,0,0,0,1,0,0
1234,pixel_transfer,1,1,1,1,0,2,0,15,2,1,0,0,1,0,0,0,1,0,0
1235,pixel_transfer,1,1,1,1,0,2,0,15,3,1,0,0,1,0,0,0,1,0,0
1236,pixel_transfer,1,1,1,1,0,2,0,15,2,1,0,1,1,0,0,0,1,0,0
1237,pixel_transfer,1,1,1,1,0,2,0,15,2,1,0,0,1,0,0,1,1,0,0
1238,pixel_transfer,1,1,1,1,0,2,0,15,2,1,0,0,1,0,0,1,1,0,0
1239,pixel_transfer,1,1,1,1,0,2,0,15,2,1,0,0,1,0,0,0,1,0,0
1240,pixel_transfer,1,1,1,1,0,2,0,15,2,1,0,0,1,0,0,0,1,0,0
1241,pixel_transfer,1,1,1,1,0,2,0,15,3,1,0,0,1,0,0,0,1,0,0
1242,pixel_transfer,1,1,1,1,0,2,0,15,2,1,0,1,1,0,0,0,1,0,0
1243,line_marker,0,1,0,1,1,2,2,15,2,1,0,0,1,0,0,0,1,0,0
1244,pixel_transfer,1,1,1,1,0,0,0,15,3,1,0,0,1,0,0,0,1,0,0
1245,pixel_transfer,1,1,1,1,0,1,0,15,2,1,0,1,1,0,0,0,1,0,0
1246,pixel_transfer,1,1,1,1,0,1,0,15,2,1,0,0,1,0,0,0,1,0,0
1247,pixel_transfer,1,1,1,1,0,1,0,15,3,1,0,0,1,0,0,0,1,0,0
1248,pixel_transfer,1,1,1,1,0,1,0,15,2,1,0,1,1,0,0,0,1,0,0
1249,pixel_transfer,1,1,1,1,0,1,0,15,2,1,0,0,1,0,0,0,1,0,0
1250,pixel_transfer,1,1,1,1,0,1,0,15,3,1,0,0,1,0,0,1,1,0,0
1251,pixel_transfer,1,1,1,1,0,1,0,15,3,1,0,1,1,0,0,1,1,0,0
1252,pixel_transfer,1,1,1,1,0,1,0,15,2,1,0,1,1,0,0,0,1,0,0
1253,pixel_transfer,1,1,1,1,0,1,0,15,2,1,0,0,1,0,0,0,1,0,0
1254,pixel_transfer,1,1,1,1,0,1,0,15,2,1,0,0,1,0,0,0,1,0,0
1255,pixel_transfer,1,1,1,1,0,1,0,15,2,1,0,0,1,0,0,0,1,0,0
1256,pixel_transfer,1,1,1,1,0,1,0,15,2,1,0,0,1,0,0,0,1,0,0
1257,pixel_transfer,1,1,1,1,0,1,0,15,2,1,0,0,1,0,0,0,1,0,0
1258,pixel_transfer,1,1,1,1,0,1,0,15,3,1,0,0,1,0,0,0,1,0,0
1259,pixel_transfer,1,1,1,1,0,1,0,15,2,1,0,1,1,0,0,0,1,0,0
1260,pixel_transfer,1,1,1,1,0,1,0,15,2,1,0,0,1,0,0,0,1,0,0
1261,pixel_transfer,1,1,1,1,0,1,0,15,3,1,0,0,1,0,0,0,1,0,0
1262,pixel_transfer,1,1,1,1,0,1,0,15,2,1,0,1,1,0,0,0,1,0,0
1263,pixel_transfer,1,1,1,1,0,1,0,15,2,1,0,0,1,0,0,0,1,0,0
1264,pixel_transfer,1,1,1,1,0,1,0,15,3,1,0,0,1,0,0,1,1,0,0
1265,pixel_transfer,1,1,1,1,0,1,0,15,2,1,0,1,1,0,0,1,1,0,0
1266,pixel_transfer,1,1,1,1,0,1,0,15,2,1,0,0,1,0,0,0,1,0,0
1267,pixel_transfer,1,1,1,1,0,1,0,15,3,1,0,0,1,0,0,0,1,0,0
1268,pixel_transfer,1,1,1,1,0,1,1,15,2,1,0,1,1,0,0,0,1,0,0
1269,pixel_transfer,1,1,1,1,0,2,0,15,2,1,0,0,1,0,0,0,1,0,0
1270,pixel_transfer,1,1,1,1,0,2,0,15,3,1,0,0,1,0,0,0,1,0,0
1271,pixel_transfer,1,1,1,1,0,2,0,15,2,1,0,1,1,0,0,0,1,0,0
1272,pixel_transfer,1,1,1,1,0,2,0,15,2,1,0,0,1,0,0,0,1,0,0
1273,pixel_transfer,1,1,1,1,0,2,0,15,3,1,0,0,1,0,0,0,1,0,0
1274,pixel_transfer,1,1,1,1,0,2,0,15,3,1,0,1,1,0,0,0,1,0,0
1275,pixel_transfer,1,1,1,1,0,2,0,15,2,1,0,1,1,0,0,0,1,0,0
1276,pixel_transfer,1,1,1,1,0,2,0,15,2,1,0,0,1,0,0,1,1,0,0
1277,pixel_transfer,1,1,1,1,0,2,0,15,2,1,0,0,1,0,0,1,1,0,0
1278,pixel_transfer,1,1,1,1,0,2,0,15,3,1,0,0,1,0,0,0,1,0,0
1279,pixel_transfer,1,1,1,1,0,2,0,15,2,1,0,1,1,0,0,0,1,0,0
1280,pixel_transfer,1,1,1,1,0,2,0,15,2,1,0,0,1,0,0,0,1,0,0
1281,pixel_transfer,1,1,1,1,0,2,0,15,3,1,0,0,1,0,0,0,1,0,0
1282,pixel_transfer,1,1,1,1,0,2,0,15,2,1,0,1,1,0,0,0,1,0,0
1283,pixel_transfer,1,1,1,1,0,2,0,15,2,1,0,0,1,0,0,0,1,0,0
1284,pixel_transfer,1,1,1,1,0,2,0,15,2,1,0,0,1,0,0,0,1,0,0
1285,pixel_transfer,1,1,1,1,0,2,0,15,2,1,0,0,1,0,0,0,1,0,0
1286,pixel_transfer,1,1,1,1,0,2,0,15,2,1,0,0,1,0,0,0,1,0,0
1287,pixel_transfer,1,1,1,1,0,2,0,15,3,1,0,0,1,0,0,1,1,0,0
1288,pixel_transfer,1,1,1,1,0,2,0,15,2,1,0,1,1,0,0,1,1,0,0
1289,pixel_transfer,1,1,1,1,0,2,0,15,2,1,0,0,1,0,0,0,1,0,0
1290,pixel_transfer,1,1,1,1,0,2,0,15,3,1,0,0,1,0,0,0,1,0,0
1291,pixel_transfer,1,1,1,1,0,2,0,15,2,1,0,1,1,0,0,0,1,0,0
1292,line_marker,0,1,0,1,1,2,2,15,2,1,0,0,1,0,0,0,1,0,0
1293,pixel_transfer,1,1,1,1,0,0,0,15,3,1,0,0,1,0,0,0,1,0,0
1294,pixel_transfer,1,1,1,1,0,1,0,15,2,1,0,1,1,0,0,0,1,0,0
1295,pixel_transfer,1,1,1,1,0,1,0,15,2,1,0,0,1,0,0,0,1,0,0
1296,pixel_transfer,1,1,1,1,0,1,0,15,3,1,0,0,1,0,0,0,1,0,0
1297,pixel_transfer,1,1,1,1,0,1,0,15,2,1,0,1,1,0,0,0,1,0,0
1298,pixel_transfer,1,1,1,1,0,1,0,15,2,1,0,0,1,0,0,0,1,0,0
1299,pixel_transfer,1,1,1,1,0,1,0,15,2,1,0,0,1,0,0,0,1,0,0
1300,pixel_transfer,1,1,1,1,0,1,0,15,2,1,0,0,1,0,0,0,1,0,0
1301,pixel_transfer,1,1,1,1,0,1,0,15,2,1,0,0,1,0,0,0,1,0,0
1302,pixel_transfer,1,1,1,1,0,1,0,15,2,1,0,0,1,0,0,1,1,0,0
1303,pixel_transfer,1,1,1,1,0,1,0,15,2,1,0,0,1,0,0,1,1,0,0
1304,pixel_transfer,1,1,1,1,0,1,0,15,2,1,0,0,1,0,0,0,1,0,0
1305,pixel_transfer,1,1,1,1,0,1,0,15,2,1,0,0,1,0,0,0,1,0,0
1306,pixel_transfer,1,1,1,1,0,1,0,15,2,1,0,0,1,0,0,0,1,0,0
1307,pixel_transfer,1,1,1,1,0,1,0,15,3,1,0,0,1,0,0,0,1,0,0
1308,pixel_transfer,1,1,1,1,0,1,0,15,3,1,0,1,1,0,0,0,1,0,0
1309,pixel_transfer,1,1,1,1,0,1,0,15,2,1,0,1,1,0,0,0,1,0,0
1310,pixel_transfer,1,1,1,1,0,1,0,15,2,1,0,0,1,0,0,0,1,0,0
1311,pixel_transfer,1,1,1,1,0,1,0,15,3,1,0,0,1,0,0,0,1,0,0
1312,pixel_transfer,1,1,1,1,0,1,0,15,2,1,0,1,1,0,0,0,1,0,0
1313,pixel_transfer,1,1,1,1,0,1,0,15,2,1,0,0,1,0,0,0,1,0,0
1314,pixel_transfer,1,1,1,1,0,1,0,15,3,1,0,0,1,0,0,0,1,0,0
1315,pixel_transfer,1,1,1,1,0,1,0,15,2,1,0,1,1,0,0,0,1,0,0
1316,pixel_transfer,1,1,1,1,0,1,0,15,2,1,0,0,1,0,0,0,1,0,0
1317,pixel_transfer,1,1,1,1,0,1,1,15,3,1,0,0,1,0,0,0,1,0,0
1318,pixel_transfer,1,1,1,1,0,2,0,15,3,1,0,1,1,0,0,0,1,0,0
1319,pixel_transfer,1,1,1,1,0,2,0,15,2,1,0,1,1,0,0,0,1,0,0
1320,pixel_transfer,1,1,1,1,0,2,0,15,2,1,0,0,1,0,0,1,1,0,0
1321,pixel_transfer,1,1,1,1,0,2,0,15,3,1,0,0,1,0,0,1,1,0,0
1322,pixel_transfer,1,1,1,1,0,2,0,15,3,1,0,1,1,0,0,0,1,0,0
1323,pixel_transfer,1,1,1,1,0,2,0,15,2,1,0,1,1,0,0,0,1,0,0
1324,pixel_transfer,1,1,1,1,0,2,0,15,2,1,0,0,1,0,0,0,1,0,0
1325,pixel_transfer,1,1,1,1,0,2,0,15,2,1,0,0,1,0,0,0,1,0,0
1326,pixel_transfer,1,1,1,1,0,2,0,15,3,1,0,0,1,0,0,0,1,0,0
1327,pixel_transfer,1,1,1,1,0,2,0,15,3,1,0,1,1,0,0,0,1,0,0
1328,pixel_transfer,1,1,1,1,0,2,0,15,2,1,0,1,1,0,0,1,1,0,0
1329,pixel_transfer,1,1,1,1,0,2,0,15,2,1,0,0,1,0,0,1,1,0,0
1330,pixel_transfer,1,1,1,1,0,2,0,15,2,1,0,0,1,0,0,0,1,0,0
1331,pixel_transfer,1,1,1,1,0,2,0,15,3,1,0,0,1,0,0,0,1,0,0
1332,pixel_transfer,1,1,1,1,0,2,0,15,3,1,0,1,1,0,0,0,1,0,0
1333,pixel_transfer,1,1,1,1,0,2,0,15,2,1,0,1,1,0,0,0,1,0,0
1334,pixel_transfer,1,1,1,1,0,2,0,15,2,1,0,0,1,0,0,0,1,0,0
1335,pixel_transfer,1,1,1,1,0,2,0,15,2,1,0,0,1,0,0,0,1,0,0
1336,pixel_transfer,1,1,1,1,0,2,0,15,2,1,0,0,1,0,0,0,1,0,0
1337,pixel_transfer,1,1,1,1,0,2,0,15,2,1,0,0,1,0,0,0,1,0,0
1338,pixel_transfer,1,1,1,1,0,2,0,15,3,1,0,0,1,0,0,1,1,0,0
1339,pixel_transfer,1,1,1,1,0,2,0,15,2,1,0,1,1,0,0,1,1,0,0
1340,pixel_transfer,1,1,1,1,0,2,0,15,2,1,0,0,1,0,0,0,1,0,0
1341,line_marker,0,1,0,1,1,2,2,15,3,1,0,0,1,0,0,0,1,0,0
1342,pixel_transfer,1,1,1,1,0,0,0,15,2,1,0,1,1,0,0,0,1,0,0
1343,pixel_transfer,1,1,1,1,0,1,0,15,2,1,0,0,1,0,0,0,1,0,0
1344,pixel_transfer,1,1,1,1,0,1,0,15,3,1,0,0,1,0,0,0,1,0,0
1345,pixel_transfer,1,1,1,1,0,1,0,15,2,1,0,1,1,0,0,0,1,0,0
1346,pixel_transfer,1,1,1,1,0,1,0,15,2,1,0,0,1,0,0,0,1,0,0
1347,pixel_transfer,1,1,1,1,0,1,0,15,3,1,0,0,1,0,0,0,1,0,0
1348,pixel_transfer,1,1,1,1,0,1,0,15,2,1,0,1,1,0,0,0,1,0,0
1349,pixel_transfer,1,1,1,1,0,1,0,15,2,1,0,0,1,0,0,0,1,0,0
1350,pixel_transfer,1,1,1,1,0,1,0,15,2,1,0,0,1,0,0,0,1,0,0
1351,pixel_transfer,1,1,1,1,0,1,0,15,2,1,0,0,1,0,0,0,1,0,0
1352,pixel_transfer,1,1,1,1,0,1,0,15,2,1,0,0,1,0,0,0,1,0,0
1353,pixel_transfer,1,1,1,1,0,1,0,15,2,1,0,0,1,0,0,1,1,0,0
1354,pixel_transfer,1,1,1,1,0,1,0,15,2,1,0,0,1,0,0,1,1,0,0
1355,pixel_transfer,1,1,1,1,0,1,0,15,2,1,0,0,1,0,0,0,1,0,0
1356,pixel_transfer,1,1,1,1,0,1,0,15,3,1,0,0,1,0,0,0,1,0,0
1357,pixel_transfer,1,1,1,1,0,1,0,15,2,1,0,1,1,0,0,0,1,0,0
1358,pixel_transfer,1,1,1,1,0,1,0,15,2,1,0,0,1,0,0,0,1,0,0
1359,pixel_transfer,1,1,1,1,0,1,0,15,3,1,0,0,1,0,0,0,1,0,0
1360,pixel_transfer,1,1,1,1,0,1,0,15,3,1,0,1,1,0,0,0,1,0,0
1361,pixel_transfer,1,1,1,1,0,1,0,15,2,1,0,1,1,0,0,0,1,0,0
1362,pixel_transfer,1,1,1,1,0,1,0,15,2,1,0,0,1,0,0,0,1,0,0
1363,pixel_transfer,1,1,1,1,0,1,0,15,3,1,0,0,1,0,0,0,1,0,0
1364,pixel_transfer,1,1,1,1,0,1,0,15,2,1,0,1,1,0,0,0,1,0,0
1365,pixel_transfer,1,1,1,1,0,1,0,15,2,1,0,0,1,0,0,0,1,0,0
1366,pixel_transfer,1,1,1,1,0,1,1,15,3,1,0,0,1,0,0,0,1,0,0
1367,pixel_transfer,1,1,1,1,0,2,0,15,2,1,0,1,1,0,0,0,1,0,0
1368,pixel_transfer,1,1,1,1,0,2,0,15,2,1,0,0,1,0,0,0,1,0,0
1369,pixel_transfer,1,1,1,1,0,2,0,15,3,1,0,0,1,0,0,1,1,0,0
1370,pixel_transfer,1,1,1,1,0,2,0,15,3,1,0,1,1,0,0,1,1,0,0
1371,pixel_transfer,1,1,1,1,0,2,0,15,2,1,0,1,1,0,0,0,1,0,0
1372,pixel_transfer,1,1,1,1,0,2,0,15,2,1,0,0,1,0,0,0,1,0,0
1373,pixel_transfer,1,1,1,1,0,2,0,15,2,1,0,0,1,0,0,0,1,0,0
1374,pixel_transfer,1,1,1,1,0,2,0,15,2,1,0,0,1,0,0,0,1,0,0
1375,pixel_transfer,1,1,1,1,0,2,0,15,2,1,0,0,1,0,0,0,1,0,0
1376,pixel_transfer,1,1,1,1,0,2,0,15,2,1,0,0,1,0,0,0,1,0,0
1377,pixel_transfer,1,1,1,1,0,2,0,15,2,1,0,0,1,0,0,0,1,0,0
1378,pixel_transfer,1,1,1,1,0,2,0,15,3,1,0,0,1,0,0,0,1,0,0
1379,pixel_transfer,1,1,1,1,0,2,0,15,2,1,0,1,1,0,0,0,1,0,0
1380,pixel_transfer,1,1,1,1,0,2,0,15,2,1,0,0,1,0,0,0,1,0,0
1381,pixel_transfer,1,1,1,1,0,2,0,15,3,1,0,0,1,0,0,0,1,0,0
1382,pixel_transfer,1,1,1,1,0,2,0,15,3,1,0,1,1,0,0,0,1,0,0
1383,pixel_transfer,1,1,1,1,0,2,0,15,2,1,0,1,1,0,0,0,1,0,0
1384,pixel_transfer,1,1,1,1,0,2,0,15,2,1,0,0,1,0,0,1,1,0,0
1385,pixel_transfer,1,1,1,1,0,2,0,15,3,1,0,0,1,0,0,1,1,0,0
1386,pixel_transfer,1,1,1,1,0,2,0,15,2,1,0,1,1,0,0,0,1,0,0
1387,pixel_transfer,1,1,1,1,0,2,0,15,2,1,0,0,1,0,0,0,1,0,0
1388,pixel_transfer,1,1,1,1,0,2,0,15,3,1,0,0,1,0,0,0,1,0,0
1389,pixel_transfer,1,1,1,1,0,2,0,15,2,1,0,1,1,0,0,0,1,0,0
1390,line_marker,0,1,0,1,1,2,2,15,2,1,0,0,1,0,0,0,1,0,0
1391,pixel_transfer,1,1,1,1,0,0,0,15,2,1,0,0,1,0,0,0,1,0,0
1392,pixel_transfer,1,1,1,1,0,1,0,15,2,1,0,0,1,0,0,0,1,0,0
1393,pixel_transfer,1,1,1,1,0,1,0,15,2,1,0,0,1,0,0,0,1,0,0
1394,pixel_transfer,1,1,1,1,0,1,0,15,2,1,0,0,1,0,0,1,1,0,0
1395,pixel_transfer,1,1,1,1,0,1,0,15,2,1,0,0,1,0,0,1,1,0,0
1396,pixel_transfer,1,1,1,1,0,1,0,15,2,1,0,0,1,0,0,0,1,0,0
1397,pixel_transfer,1,1,1,1,0,1,0,15,3,1,0,0,1,0,0,0,1,0,0
1398,pixel_transfer,1,1,1,1,0,1,0,15,2,1,0,1,1,0,0,0,1,0,0
1399,pixel_transfer,1,1,1,1,0,1,0,15,2,1,0,0,1,0,0,0,1,0,0
1400,pixel_transfer,1,1,1,1,0,1,0,15,3,1,0,0,1,0,0,0,1,0,0
1401,pixel_transfer,1,1,1,1,0,1,0,15,2,1,0,1,1,0,0,0,1,0,0
1402,pixel_transfer,1,1,1,1,0,1,0,15,2,1,0,0,1,0,0,0,1,0,0
1403,pixel_transfer,1,1,1,1,0,1,0,15,3,1,0,0,1,0,0,0,1,0,0
1404,pixel_transfer,1,1,1,1,0,1,0,15,3,1,0,1,1,0,0,0,1,0,0
1405,pixel_transfer,1,1,1,1,0,1,0,15,2,1,0,1,1,0,0,0,1,0,0
1406,pixel_transfer,1,1,1,1,0,1,0,15,2,1,0,0,1,0,0,0,1,0,0
1407,pixel_transfer,1,1,1,1,0,1,0,15,2,1,0,0,1,0,0,0,1,0,0
1408,pixel_transfer,1,1,1,1,0,1,0,15,3,1,0,0,1,0,0,0,1,0,0
1409,pixel_transfer,1,1,1,1,0,1,0,15,3,1,0,1,1,0,0,0,1,0,0
1410,pixel_transfer,1,1,1,1,0,1,0,15,2,1,0,1,1,0,0,1,1,0,0
1411,pixel_transfer,1,1,1,1,0,1,0,15,2,1,0,0,1,0,0,1,1,0,0
1412,pixel_transfer,1,1,1,1,0,1,0,15,3,1,0,0,1,0,0,0,1,0,0
1413,pixel_transfer,1,1,1,1,0,1,0,15,2,1,0,1,1,0,0,0,1,0,0
1414,pixel_transfer,1,1,1,1,0,1,0,15,2,1,0,0,1,0,0,0,1,0,0
1415,pixel_transfer,1,1,1,1,0,1,1,15,3,1,0,0,1,0,0,0,1,0,0
1416,pixel_transfer,1,1,1,1,0,2,0,15,3,1,0,1,1,0,0,0,1,0,0
1417,pixel_transfer,1,1,1,1,0,2,0,15,2,1,0,1,1,0,0,0,1,0,0
1418,pixel_transfer,1,1,1,1,0,2,0,15,2,1,0,0,1,0,0,0,1,0,0
1419,pixel_transfer,1,1,1,1,0,2,0,15,3,1,0,0,1,0,0,0,1,0,0
1420,pixel_transfer,1,1,1,1,0,2,0,15,2,1,0,1,1,0,0,0,1,0,0
1421,pixel_transfer,1,1,1,1,0,2,0,15,2,1,0,0,1,0,0,1,1,0,0
1422,pixel_transfer,1,1,1,1,0,2,0,15,3,1,0,0,1,0,0,1,1,0,0
1423,pixel_transfer,1,1,1,1,0,2,0,15,2,1,0,1,1,0,0,0,1,0,0
1424,pixel_transfer,1,1,1,1,0,2,0,15,2,1,0,0,1,0,0,0,1,0,0
1425,pixel_transfer,1,1,1,1,0,2,0,15,3,1,0,0,1,0,0,0,1,0,0
1426,pixel_transfer,1,1,1,1,0,2,0,15,2,1,0,1,1,0,0,0,1,0,0
1427,pixel_transfer,1,1,1,1,0,2,0,15,2,1,0,0,1,0,0,0,1,0,0
1428,pixel_transfer,1,1,1,1,0,2,0,15,3,1,0,0,1,0,0,0,1,0,0
1429,pixel_transfer,1,1,1,1,0,2,0,15,2,1,0,1,1,0,0,0,1,0,0
1430,pixel_transfer,1,1,1,1,0,2,0,15,2,1,0,0,1,0,0,0,1,0,0
1431,pixel_transfer,1,1,1,1,0,2,0,15,2,1,0,0,1,0,0,1,1,0,0
1432,pixel_transfer,1,1,1,1,0,2,0,15,2,1,0,0,1,0,0,1,1,0,0
1433,pixel_transfer,1,1,1,1,0,2,0,15,2,1,0,0,1,0,0,0,1,0,0
1434,pixel_transfer,1,1,1,1,0,2,0,15,3,1,0,0,1,0,0,0,1,0,0
1435,pixel_transfer,1,1,1,1,0,2,0,15,3,1,0,1,1,0,0,0,1,0,0
1436,pixel_transfer,1,1,1,1,0,2,0,15,2,1,0,1,1,0,0,0,1,0,0
1437,pixel_transfer,1,1,1,1,0,2,0,15,2,1,0,0,1,0,0,0,1,0,0
1438,pixel_transfer,1,1,1,1,0,2,0,15,2,1,0,0,1,0,0,0,1,0,0
1439,line_marker,0,1,0,1,1,2,2,15,3,1,0,0,1,0,0,0,1,0,0
1440,pixel_transfer,1,1,1,1,0,0,0,15,3,1,0,1,1,0,0,0,1,0,0
1441,pixel_transfer,1,1,1,1,0,1,0,15,2,1,0,1,1,0,0,0,1,0,0
1442,pixel_transfer,1,1,1,1,0,1,0,15,2,1,0,0,1,0,0,0,1,0,0
1443,pixel_transfer,1,1,1,1,0,1,0,15,2,1,0,0,1,0,0,0,1,0,0
1444,pixel_transfer,1,1,1,1,0,1,0,15,3,1,0,0,1,0,0,0,1,0,0
1445,pixel_transfer,1,1,1,1,0,1,0,15,2,1,0,1,1,0,0,1,1,0,0
1446,pixel_transfer,1,1,1,1,0,1,0,15,2,1,0,0,1,0,0,1,1,0,0
1447,pixel_transfer,1,1,1,1,0,1,0,15,3,1,0,0,1,0,0,0,1,0,0
1448,pixel_transfer,1,1,1,1,0,1,0,15,2,1,0,1,1,0,0,0,1,0,0
1449,pixel_transfer,1,1,1,1,0,1,0,15,2,1,0,0,1,0,0,0,1,0,0
1450,pixel_transfer,1,1,1,1,0,1,0,15,3,1,0,0,1,0,0,0,1,0,0
1451,pixel_transfer,1,1,1,1,0,1,0,15,3,1,0,1,1,0,0,0,1,0,0
1452,pixel_transfer,1,1,1,1,0,1,0,15,2,1,0,1,1,0,0,0,1,0,0
1453,pixel_transfer,1,1,1,1,0,1,0,15,2,1,0,0,1,0,0,0,1,0,0
1454,pixel_transfer,1,1,1,1,0,1,0,15,2,1,0,0,1,0,0,0,1,0,0
1455,pixel_transfer,1,1,1,1,0,1,0,15,3,1,0,0,1,0,0,0,1,0,0
1456,pixel_transfer,1,1,1,1,0,1,0,15,2,1,0,1,1,0,0,1,1,0,0
1457,pixel_transfer,1,1,1,1,0,1,0,15,2,1,0,0,1,0,0,1,1,0,0
1458,pixel_transfer,1,1,1,1,0,1,0,15,3,1,0,0,1,0,0,0,1,0,0
1459,pixel_transfer,1,1,1,1,0,1,0,15,2,1,0,1,1,0,0,0,1,0,0
1460,pixel_transfer,1,1,1,1,0,1,0,15,2,1,0,0,1,0,0,0,1,0,0
1461,pixel_transfer,1,1,1,1,0,1,0,15,3,1,0,0,1,0,0,0,1,0,0
1462,pixel_transfer,1,1,1,1,0,1,0,15,2,1,0,1,1,0,0,0,1,0,0
1463,pixel_transfer,1,1,1,1,0,1,0,15,2,1,0,0,1,0,0,0,1,0,0
1464,pixel_transfer,1,1,1,1,0,1,1,15,3,1,0,0,1,0,0,0,1,0,0
1465,pixel_transfer,1,1,1,1,0,2,0,15,3,1,0,1,1,0,0,0,1,0,0
1466,pixel_transfer,1,1,1,1,0,2,0,15,2,1,0,1,1,0,0,0,1,0,0
1467,pixel_transfer,1,1,1,1,0,2,0,15,2,1,0,0,1,0,0,1,1,0,0
1468,pixel_transfer,1,1,1,1,0,2,0,15,2,1,0,0,1,0,0,1,1,0,0
1469,pixel_transfer,1,1,1,1,0,2,0,15,2,1,0,0,1,0,0,0,1,0,0
1470,pixel_transfer,1,1,1,1,0,2,0,15,2,1,0,0,1,0,0,0,1,0,0
1471,pixel_transfer,1,1,1,1,0,2,0,15,2,1,0,0,1,0,0,0,1,0,0
1472,pixel_transfer,1,1,1,1,0,2,0,15,2,1,0,0,1,0,0,0,1,0,0
1473,pixel_transfer,1,1,1,1,0,2,0,15,2,1,0,0,1,0,0,0,1,0,0
1474,pixel_transfer,1,1,1,1,0,2,0,15,2,1,0,0,1,0,0,0,1,0,0
1475,pixel_transfer,1,1,1,1,0,2,0,15,2,1,0,0,1,0,0,0,1,0,0
1476,pixel_transfer,1,1,1,1,0,2,0,15,2,1,0,0,1,0,0,0,1,0,0
1477,pixel_transfer,1,1,1,1,0,2,0,15,2,1,0,0,1,0,0,0,1,0,0
1478,pixel_transfer,1,1,1,1,0,2,0,15,2,1,0,0,1,0,0,0,1,0,0
1479,pixel_transfer,1,1,1,1,0,2,0,15,2,1,0,0,1,0,0,0,1,0,0
1480,pixel_transfer,1,1,1,1,0,2,0,15,2,1,0,0,1,0,0,0,1,0,0
1481,pixel_transfer,1,1,1,1,0,2,0,15,2,1,0,0,1,0,0,0,1,0,0
1482,pixel_transfer,1,1,1,1,0,2,0,15,3,1,0,0,1,0,0,0,1,0,0
1483,pixel_transfer,1,1,1,1,0,2,0,15,2,1,0,1,1,0,0,0,1,0,0
1484,pixel_transfer,1,1,1,1,0,2,0,15,2,1,0,0,1,0,0,0,1,0,0
1485,pixel_transfer,1,1,1,1,0,2,0,15,3,1,0,0,1,0,0,0,1,0,0
1486,pixel_transfer,1,1,1,1,0,2,0,15,3,1,0,1,1,0,0,0,1,0,0
1487,pixel_transfer,1,1,1,1,0,2,0,15,3,1,0,1,1,0,0,0,1,0,0
1488,line_marker,0,1,0,1,1,2,2,15,2,1,0,1,1,0,0,0,1,0,0
1489,pixel_transfer,1,1,1,1,0,0,0,15,2,1,0,0,1,0,0,0,1,0,0
1490,pixel_transfer,1,1,1,1,0,1,0,15,3,1,0,0,1,0,0,0,1,0,0
1491,pixel_transfer,1,1,1,1,0,1,0,15,2,1,0,1,1,0,0,1,1,0,0
1492,pixel_transfer,1,1,1,1,0,1,0,15,2,1,0,0,1,0,0,1,1,0,0
1493,pixel_transfer,1,1,1,1,0,1,0,15,3,1,0,0,1,0,0,0,1,0,0
1494,pixel_transfer,1,1,1,1,0,1,0,15,2,1,0,1,1,0,0,0,1,0,0
1495,pixel_transfer,1,1,1,1,0,1,0,15,2,1,0,0,1,0,0,0,1,0,0
1496,pixel_transfer,1,1,1,1,0,1,0,15,3,1,0,0,1,0,0,0,1,0,0
1497,pixel_transfer,1,1,1,1,0,1,0,15,3,1,0,1,1,0,0,0,1,0,0
1498,pixel_transfer,1,1,1,1,0,1,0,15,2,1,0,1,1,0,0,0,1,0,0
1499,pixel_transfer,1,1,1,1,0,1,0,15,2,1,0,0,1,0,0,1,1,0,0
1500,pixel_transfer,1,1,1,1,0,1,0,15,2,1,0,0,1,0,0,1,1,0,0
1501,pixel_transfer,1,1,1,1,0,1,0,15,3,1,0,0,1,0,0,0,1,0,0
1502,pixel_transfer,1,1,1,1,0,1,0,15,2,1,0,1,1,0,0,0,1,0,0
1503,pixel_transfer,1,1,1,1,0,1,0,15,2,1,0,0,1,0,0,0,1,0,0
1504,pixel_transfer,1,1,1,1,0,1,0,15,3,1,0,0,1,0,0,0,1,0,0
1505,pixel_transfer,1,1,1,1,0,1,0,15,3,1,0,1,1,0,0,0,1,0,0
1506,pixel_transfer,1,1,1,1,0,1,0,15,2,1,0,1,1,0,0,0,1,0,0
1507,pixel_transfer,1,1,1,1,0,1,0,15,2,1,0,0,1,0,0,0,1,0,0
1508,pixel_transfer,1,1,1,1,0,1,0,15,3,1,0,0,1,0,0,0,1,0,0
1509,pixel_transfer,1,1,1,1,0,1,0,15,2,1,0,1,1,0,0,0,1,0,0
1510,pixel_transfer,1,1,1,1,0,1,0,15,2,1,0,0,1,0,0,1,1,0,0
1511,pixel_transfer,1,1,1,1,0,1,0,15,3,1,0,0,1,0,0,1,1,0,0
1512,pixel_transfer,1,1,1,1,0,1,0,15,3,1,0,1,1,0,0,0,1,0,0
1513,pixel_transfer,1,1,1,1,0,1,1,15,3,1,0,1,1,0,0,0,1,0,0
1514,pixel_transfer,1,1,1,1,0,2,0,15,2,1,0,1,1,0,0,0,1,0,0
1515,pixel_transfer,1,1,1,1,0,2,0,15,2,1,0,0,1,0,0,0,1,0,0
1516,pixel_transfer,1,1,1,1,0,2,0,15,3,1,0,0,1,0,0,0,1,0,0
1517,pixel_transfer,1,1,1,1,0,2,0,15,2,1,0,1,1,0,0,0,1,0,0
1518,pixel_transfer,1,1,1,1,0,2,0,15,2,1,0,0,1,0,0,1,1,0,0
1519,pixel_transfer,1,1,1,1,0,2,0,15,3,1,0,0,1,0,0,1,1,0,0
1520,pixel_transfer,1,1,1,1,0,2,0,15,2,1,0,1,1,0,0,0,1,0,0
1521,pixel_transfer,1,1,1,1,0,2,0,15,2,1,0,0,1,0,0,0,1,0,0
1522,pixel_transfer,1,1,1,1,0,2,0,15,2,1,0,0,1,0,0,0,1,0,0
1523,pixel_transfer,1,1,1,1,0,2,0,15,2,1,0,0,1,0,0,0,1,0,0
1524,pixel_transfer,1,1,1,1,0,2,0,15,2,1,0,0,1,0,0,0,1,0,0
1525,pixel_transfer,1,1,1,1,0,2,0,15,3,1,0,0,1,0,0,0,1,0,0
1526,pixel_transfer,1,1,1,1,0,2,0,15,2,1,0,1,1,0,0,0,1,0,0
1527,pixel_transfer,1,1,1,1,0,2,0,15,2,1,0,0,1,0,0,0,1,0,0
1528,pixel_transfer,1,1,1,1,0,2,0,15,3,1,0,0,1,0,0,0,1,0,0
1529,pixel_transfer,1,1,1,1,0,2,0,15,3,1,0,1,1,0,0,0,1,0,0
1530,pixel_transfer,1,1,1,1,0,2,0,15,2,1,0,1,1,0,0,0,1,0,0
1531,pixel_transfer,1,1,1,1,0,2,0,15,2,1,0,0,1,0,0,1,1,0,0
1532,pixel_transfer,1,1,1,1,0,2,0,15,3,1,0,0,1,0,0,1,1,0,0
1533,pixel_transfer,1,1,1,1,0,2,0,15,2,1,0,1,1,0,0,0,1,0,0
1534,pixel_transfer,1,1,1,1,0,2,0,15,2,1,0,0,1,0,0,0,1,0,0
1535,pixel_transfer,1,1,1,1,0,2,0,15,2,1,0,0,1,0,0,0,1,0,0
1536,pixel_transfer,1,1,1,1,0,2,0,15,2,1,0,0,1,0,0,0,1,0,0
1537,line_marker,0,1,0,1,1,2,2,15,2,1,0,0,1,0,0,0,1,0,0
1538,pixel_transfer,1,1,1,1,0,0,0,15,2,1,0,0,1,0,0,0,1,0,0
1539,pixel_transfer,1,1,1,1,0,1,0,15,2,1,0,0,1,0,0,0,1,0,0
1540,pixel_transfer,1,1,1,1,0,1,0,15,2,1,0,0,1,0,0,0,1,0,0
1541,pixel_transfer,1,1,1,1,0,1,0,15,2,1,0,0,1,0,0,0,1,0,0
1542,pixel_transfer,1,1,1,1,0,1,0,15,2,1,0,0,1,0,0,0,1,0,0
1543,pixel_transfer,1,1,1,1,0,1,0,15,2,1,0,0,1,0,0,0,1,0,0
1544,pixel_transfer,1,1,1,1,0,1,0,15,2,1,0,0,1,0,0,0,1,0,0
1545,pixel_transfer,1,1,1,1,0,1,0,15,2,1,0,0,1,0,0,0,1,0,0
1546,pixel_transfer,1,1,1,1,0,1,0,15,2,1,0,0,1,0,0,0,1,0,0
1547,pixel_transfer,1,1,1,1,0,1,0,15,2,1,0,0,1,0,0,0,1,0,0
1548,pixel_transfer,1,1,1,1,0,1,0,15,3,1,0,0,1,0,0,0,1,0,0
1549,pixel_transfer,1,1,1,1,0,1,0,15,3,1,0,1,1,0,0,0,1,0,0
1550,pixel_transfer,1,1,1,1,0,1,0,15,2,1,0,1,1,0,0,0,1,0,0
1551,pixel_transfer,1,1,1,1,0,1,0,15,2,1,0,0,1,0,0,0,1,0,0
1552,pixel_transfer,1,1,1,1,0,1,0,15,3,1,0,0,1,0,0,0,1,0,0
1553,pixel_transfer,1,1,1,1,0,1,0,15,2,1,0,1,1,0,0,0,1,0,0
1554,pixel_transfer,1,1,1,1,0,1,0,15,2,1,0,0,1,0,0,1,1,0,0
1555,pixel_transfer,1,1,1,1,0,1,0,15,3,1,0,0,1,0,0,1,1,0,0
1556,pixel_transfer,1,1,1,1,0,1,0,15,3,1,0,1,1,0,0,0,1,0,0
1557,pixel_transfer,1,1,1,1,0,1,0,15,2,1,0,1,1,0,0,0,1,0,0
1558,pixel_transfer,1,1,1,1,0,1,0,15,2,1,0,0,1,0,0,0,1,0,0
1559,pixel_transfer,1,1,1,1,0,1,0,15,2,1,0,0,1,0,0,0,1,0,0
1560,pixel_transfer,1,1,1,1,0,1,0,15,2,1,0,0,1,0,0,0,1,0,0
1561,pixel_transfer,1,1,1,1,0,1,0,15,3,1,0,0,1,0,0,0,1,0,0
1562,pixel_transfer,1,1,1,1,0,1,1,15,3,1,0,1,1,0,0,1,1,0,0
1563,pixel_transfer,1,1,1,1,0,2,0,15,2,1,0,1,1,0,0,1,1,0,0
1564,pixel_transfer,1,1,1,1,0,2,0,15,2,1,0,0,1,0,0,0,1,0,0
1565,pixel_transfer,1,1,1,1,0,2,0,15,3,1,0,0,1,0,0,0,1,0,0
1566,pixel_transfer,1,1,1,1,0,2,0,15,2,1,0,1,1,0,0,0,1,0,0
1567,pixel_transfer,1,1,1,1,0,2,0,15,2,1,0,0,1,0,0,0,1,0,0
1568,pixel_transfer,1,1,1,1,0,2,0,15,3,1,0,0,1,0,0,0,1,0,0
1569,pixel_transfer,1,1,1,1,0,2,0,15,2,1,0,1,1,0,0,0,1,0,0
1570,pixel_transfer,1,1,1,1,0,2,0,15,2,1,0,0,1,0,0,0,1,0,0
1571,pixel_transfer,1,1,1,1,0,2,0,15,3,1,0,0,1,0,0,0,1,0,0
1572,pixel_transfer,1,1,1,1,0,2,0,15,3,1,0,1,1,0,0,0,1,0,0
1573,pixel_transfer,1,1,1,1,0,2,0,15,2,1,0,1,1,0,0,0,1,0,0
1574,pixel_transfer,1,1,1,1,0,2,0,15,2,1,0,0,1,0,0,1,1,0,0
1575,pixel_transfer,1,1,1,1,0,2,0,15,2,1,0,0,1,0,0,1,1,0,0
1576,pixel_transfer,1,1,1,1,0,2,0,15,2,1,0,0,1,0,0,0,1,0,0
1577,pixel_transfer,1,1,1,1,0,2,0,15,3,1,0,0,1,0,0,0,1,0,0
1578,pixel_transfer,1,1,1,1,0,2,0,15,2,1,0,1,1,0,0,0,1,0,0
1579,pixel_transfer,1,1,1,1,0,2,0,15,2,1,0,0,1,0,0,0,1,0,0
1580,pixel_transfer,1,1,1,1,0,2,0,15,3,1,0,0,1,0,0,0,1,0,0
1581,pixel_transfer,1,1,1,1,0,2,0,15,2,1,0,1,1,0,0,0,1,0,0
1582,pixel_transfer,1,1,1,1,0,2,0,15,2,1,0,0,1,0,0,0,1,0,0
1583,pixel_transfer,1,1,1,1,0,2,0,15,2,1,0,0,1,0,0,0,1,0,0
1584,pixel_transfer,1,1,1,1,0,2,0,15,2,1,0,0,1,0,0,0,1,0,0
1585,pixel_transfer,1,1,1,1,0,2,0,15,2,1,0,0,1,0,0,0,1,0,0
1586,line_marker,0,1,0,1,1,2,2,15,2,1,0,0,1,0,0,1,1,0,0
1587,pixel_transfer,1,1,1,1,0,0,0,15,2,1,0,0,1,0,0,1,1,0,0
1588,pixel_transfer,1,1,1,1,0,1,0,15,2,1,0,0,1,0,0,0,1,0,0
1589,pixel_transfer,1,1,1,1,0,1,0,15,2,1,0,0,1,0,0,0,1,0,0
1590,pixel_transfer,1,1,1,1,0,1,0,15,3,1,0,0,1,0,0,0,1,0,0
1591,pixel_transfer,1,1,1,1,0,1,0,15,2,1,0,1,1,0,0,0,1,0,0
1592,pixel_transfer,1,1,1,1,0,1,0,15,2,1,0,0,1,0,0,0,1,0,0
1593,pixel_transfer,1,1,1,1,0,1,0,15,3,1,0,0,1,0,0,0,1,0,0
1594,pixel_transfer,1,1,1,1,0,1,0,15,3,1,0,1,1,0,0,0,1,0,0
1595,pixel_transfer,1,1,1,1,0,1,0,15,2,1,0,1,1,0,0,0,1,0,0
1596,pixel_transfer,1,1,1,1,0,1,0,15,2,1,0,0,1,0,0,0,1,0,0
1597,pixel_transfer,1,1,1,1,0,1,0,15,3,1,0,0,1,0,0,0,1,0,0
1598,pixel_transfer,1,1,1,1,0,1,0,15,2,1,0,1,1,0,0,0,1,0,0
1599,pixel_transfer,1,1,1,1,0,1,0,15,2,1,0,0,1,0,0,0,1,0,0
1600,pixel_transfer,1,1,1,1,0,1,0,15,2,1,0,0,1,0,0,0,1,0,0
1601,pixel_transfer,1,1,1,1,0,1,0,15,3,1,0,0,1,0,0,0,1,0,0
1602,pixel_transfer,1,1,1,1,0,1,0,15,2,1,0,1,1,0,0,0,1,0,0
1603,pixel_transfer,1,1,1,1,0,1,0,15,2,1,0,0,1,0,0,1,1,0,0
1604,pixel_transfer,1,1,1,1,0,1,0,15,3,1,0,0,1,0,0,1,1,0,0
1605,pixel_transfer,1,1,1,1,0,1,0,15,2,1,0,1,1,0,0,0,1,0,0
1606,pixel_transfer,1,1,1,1,0,1,0,15,2,1,0,0,1,0,0,0,1,0,0
1607,pixel_transfer,1,1,1,1,0,1,0,15,3,1,0,0,1,0,0,0,1,0,0
1608,pixel_transfer,1,1,1,1,0,1,0,15,3,1,0,1,1,0,0,0,1,0,0
1609,pixel_transfer,1,1,1,1,0,1,0,15,3,1,0,1,1,0,0,0,1,0,0
1610,pixel_transfer,1,1,1,1,0,1,0,15,2,1,0,1,1,0,0,0,1,0,0
1611,pixel_transfer,1,1,1,1,0,1,1,15,2,1,0,0,1,0,0,0,1,0,0
1612,pixel_transfer,1,1,1,1,0,2,0,15,2,1,0,0,1,0,0,0,1,0,0
1613,pixel_transfer,1,1,1,1,0,2,0,15,3,1,0,0,1,0,0,0,1,0,0
1614,pixel_transfer,1,1,1,1,0,2,0,15,3,1,0,1,1,0,0,1,1,0,0
1615,pixel_transfer,1,1,1,1,0,2,0,15,2,1,0,1,1,0,0,1,1,0,0
1616,pixel_transfer,1,1,1,1,0,2,0,15,2,1,0,0,1,0,0,0,1,0,0
1617,pixel_transfer,1,1,1,1,0,2,0,15,2,1,0,0,1,0,0,0,1,0,0
1618,pixel_transfer,1,1,1,1,0,2,0,15,3,1,0,0,1,0,0,0,1,0,0
1619,pixel_transfer,1,1,1,1,0,2,0,15,2,1,0,1,1,0,0,0,1,0,0
1620,pixel_transfer,1,1,1,1,0,2,0,15,2,1,0,0,1,0,0,0,1,0,0
1621,pixel_transfer,1,1,1,1,0,2,0,15,3,1,0,0,1,0,0,0,1,0,0
1622,pixel_transfer,1,1,1,1,0,2,0,15,2,1,0,1,1,0,0,0,1,0,0
1623,pixel_transfer,1,1,1,1,0,2,0,15,2,1,0,0,1,0,0,0,1,0,0
1624,pixel_transfer,1,1,1,1,0,2,0,15,3,1,0,0,1,0,0,1,1,0,0
1625,pixel_transfer,1,1,1,1,0,2,0,15,3,1,0,1,1,0,0,1,1,0,0
1626,pixel_transfer,1,1,1,1,0,2,0,15,2,1,0,1,1,0,0,0,1,0,0
1627,pixel_transfer,1,1,1,1,0,2,0,15,2,1,0,0,1,0,0,0,1,0,0
1628,pixel_transfer,1,1,1,1,0,2,0,15,3,1,0,0,1,0,0,0,1,0,0
1629,pixel_transfer,1,1,1,1,0,2,0,15,3,1,0,1,1,0,0,0,1,0,0
1630,pixel_transfer,1,1,1,1,0,2,0,15,2,1,0,1,1,0,0,0,1,0,0
1631,pixel_transfer,1,1,1,1,0,2,0,15,2,1,0,0,1,0,0,0,1,0,0
1632,pixel_transfer,1,1,1,1,0,2,0,15,2,1,0,0,1,0,0,0,1,0,0
1633,pixel_transfer,1,1,1,1,0,2,0,15,2,1,0,0,1,0,0,0,1,0,0
1634,pixel_transfer,1,1,1,1,0,2,0,15,2,1,0,0,1,0,0,1,1,0,0
1635,line_marker,0,1,0,1,1,2,2,15,2,1,0,0,1,0,0,1,1,0,0
1636,pixel_transfer,1,1,1,1,0,0,0,15,3,1,0,0,1,0,0,0,1,0,0
1637,pixel_transfer,1,1,1,1,0,1,0,15,2,1,0,1,1,0,0,0,1,0,0
1638,pixel_transfer,1,1,1,1,0,1,0,15,2,1,0,0,1,0,0,0,1,0,0
1639,pixel_transfer,1,1,1,1,0,1,0,15,3,1,0,0,1,0,0,0,1,0,0
1640,pixel_transfer,1,1,1,1,0,1,0,15,2,1,0,1,1,0,0,0,1,0,0
1641,pixel_transfer,1,1,1,1,0,1,0,15,2,1,0,0,1,0,0,0,1,0,0
1642,pixel_transfer,1,1,1,1,0,1,0,15,2,1,0,0,1,0,0,0,1,0,0
1643,pixel_transfer,1,1,1,1,0,1,0,15,3,1,0,0,1,0,0,0,1,0,0
1644,pixel_transfer,1,1,1,1,0,1,0,15,2,1,0,1,1,0,0,0,1,0,0
1645,pixel_transfer,1,1,1,1,0,1,0,15,2,1,0,0,1,0,0,0,1,0,0
1646,pixel_transfer,1,1,1,1,0,1,0,15,3,1,0,0,1,0,0,0,1,0,0
1647,pixel_transfer,1,1,1,1,0,1,0,15,2,1,0,1,1,0,0,0,1,0,0
1648,pixel_transfer,1,1,1,1,0,1,0,15,2,1,0,0,1,0,0,0,1,0,0
1649,pixel_transfer,1,1,1,1,0,1,0,15,3,1,0,0,1,0,0,1,1,0,0
1650,pixel_transfer,1,1,1,1,0,1,0,15,3,1,0,1,1,0,0,1,1,0,0
1651,pixel_transfer,1,1,1,1,0,1,0,15,3,1,0,1,1,0,0,0,1,0,0
1652,pixel_transfer,1,1,1,1,0,1,0,15,2,1,0,1,1,0,0,0,1,0,0
1653,pixel_transfer,1,1,1,1,0,1,0,15,2,1,0,0,1,0,0,0,1,0,0
1654,pixel_transfer,1,1,1,1,0,1,0,15,3,1,0,0,1,0,0,0,1,0,0
1655,pixel_transfer,1,1,1,1,0,1,0,15,2,1,0,1,1,0,0,0,1,0,0
1656,pixel_transfer,1,1,1,1,0,1,0,15,2,1,0,0,1,0,0,0,1,0,0
1657,pixel_transfer,1,1,1,1,0,1,0,15,3,1,0,0,1,0,0,1,1,0,0
1658,pixel_transfer,1,1,1,1,0,1,0,15,2,1,0,1,1,0,0,1,1,0,0
1659,pixel_transfer,1,1,1,1,0,1,0,15,2,1,0,0,1,0,0,0,1,0,0
1660,pixel_transfer,1,1,1,1,0,1,1,15,3,1,0,0,1,0,0,0,1,0,0
1661,pixel_transfer,1,1,1,1,0,2,0,15,3,1,0,1,1,0,0,0,1,0,0
1662,pixel_transfer,1,1,1,1,0,2,0,15,2,1,0,1,1,0,0,0,1,0,0
1663,pixel_transfer,1,1,1,1,0,2,0,15,2,1,0,0,1,0,0,0,1,0,0
1664,pixel_transfer,1,1,1,1,0,2,0,15,2,1,0,0,1,0,0,0,1,0,0
1665,pixel_transfer,1,1,1,1,0,2,0,15,2,1,0,0,1,0,0,0,1,0,0
1666,pixel_transfer,1,1,1,1,0,2,0,15,2,1,0,0,1,0,0,0,1,0,0
1667,pixel_transfer,1,1,1,1,0,2,0,15,2,1,0,0,1,0,0,1,1,0,0
1668,pixel_transfer,1,1,1,1,0,2,0,15,2,1,0,0,1,0,0,1,1,0,0
1669,pixel_transfer,1,1,1,1,0,2,0,15,2,1,0,0,1,0,0,0,1,0,0
1670,pixel_transfer,1,1,1,1,0,2,0,15,2,1,0,0,1,0,0,0,1,0,0
1671,pixel_transfer,1,1,1,1,0,2,0,15,2,1,0,0,1,0,0,0,1,0,0
1672,pixel_transfer,1,1,1,1,0,2,0,15,3,1,0,0,1,0,0,0,1,0,0
1673,pixel_transfer,1,1,1,1,0,2,0,15,2,1,0,1,1,0,0,0,1,0,0
1674,pixel_transfer,1,1,1,1,0,2,0,15,2,1,0,0,1,0,0,0,1,0,0
1675,pixel_transfer,1,1,1,1,0,2,0,15,3,1,0,0,1,0,0,0,1,0,0
1676,pixel_transfer,1,1,1,1,0,2,0,15,2,1,0,1,1,0,0,0,1,0,0
1677,pixel_transfer,1,1,1,1,0,2,0,15,2,1,0,0,1,0,0,0,1,0,0
1678,pixel_transfer,1,1,1,1,0,2,0,15,3,1,0,0,1,0,0,0,1,0,0
1679,pixel_transfer,1,1,1,1,0,2,0,15,3,1,0,1,1,0,0,0,1,0,0
1680,pixel_transfer,1,1,1,1,0,2,0,15,2,1,0,1,1,0,0,0,1,0,0
1681,pixel_transfer,1,1,1,1,0,2,0,15,2,1,0,0,1,0,0,0,1,0,0
1682,pixel_transfer,1,1,1,1,0,2,0,15,2,1,0,0,1,0,0,0,1,0,0
1683,pixel_transfer,1,1,1,1,0,2,0,15,3,1,0,0,1,0,0,0,1,0,0
1684,line_marker,0,1,0,1,1,2,2,15,2,1,0,1,1,0,0,0,1,0,0
1685,pixel_transfer,1,1,1,1,0,0,0,15,2,1,0,0,1,0,0,1,1,0,0
1686,pixel_transfer,1,1,1,1,0,1,0,15,2,1,0,0,1,0,0,1,1,0,0
1687,pixel_transfer,1,1,1,1,0,1,0,15,3,1,0,0,1,0,0,0,1,0,0
1688,pixel_transfer,1,1,1,1,0,1,0,15,3,1,0,1,1,0,0,0,1,0,0
1689,pixel_transfer,1,1,1,1,0,1,0,15,2,1,0,1,1,0,0,0,1,0,0
1690,pixel_transfer,1,1,1,1,0,1,0,15,2,1,0,0,1,0,0,0,1,0,0
1691,pixel_transfer,1,1,1,1,0,1,0,15,2,1,0,0,1,0,0,0,1,0,0
1692,pixel_transfer,1,1,1,1,0,1,0,15,3,1,0,0,1,0,0,0,1,0,0
1693,pixel_transfer,1,1,1,1,0,1,0,15,2,1,0,1,1,0,0,0,1,0,0
1694,pixel_transfer,1,1,1,1,0,1,0,15,2,1,0,0,1,0,0,0,1,0,0
1695,pixel_transfer,1,1,1,1,0,1,0,15,3,1,0,0,1,0,0,0,1,0,0
1696,pixel_transfer,1,1,1,1,0,1,0,15,3,1,0,1,1,0,0,0,1,0,0
1697,pixel_transfer,1,1,1,1,0,1,0,15,2,1,0,1,1,0,0,0,1,0,0
1698,pixel_transfer,1,1,1,1,0,1,0,15,2,1,0,0,1,0,0,1,1,0,0
1699,pixel_transfer,1,1,1,1,0,1,0,15,3,1,0,0,1,0,0,1,1,0,0
1700,pixel_transfer,1,1,1,1,0,1,0,15,3,1,0,1,1,0,0,0,1,0,0
1701,pixel_transfer,1,1,1,1,0,1,0,15,2,1,0,1,1,0,0,0,1,0,0
1702,pixel_transfer,1,1,1,1,0,1,0,15,2,1,0,0,1,0,0,0,1,0,0
1703,pixel_transfer,1,1,1,1,0,1,0,15,3,1,0,0,1,0,0,0,1,0,0
1704,pixel_transfer,1,1,1,1,0,1,0,15,2,1,0,1,1,0,0,0,1,0,0
1705,pixel_transfer,1,1,1,1,0,1,0,15,2,1,0,0,1,0,0,0,1,0,0
1706,pixel_transfer,1,1,1,1,0,1,0,15,3,1,0,0,1,0,0,1,1,0,0
1707,pixel_transfer,1,1,1,1,0,1,0,15,3,1,0,1,1,0,0,1,1,0,0
1708,pixel_transfer,1,1,1,1,0,1,0,15,2,1,0,1,1,0,0,0,1,0,0
1709,pixel_transfer,1,1,1,1,0,1,1,15,2,1,0,0,1,0,0,0,1,0,0
1710,pixel_transfer,1,1,1,1,0,2,0,15,2,1,0,0,1,0,0,0,1,0,0
1711,pixel_transfer,1,1,1,1,0,2,0,15,3,1,0,0,1,0,0,0,1,0,0
1712,pixel_transfer,1,1,1,1,0,2,0,15,2,1,0,1,1,0,0,0,1,0,0
1713,pixel_transfer,1,1,1,1,0,2,0,15,2,1,0,0,1,0,0,0,1,0,0
1714,pixel_transfer,1,1,1,1,0,2,0,15,3,1,0,0,1,0,0,0,1,0,0
1715,pixel_transfer,1,1,1,1,0,2,0,15,3,1,0,1,1,0,0,0,1,0,0
1716,pixel_transfer,1,1,1,1,0,2,0,15,2,1,0,1,1,0,0,0,1,0,0
1717,pixel_transfer,1,1,1,1,0,2,0,15,2,1,0,0,1,0,0,1,1,0,0
1718,pixel_transfer,1,1,1,1,0,2,0,15,2,1,0,0,1,0,0,1,1,0,0
1719,pixel_transfer,1,1,1,1,0,2,0,15,2,1,0,0,1,0,0,0,1,0,0
1720,pixel_transfer,1,1,1,1,0,2,0,15,2,1,0,0,1,0,0,0,1,0,0
1721,pixel_transfer,1,1,1,1,0,2,0,15,2,1,0,0,1,0,0,0,1,0,0
1722,pixel_transfer,1,1,1,1,0,2,0,15,2,1,0,0,1,0,0,0,1,0,0
1723,pixel_transfer,1,1,1,1,0,2,0,15,2,1,0,0,1,0,0,0,1,0,0
1724,pixel_transfer,1,1,1,1,0,2,0,15,2,1,0,0,1,0,0,0,1,0,0
1725,pixel_transfer,1,1,1,1,0,2,0,15,2,1,0,0,1,0,0,0,1,0,0
1726,pixel_transfer,1,1,1,1,0,2,0,15,2,1,0,0,1,0,0,0,1,0,0
1727,pixel_transfer,1,1,1,1,0,2,0,15,2,1,0,0,1,0,0,0,1,0,0
1728,pixel_transfer,1,1,1,1,0,2,0,15,2,1,0,0,1,0,0,0,1,0,0
1729,pixel_transfer,1,1,1,1,0,2,0,15,2,1,0,0,1,0,0,0,1,0,0
1730,pixel_transfer,1,1,1,1,0,2,0,15,2,1,0,0,1,0,0,0,1,0,0
1731,pixel_transfer,1,1,1,1,0,2,0,15,2,1,0,0,1,0,0,0,1,0,0
1732,pixel_transfer,1,1,1,1,0,2,0,15,3,1,0,0,1,0,0,0,1,0,0
1733,line_marker,0,1,0,1,1,2,2,15,2,1,0,1,1,0,0,0,1,0,0
1734,pixel_transfer,1,1,1,1,0,0,0,15,2,1,0,0,1,0,0,0,1,0,0
1735,pixel_transfer,1,1,1,1,0,1,0,15,3,1,0,0,1,0,0,0,1,0,0
1736,pixel_transfer,1,1,1,1,0,1,0,15,3,1,0,1,1,0,0,0,1,0,0
1737,pixel_transfer,1,1,1,1,0,1,0,15,2,1,0,1,1,0,0,0,1,0,0
1738,pixel_transfer,1,1,1,1,0,1,0,15,2,1,0,0,1,0,0,0,1,0,0
1739,pixel_transfer,1,1,1,1,0,1,0,15,2,1,0,0,1,0,0,0,1,0,0
1740,pixel_transfer,1,1,1,1,0,1,0,15,3,1,0,0,1,0,0,0,1,0,0
1741,pixel_transfer,1,1,1,1,0,1,0,15,2,1,0,1,1,0,0,1,1,0,0
1742,pixel_transfer,1,1,1,1,0,1,0,15,2,1,0,0,1,0,0,1,1,0,0
1743,pixel_transfer,1,1,1,1,0,1,0,15,3,1,0,0,1,0,0,0,1,0,0
1744,pixel_transfer,1,1,1,1,0,1,0,15,2,1,0,1,1,0,0,0,1,0,0
1745,pixel_transfer,1,1,1,1,0,1,0,15,2,1,0,0,1,0,0,0,1,0,0
1746,pixel_transfer,1,1,1,1,0,1,0,15,3,1,0,0,1,0,0,0,1,0,0
1747,pixel_transfer,1,1,1,1,0,1,0,15,3,1,0,1,1,0,0,0,1,0,0
1748,pixel_transfer,1,1,1,1,0,1,0,15,2,1,0,1,1,0,0,0,1,0,0
1749,pixel_transfer,1,1,1,1,0,1,0,15,2,1,0,0,1,0,0,0,1,0,0
1750,pixel_transfer,1,1,1,1,0,1,0,15,3,1,0,0,1,0,0,0,1,0,0
1751,pixel_transfer,1,1,1,1,0,1,0,15,2,1,0,1,1,0,0,0,1,0,0
1752,pixel_transfer,1,1,1,1,0,1,0,15,2,1,0,0,1,0,0,1,1,0,0
1753,pixel_transfer,1,1,1,1,0,1,0,15,3,1,0,0,1,0,0,1,1,0,0
1754,pixel_transfer,1,1,1,1,0,1,0,15,2,1,0,1,1,0,0,0,1,0,0
1755,pixel_transfer,1,1,1,1,0,1,0,15,2,1,0,0,1,0,0,0,1,0,0
1756,pixel_transfer,1,1,1,1,0,1,0,15,3,1,0,0,1,0,0,0,1,0,0
1757,pixel_transfer,1,1,1,1,0,1,0,15,2,1,0,1,1,0,0,0,1,0,0
1758,pixel_transfer,1,1,1,1,0,1,1,15,2,1,0,0,1,0,0,0,1,0,0
1759,pixel_transfer,1,1,1,1,0,2,0,15,3,1,0,0,1,0,0,0,1,0,0
1760,pixel_transfer,1,1,1,1,0,2,0,15,2,1,0,1,1,0,0,0,1,0,0
1761,pixel_transfer,1,1,1,1,0,2,0,15,2,1,0,0,1,0,0,0,1,0,0
1762,pixel_transfer,1,1,1,1,0,2,0,15,3,1,0,0,1,0,0,1,1,0,0
1763,pixel_transfer,1,1,1,1,0,2,0,15,2,1,0,1,1,0,0,1,1,0,0
1764,pixel_transfer,1,1,1,1,0,2,0,15,2,1,0,0,1,0,0,0,1,0,0
1765,pixel_transfer,1,1,1,1,0,2,0,15,3,1,0,0,1,0,0,0,1,0,0
1766,pixel_transfer,1,1,1,1,0,2,0,15,3,1,0,1,1,0,0,0,1,0,0
1767,pixel_transfer,1,1,1,1,0,2,0,15,3,1,0,1,1,0,0,0,1,0,0
1768,pixel_transfer,1,1,1,1,0,2,0,15,2,1,0,1,1,0,0,0,1,0,0
1769,pixel_transfer,1,1,1,1,0,2,0,15,2,1,0,0,1,0,0,0,1,0,0
1770,pixel_transfer,1,1,1,1,0,2,0,15,3,1,0,0,1,0,0,0,1,0,0
1771,pixel_transfer,1,1,1,1,0,2,0,15,2,1,0,1,1,0,0,0,1,0,0
1772,pixel_transfer,1,1,1,1,0,2,0,15,2,1,0,0,1,0,0,1,1,0,0
1773,pixel_transfer,1,1,1,1,0,2,0,15,3,1,0,0,1,0,0,1,1,0,0
1774,pixel_transfer,1,1,1,1,0,2,0,15,2,1,0,1,1,0,0,0,1,0,0
1775,pixel_transfer,1,1,1,1,0,2,0,15,2,1,0,0,1,0,0,0,1,0,0
1776,pixel_transfer,1,1,1,1,0,2,0,15,3,1,0,0,1,0,0,0,1,0,0
1777,pixel_transfer,1,1,1,1,0,2,0,15,2,1,0,1,1,0,0,0,1,0,0
1778,pixel_transfer,1,1,1,1,0,2,0,15,2,1,0,0,1,0,0,0,1,0,0
1779,pixel_transfer,1,1,1,1,0,2,0,15,2,1,0,0,1,0,0,0,1,0,0
1780,pixel_transfer,1,1,1,1,0,2,0,15,2,1,0,0,1,0,0,0,1,0,0
1781,pixel_transfer,1,1,1,1,0,2,0,15,2,1,0,0,1,0,0,0,1,0,0
1782,line_marker,0,1,0,1,1,2,2,15,2,1,0,0,1,0,0,1,1,0,0
1783,pixel_transfer,1,1,1,1,0,0,0,15,3,1,0,0,1,0,0,1,1,0,0
1784,pixel_transfer,1,1,1,1,0,1,0,15,2,1,0,1,1,0,0,0,1,0,0
1785,pixel_transfer,1,1,1,1,0,1,0,15,2,1,0,0,1,0,0,0,1,0,0
1786,pixel_transfer,1,1,1,1,0,1,0,15,3,1,0,0,1,0,0,0,1,0,0
1787,pixel_transfer,1,1,1,1,0,1,0,15,3,1,0,1,1,0,0,0,1,0,0
1788,pixel_transfer,1,1,1,1,0,1,0,15,2,1,0,1,1,0,0,0,1,0,0
1789,pixel_transfer,1,1,1,1,0,1,0,15,2,1,0,0,1,0,0,0,1,0,0
1790,pixel_transfer,1,1,1,1,0,1,0,15,2,1,0,0,1,0,0,0,1,0,0
1791,pixel_transfer,1,1,1,1,0,1,0,15,2,1,0,0,1,0,0,0,1,0,0
1792,pixel_transfer,1,1,1,1,0,1,0,15,2,1,0,0,1,0,0,0,1,0,0
1793,pixel_transfer,1,1,1,1,0,1,0,15,2,1,0,0,1,0,0,0,1,0,0
1794,pixel_transfer,1,1,1,1,0,1,0,15,2,1,0,0,1,0,0,0,1,0,0
1795,pixel_transfer,1,1,1,1,0,1,0,15,3,1,0,0,1,0,0,0,1,0,0
1796,pixel_transfer,1,1,1,1,0,1,0,15,3,1,0,1,1,0,0,0,1,0,0
1797,pixel_transfer,1,1,1,1,0,1,0,15,2,1,0,1,1,0,0,0,1,0,0
1798,pixel_transfer,1,1,1,1,0,1,0,15,2,1,0,0,1,0,0,0,1,0,0
1799,pixel_transfer,1,1,1,1,0,1,0,15,3,1,0,0,1,0,0,0,1,0,0
1800,pixel_transfer,1,1,1,1,0,1,0,15,2,1,0,1,1,0,0,0,1,0,0
1801,pixel_transfer,1,1,1,1,0,1,0,15,2,1,0,0,1,0,0,1,1,0,0
1802,pixel_transfer,1,1,1,1,0,1,0,15,3,1,0,0,1,0,0,1,1,0,0
1803,pixel_transfer,1,1,1,1,0,1,0,15,3,1,0,1,1,0,0,0,1,0,0
1804,pixel_transfer,1,1,1,1,0,1,0,15,2,1,0,1,1,0,0,0,1,0,0
1805,pixel_transfer,1,1,1,1,0,1,0,15,2,1,0,0,1,0,0,0,1,0,0
1806,pixel_transfer,1,1,1,1,0,1,0,15,3,1,0,0,1,0,0,0,1,0,0
1807,pixel_transfer,1,1,1,1,0,1,1,15,2,1,0,1,1,0,0,0,1,0,0
1808,pixel_transfer,1,1,1,1,0,2,0,15,2,1,0,0,1,0,0,0,1,0,0
1809,pixel_transfer,1,1,1,1,0,2,0,15,3,1,0,0,1,0,0,1,1,0,0
1810,pixel_transfer,1,1,1,1,0,2,0,15,3,1,0,1,1,0,0,1,1,0,0
1811,pixel_transfer,1,1,1,1,0,2,0,15,2,1,0,1,1,0,0,0,1,0,0
1812,pixel_transfer,1,1,1,1,0,2,0,15,2,1,0,0,1,0,0,0,1,0,0
1813,pixel_transfer,1,1,1,1,0,2,0,15,2,1,0,0,1,0,0,0,1,0,0
1814,pixel_transfer,1,1,1,1,0,2,0,15,2,1,0,0,1,0,0,0,1,0,0
1815,pixel_transfer,1,1,1,1,0,2,0,15,2,1,0,0,1,0,0,0,1,0,0
1816,pixel_transfer,1,1,1,1,0,2,0,15,2,1,0,0,1,0,0,0,1,0,0
1817,pixel_transfer,1,1,1,1,0,2,0,15,2,1,0,0,1,0,0,0,1,0,0
1818,pixel_transfer,1,1,1,1,0,2,0,15,2,1,0,0,1,0,0,0,1,0,0
1819,pixel_transfer,1,1,1,1,0,2,0,15,2,1,0,0,1,0,0,0,1,0,0
1820,pixel_transfer,1,1,1,1,0,2,0,15,2,1,0,0,1,0,0,0,1,0,0
1821,pixel_transfer,1,1,1,1,0,2,0,15,2,1,0,0,1,0,0,0,1,0,0
1822,pixel_transfer,1,1,1,1,0,2,0,15,2,1,0,0,1,0,0,0,1,0,0
1823,pixel_transfer,1,1,1,1,0,2,0,15,2,1,0,0,1,0,0,0,1,0,0
1824,pixel_transfer,1,1,1,1,0,2,0,15,2,1,0,0,1,0,0,0,1,0,0
1825,pixel_transfer,1,1,1,1,0,2,0,15,3,1,0,0,1,0,0,0,1,0,0
1826,pixel_transfer,1,1,1,1,0,2,0,15,2,1,0,1,1,0,0,0,1,0,0
1827,pixel_transfer,1,1,1,1,0,2,0,15,2,1,0,0,1,0,0,0,1,0,0
1828,pixel_transfer,1,1,1,1,0,2,0,15,3,1,0,0,1,0,0,0,1,0,0
1829,pixel_transfer,1,1,1,1,0,2,0,15,3,1,0,1,1,0,0,0,1,0,0
1830,pixel_transfer,1,1,1,1,0,2,0,15,2,1,0,1,1,0,0,0,1,0,0
1831,line_marker,0,1,0,1,1,2,2,15,2,1,0,0,1,0,0,1,1,0,0
1832,pixel_transfer,1,1,1,1,0,0,0,15,3,1,0,0,1,0,0,1,1,0,0
1833,pixel_transfer,1,1,1,1,0,1,0,15,2,1,0,1,1,0,0,0,1,0,0
1834,pixel_transfer,1,1,1,1,0,1,0,15,2,1,0,0,1,0,0,0,1,0,0
1835,pixel_transfer,1,1,1,1,0,1,0,15,3,1,0,0,1,0,0,0,1,0,0
1836,pixel_transfer,1,1,1,1,0,1,0,15,2,1,0,1,1,0,0,0,1,0,0
1837,pixel_transfer,1,1,1,1,0,1,0,15,2,1,0,0,1,0,0,0,1,0,0
1838,pixel_transfer,1,1,1,1,0,1,0,15,3,1,0,0,1,0,0,0,1,0,0
1839,pixel_transfer,1,1,1,1,0,1,0,15,3,1,0,1,1,0,0,0,1,0,0
1840,pixel_transfer,1,1,1,1,0,1,0,15,3,1,0,1,1,0,0,0,1,0,0
1841,pixel_transfer,1,1,1,1,0,1,0,15,2,1,0,1,1,0,0,1,1,0,0
1842,pixel_transfer,1,1,1,1,0,1,0,15,2,1,0,0,1,0,0,1,1,0,0
1843,pixel_transfer,1,1,1,1,0,1,0,15,3,1,0,0,1,0,0,0,1,0,0
1844,pixel_transfer,1,1,1,1,0,1,0,15,2,1,0,1,1,0,0,0,1,0,0
1845,pixel_transfer,1,1,1,1,0,1,0,15,2,1,0,0,1,0,0,0,1,0,0
1846,pixel_transfer,1,1,1,1,0,1,0,15,3,1,0,0,1,0,0,0,1,0,0
1847,pixel_transfer,1,1,1,1,0,1,0,15,2,1,0,1,1,0,0,0,1,0,0
1848,pixel_transfer,1,1,1,1,0,1,0,15,2,1,0,0,1,0,0,0,1,0,0
1849,pixel_transfer,1,1,1,1,0,1,0,15,3,1,0,0,1,0,0,1,1,0,0
1850,pixel_transfer,1,1,1,1,0,1,0,15,2,1,0,1,1,0,0,1,1,0,0
1851,pixel_transfer,1,1,1,1,0,1,0,15,2,1,0,0,1,0,0,0,1,0,0
1852,pixel_transfer,1,1,1,1,0,1,0,15,3,1,0,0,1,0,0,0,1,0,0
1853,pixel_transfer,1,1,1,1,0,1,0,15,2,1,0,1,1,0,0,0,1,0,0
1854,pixel_transfer,1,1,1,1,0,1,0,15,2,1,0,0,1,0,0,0,1,0,0
1855,pixel_transfer,1,1,1,1,0,1,0,15,3,1,0,0,1,0,0,0,1,0,0
1856,pixel_transfer,1,1,1,1,0,1,1,15,3,1,0,1,1,0,0,0,1,0,0
1857,pixel_transfer,1,1,1,1,0,2,0,15,3,1,0,1,1,0,0,0,1,0,0
1858,pixel_transfer,1,1,1,1,0,2,0,15,2,1,0,1,1,0,0,0,1,0,0
1859,pixel_transfer,1,1,1,1,0,2,0,15,2,1,0,0,1,0,0,0,1,0,0
1860,pixel_transfer,1,1,1,1,0,2,0,15,2,1,0,0,1,0,0,0,1,0,0
1861,pixel_transfer,1,1,1,1,0,2,0,15,3,1,0,0,1,0,0,1,1,0,0
1862,pixel_transfer,1,1,1,1,0,2,0,15,3,1,0,1,1,0,0,1,1,0,0
1863,pixel_transfer,1,1,1,1,0,2,0,15,2,1,0,1,1,0,0,0,1,0,0
1864,pixel_transfer,1,1,1,1,0,2,0,15,2,1,0,0,1,0,0,0,1,0,0
1865,pixel_transfer,1,1,1,1,0,2,0,15,2,1,0,0,1,0,0,0,1,0,0
1866,pixel_transfer,1,1,1,1,0,2,0,15,2,1,0,0,1,0,0,0,1,0,0
1867,pixel_transfer,1,1,1,1,0,2,0,15,2,1,0,0,1,0,0,0,1,0,0
1868,pixel_transfer,1,1,1,1,0,2,0,15,2,1,0,0,1,0,0,1,1,0,0
1869,pixel_transfer,1,1,1,1,0,2,0,15,2,1,0,0,1,0,0,1,1,0,0
1870,pixel_transfer,1,1,1,1,0,2,0,15,2,1,0,0,1,0,0,0,1,0,0
1871,pixel_transfer,1,1,1,1,0,2,0,15,2,1,0,0,1,0,0,0,1,0,0
1872,pixel_transfer,1,1,1,1,0,2,0,15,2,1,0,0,1,0,0,0,1,0,0
1873,pixel_transfer,1,1,1,1,0,2,0,15,2,1,0,0,1,0,0,0,1,0,0
1874,pixel_transfer,1,1,1,1,0,2,0,15,2,1,0,0,1,0,0,0,1,0,0
1875,pixel_transfer,1,1,1,1,0,2,0,15,2,1,0,0,1,0,0,0,1,0,0
1876,pixel_transfer,1,1,1,1,0,2,0,15,2,1,0,0,1,0,0,0,1,0,0
1877,pixel_transfer,1,1,1,1,0,2,0,15,2,1,0,0,1,0,0,0,1,0,0
1878,pixel_transfer,1,1,1,1,0,2,0,15,2,1,0,0,1,0,0,0,1,0,0
1879,pixel_transfer,1,1,1,1,0,2,0,15,2,1,0,0,1,0,0,0,1,0,0
1880,line_marker,0,1,0,1,1,2,2,15,2,1,0,0,1,0,0,0,1,0,0
1881,pixel_transfer,1,1,1,1,0,0,0,15,3,1,0,0,1,0,0,0,1,0,0
1882,pixel_transfer,1,1,1,1,0,1,0,15,2,1,0,1,1,0,0,0,1,0,0
1883,pixel_transfer,1,1,1,1,0,1,0,15,2,1,0,0,1,0,0,0,1,0,0
1884,pixel_transfer,1,1,1,1,0,1,0,15,3,1,0,0,1,0,0,0,1,0,0
1885,pixel_transfer,1,1,1,1,0,1,0,15,3,1,0,1,1,0,0,0,1,0,0
1886,pixel_transfer,1,1,1,1,0,1,0,15,2,1,0,1,1,0,0,0,1,0,0
1887,pixel_transfer,1,1,1,1,0,1,0,15,2,1,0,0,1,0,0,0,1,0,0
1888,pixel_transfer,1,1,1,1,0,1,0,15,3,1,0,0,1,0,0,0,1,0,0
1889,pixel_transfer,1,1,1,1,0,1,0,15,2,1,0,1,1,0,0,0,1,0,0
1890,pixel_transfer,1,1,1,1,0,1,0,15,2,1,0,0,1,0,0,0,1,0,0
1891,pixel_transfer,1,1,1,1,0,1,0,15,3,1,0,0,1,0,0,0,1,0,0
1892,pixel_transfer,1,1,1,1,0,1,0,15,2,1,0,1,1,0,0,0,1,0,0
1893,pixel_transfer,1,1,1,1,0,1,0,15,2,1,0,0,1,0,0,0,1,0,0
1894,pixel_transfer,1,1,1,1,0,1,0,15,3,1,0,0,1,0,0,1,1,0,0
1895,pixel_transfer,1,1,1,1,0,1,0,15,2,1,0,1,1,0,0,1,1,0,0
1896,pixel_transfer,1,1,1,1,0,1,0,15,2,1,0,0,1,0,0,0,1,0,0
1897,pixel_transfer,1,1,1,1,0,1,0,15,3,1,0,0,1,0,0,0,1,0,0
1898,pixel_transfer,1,1,1,1,0,1,0,15,2,1,0,1,1,0,0,0,1,0,0
1899,pixel_transfer,1,1,1,1,0,1,0,15,2,1,0,0,1,0,0,0,1,0,0
1900,pixel_transfer,1,1,1,1,0,1,0,15,3,1,0,0,1,0,0,0,1,0,0
1901,pixel_transfer,1,1,1,1,0,1,0,15,3,1,0,1,1,0,0,0,1,0,0
1902,pixel_transfer,1,1,1,1,0,1,0,15,3,1,0,1,1,0,0,0,1,0,0
1903,pixel_transfer,1,1,1,1,0,1,0,15,2,1,0,1,1,0,0,0,1,0,0
1904,pixel_transfer,1,1,1,1,0,1,0,15,2,1,0,0,1,0,0,0,1,0,0
1905,pixel_transfer,1,1,1,1,0,1,1,15,3,1,0,0,1,0,0,0,1,0,0
1906,pixel_transfer,1,1,1,1,0,2,0,15,2,1,0,1,1,0,0,1,1,0,0
1907,pixel_transfer,1,1,1,1,0,2,0,15,2,1,0,0,1,0,0,1,1,0,0
1908,pixel_transfer,1,1,1,1,0,2,0,15,3,1,0,0,1,0,0,0,1,0,0
1909,pixel_transfer,1,1,1,1,0,2,0,15,2,1,0,1,1,0,0,0,1,0,0
1910,pixel_transfer,1,1,1,1,0,2,0,15,2,1,0,0,1,0,0,0,1,0,0
1911,pixel_transfer,1,1,1,1,0,2,0,15,3,1,0,0,1,0,0,0,1,0,0
1912,pixel_transfer,1,1,1,1,0,2,0,15,2,1,0,1,1,0,0,0,1,0,0
1913,pixel_transfer,1,1,1,1,0,2,0,15,2,1,0,0,1,0,0,0,1,0,0
1914,pixel_transfer,1,1,1,1,0,2,0,15,3,1,0,0,1,0,0,1,1,0,0
1915,pixel_transfer,1,1,1,1,0,2,0,15,3,1,0,1,1,0,0,1,1,0,0
1916,pixel_transfer,1,1,1,1,0,2,0,15,2,1,0,1,1,0,0,0,1,0,0
1917,pixel_transfer,1,1,1,1,0,2,0,15,2,1,0,0,1,0,0,0,1,0,0
1918,pixel_transfer,1,1,1,1,0,2,0,15,3,1,0,0,1,0,0,0,1,0,0
1919,pixel_transfer,1,1,1,1,0,2,0,15,2,1,0,1,1,0,0,0,1,0,0
1920,pixel_transfer,1,1,1,1,0,2,0,15,2,1,0,0,1,0,0,0,1,0,0
1921,pixel_transfer,1,1,1,1,0,2,0,15,3,1,0,0,1,0,0,0,1,0,0
1922,pixel_transfer,1,1,1,1,0,2,0,15,2,1,0,1,1,0,0,0,1,0,0
1923,pixel_transfer,1,1,1,1,0,2,0,15,2,1,0,0,1,0,0,0,1,0,0
1924,pixel_transfer,1,1,1,1,0,2,0,15,2,1,0,0,1,0,0,1,1,0,0
1925,pixel_transfer,1,1,1,1,0,2,0,15,2,1,0,0,1,0,0,1,1,0,0
1926,pixel_transfer,1,1,1,1,0,2,0,15,2,1,0,0,1,0,0,0,1,0,0
1927,pixel_transfer,1,1,1,1,0,2,0,15,2,1,0,0,1,0,0,0,1,0,0
1928,pixel_transfer,1,1,1,1,0,2,0,15,2,1,0,0,1,0,0,0,1,0,0
1929,line_marker,0,1,0,1,1,2,2,15,2,1,0,0,1,0,0,0,1,0,0
1930,pixel_transfer,1,1,1,1,0,0,0,15,2,1,0,0,1,0,0,0,1,0,0
1931,pixel_transfer,1,1,1,1,0,1,0,15,2,1,0,0,1,0,0,0,1,0,0
1932,pixel_transfer,1,1,1,1,0,1,0,15,2,1,0,0,1,0,0,0,1,0,0
1933,pixel_transfer,1,1,1,1,0,1,0,15,3,1,0,0,1,0,0,0,1,0,0
1934,pixel_transfer,1,1,1,1,0,1,0,15,2,1,0,1,1,0,0,0,1,0,0
1935,pixel_transfer,1,1,1,1,0,1,0,15,2,1,0,0,1,0,0,0,1,0,0
1936,pixel_transfer,1,1,1,1,0,1,0,15,3,1,0,0,1,0,0,0,1,0,0
1937,pixel_transfer,1,1,1,1,0,1,0,15,2,1,0,1,1,0,0,0,1,0,0
1938,pixel_transfer,1,1,1,1,0,1,0,15,2,1,0,0,1,0,0,0,1,0,0
1939,pixel_transfer,1,1,1,1,0,1,0,15,3,1,0,0,1,0,0,0,1,0,0
1940,pixel_transfer,1,1,1,1,0,1,0,15,2,1,0,1,1,0,0,0,1,0,0
1941,pixel_transfer,1,1,1,1,0,1,0,15,2,1,0,0,1,0,0,0,1,0,0
1942,pixel_transfer,1,1,1,1,0,1,0,15,3,1,0,0,1,0,0,0,1,0,0
1943,pixel_transfer,1,1,1,1,0,1,0,15,2,1,0,1,1,0,0,0,1,0,0
1944,pixel_transfer,1,1,1,1,0,1,0,15,2,1,0,0,1,0,0,0,1,0,0
1945,pixel_transfer,1,1,1,1,0,1,0,15,2,1,0,0,1,0,0,1,1,0,0
1946,pixel_transfer,1,1,1,1,0,1,0,15,3,1,0,0,1,0,0,1,1,0,0
1947,pixel_transfer,1,1,1,1,0,1,0,15,3,1,0,1,1,0,0,0,1,0,0
1948,pixel_transfer,1,1,1,1,0,1,0,15,3,1,0,1,1,0,0,0,1,0,0
1949,pixel_transfer,1,1,1,1,0,1,0,15,2,1,0,1,1,0,0,0,1,0,0
1950,pixel_transfer,1,1,1,1,0,1,0,15,2,1,0,0,1,0,0,0,1,0,0
1951,pixel_transfer,1,1,1,1,0,1,0,15,3,1,0,0,1,0,0,0,1,0,0
1952,pixel_transfer,1,1,1,1,0,1,0,15,3,1,0,1,1,0,0,0,1,0,0
1953,pixel_transfer,1,1,1,1,0,1,0,15,2,1,0,1,1,0,0,0,1,0,0
1954,pixel_transfer,1,1,1,1,0,1,1,15,2,1,0,0,1,0,0,1,1,0,0
1955,pixel_transfer,1,1,1,1,0,2,0,15,3,1,0,0,1,0,0,1,1,0,0
1956,pixel_transfer,1,1,1,1,0,2,0,15,2,1,0,1,1,0,0,0,1,0,0
1957,pixel_transfer,1,1,1,1,0,2,0,15,2,1,0,0,1,0,0,0,1,0,0
1958,pixel_transfer,1,1,1,1,0,2,0,15,3,1,0,0,1,0,0,0,1,0,0
1959,pixel_transfer,1,1,1,1,0,2,0,15,2,1,0,1,1,0,0,0,1,0,0
1960,pixel_transfer,1,1,1,1,0,2,0,15,2,1,0,0,1,0,0,0,1,0,0
1961,pixel_transfer,1,1,1,1,0,2,0,15,3,1,0,0,1,0,0,0,1,0,0
1962,pixel_transfer,1,1,1,1,0,2,0,15,2,1,0,1,1,0,0,0,1,0,0
1963,pixel_transfer,1,1,1,1,0,2,0,15,2,1,0,0,1,0,0,0,1,0,0
1964,pixel_transfer,1,1,1,1,0,2,0,15,2,1,0,0,1,0,0,1,1,0,0
1965,pixel_transfer,1,1,1,1,0,2,0,15,2,1,0,0,1,0,0,1,1,0,0
1966,pixel_transfer,1,1,1,1,0,2,0,15,3,1,0,0,1,0,0,0,1,0,0
1967,pixel_transfer,1,1,1,1,0,2,0,15,3,1,0,1,1,0,0,0,1,0,0
1968,pixel_transfer,1,1,1,1,0,2,0,15,2,1,0,1,1,0,0,0,1,0,0
1969,pixel_transfer,1,1,1,1,0,2,0,15,2,1,0,0,1,0,0,0,1,0,0
1970,pixel_transfer,1,1,1,1,0,2,0,15,3,1,0,0,1,0,0,0,1,0,0
1971,pixel_transfer,1,1,1,1,0,2,0,15,2,1,0,1,1,0,0,0,1,0,0
1972,pixel_transfer,1,1,1,1,0,2,0,15,2,1,0,0,1,0,0,0,1,0,0
1973,pixel_transfer,1,1,1,1,0,2,0,15,3,1,0,0,1,0,0,0,1,0,0
1974,pixel_transfer,1,1,1,1,0,2,0,15,2,1,0,1,1,0,0,0,1,0,0
1975,pixel_transfer,1,1,1,1,0,2,0,15,2,1,0,0,1,0,0,0,1,0,0
1976,pixel_transfer,1,1,1,1,0,2,0,15,3,1,0,0,1,0,0,1,1,0,0
1977,pixel_transfer,1,1,1,1,0,2,0,15,2,1,0,1,1,0,0,1,1,0,0
1978,line_marker,0,1,0,1,1,2,2,15,2,1,0,0,1,0,0,0,1,0,0
1979,pixel_transfer,1,1,1,1,0,0,0,15,2,1,0,0,1,0,0,0,1,0,0
1980,pixel_transfer,1,1,1,1,0,1,0,15,2,1,0,0,1,0,0,0,1,0,0
1981,pixel_transfer,1,1,1,1,0,1,0,15,2,1,0,0,1,0,0,0,1,0,0
1982,pixel_transfer,1,1,1,1,0,1,0,15,2,1,0,0,1,0,0,0,1,0,0
1983,pixel_transfer,1,1,1,1,0,1,0,15,3,1,0,0,1,0,0,0,1,0,0
1984,pixel_transfer,1,1,1,1,0,1,0,15,2,1,0,1,1,0,0,0,1,0,0
1985,pixel_transfer,1,1,1,1,0,1,0,15,2,1,0,0,1,0,0,0,1,0,0
1986,pixel_transfer,1,1,1,1,0,1,0,15,3,1,0,0,1,0,0,0,1,0,0
1987,pixel_transfer,1,1,1,1,0,1,0,15,2,1,0,1,1,0,0,0,1,0,0
1988,pixel_transfer,1,1,1,1,0,1,0,15,2,1,0,0,1,0,0,0,1,0,0
1989,pixel_transfer,1,1,1,1,0,1,0,15,3,1,0,0,1,0,0,0,1,0,0
1990,pixel_transfer,1,1,1,1,0,1,0,15,2,1,0,1,1,0,0,0,1,0,0
1991,pixel_transfer,1,1,1,1,0,1,0,15,2,1,0,0,1,0,0,0,1,0,0
1992,pixel_transfer,1,1,1,1,0,1,0,15,3,1,0,0,1,0,0,1,1,0,0
1993,pixel_transfer,1,1,1,1,0,1,0,15,3,1,0,1,1,0,0,1,1,0,0
1994,pixel_transfer,1,1,1,1,0,1,0,15,2,1,0,1,1,0,0,0,1,0,0
1995,pixel_transfer,1,1,1,1,0,1,0,15,2,1,0,0,1,0,0,0,1,0,0
1996,pixel_transfer,1,1,1,1,0,1,0,15,3,1,0,0,1,0,0,0,1,0,0
1997,pixel_transfer,1,1,1,1,0,1,0,15,3,1,0,1,1,0,0,0,1,0,0
1998,pixel_transfer,1,1,1,1,0,1,0,15,2,1,0,1,1,0,0,0,1,0,0
1999,pixel_transfer,1,1,1,1,0,1,0,15,2,1,0,0,1,0,0,0,1,0,0
2000,pixel_transfer,1,1,1,1,0,1,0,15,3,1,0,0,1,0,0,0,1,0,0
2001,pixel_transfer,1,1,1,1,0,1,0,15,2,1,0,1,1,0,0,0,1,0,0
2002,pixel_transfer,1,1,1,1,0,1,0,15,2,1,0,0,1,0,0,1,1,0,0
2003,pixel_transfer,1,1,1,1,0,1,1,15,3,1,0,0,1,0,0,1,1,0,0
2004,pixel_transfer,1,1,1,1,0,2,0,15,2,1,0,1,1,0,0,0,1,0,0
2005,pixel_transfer,1,1,1,1,0,2,0,15,2,1,0,0,1,0,0,0,1,0,0
2006,pixel_transfer,1,1,1,1,0,2,0,15,3,1,0,0,1,0,0,0,1,0,0
2007,pixel_transfer,1,1,1,1,0,2,0,15,2,1,0,1,1,0,0,0,1,0,0
2008,pixel_transfer,1,1,1,1,0,2,0,15,2,1,0,0,1,0,0,0,1,0,0
2009,pixel_transfer,1,1,1,1,0,2,0,15,3,1,0,0,1,0,0,0,1,0,0
2010,pixel_transfer,1,1,1,1,0,2,0,15,3,1,0,1,1,0,0,0,1,0,0
2011,pixel_transfer,1,1,1,1,0,2,0,15,2,1,0,1,1,0,0,0,1,0,0
2012,pixel_transfer,1,1,1,1,0,2,0,15,2,1,0,0,1,0,0,1,1,0,0
2013,pixel_transfer,1,1,1,1,0,2,0,15,2,1,0,0,1,0,0,1,1,0,0
2014,pixel_transfer,1,1,1,1,0,2,0,15,2,1,0,0,1,0,0,0,1,0,0
2015,pixel_transfer,1,1,1,1,0,2,0,15,2,1,0,0,1,0,0,0,1,0,0
2016,pixel_transfer,1,1,1,1,0,2,0,15,2,1,0,0,1,0,0,0,1,0,0
2017,pixel_transfer,1,1,1,1,0,2,0,15,2,1,0,0,1,0,0,0,1,0,0
2018,pixel_transfer,1,1,1,1,0,2,0,15,2,1,0,0,1,0,0,0,1,0,0
2019,pixel_transfer,1,1,1,1,0,2,0,15,2,1,0,0,1,0,0,0,1,0,0
2020,pixel_transfer,1,1,1,1,0,2,0,15,2,1,0,0,1,0,0,0,1,0,0
2021,pixel_transfer,1,1,1,1,0,2,0,15,2,1,0,0,1,0,0,0,1,0,0
2022,pixel_transfer,1,1,1,1,0,2,0,15,2,1,0,0,1,0,0,0,1,0,0
2023,pixel_transfer,1,1,1,1,0,2,0,15,3,1,0,0,1,0,0,0,1,0,0
2024,pixel_transfer,1,1,1,1,0,2,0,15,2,1,0,1,1,0,0,0,1,0,0
2025,pixel_transfer,1,1,1,1,0,2,0,15,2,1,0,0,1,0,0,0,1,0,0
2026,pixel_transfer,1,1,1,1,0,2,0,15,3,1,0,0,1,0,0,0,1,0,0
2027,line_marker,0,1,0,1,1,2,2,15,2,1,0,1,1,0,0,0,1,0,0
2028,pixel_transfer,1,1,1,1,0,0,0,15,2,1,0,0,1,0,0,0,1,0,0
2029,pixel_transfer,1,1,1,1,0,1,0,15,3,1,0,0,1,0,0,0,1,0,0
2030,pixel_transfer,1,1,1,1,0,1,0,15,3,1,0,1,1,0,0,0,1,0,0
2031,pixel_transfer,1,1,1,1,0,1,0,15,2,1,0,1,1,0,0,0,1,0,0
2032,pixel_transfer,1,1,1,1,0,1,0,15,2,1,0,0,1,0,0,1,1,0,0
2033,pixel_transfer,1,1,1,1,0,1,0,15,2,1,0,0,1,0,0,1,1,0,0
2034,pixel_transfer,1,1,1,1,0,1,0,15,3,1,0,0,1,0,0,0,1,0,0
2035,pixel_transfer,1,1,1,1,0,1,0,15,3,1,0,1,1,0,0,0,1,0,0
2036,pixel_transfer,1,1,1,1,0,1,0,15,2,1,0,1,1,0,0,0,1,0,0
2037,pixel_transfer,1,1,1,1,0,1,0,15,2,1,0,0,1,0,0,0,1,0,0
2038,pixel_transfer,1,1,1,1,0,1,0,15,3,1,0,0,1,0,0,0,1,0,0
2039,pixel_transfer,1,1,1,1,0,1,0,15,2,1,0,1,1,0,0,0,1,0,0
2040,pixel_transfer,1,1,1,1,0,1,0,15,2,1,0,0,1,0,0,0,1,0,0
2041,pixel_transfer,1,1,1,1,0,1,0,15,3,1,0,0,1,0,0,1,1,0,0
2042,pixel_transfer,1,1,1,1,0,1,0,15,2,1,0,1,1,0,0,1,1,0,0
2043,pixel_transfer,1,1,1,1,0,1,0,15,2,1,0,0,1,0,0,0,1,0,0
2044,pixel_transfer,1,1,1,1,0,1,0,15,3,1,0,0,1,0,0,0,1,0,0
2045,pixel_transfer,1,1,1,1,0,1,0,15,3,1,0,1,1,0,0,0,1,0,0
2046,pixel_transfer,1,1,1,1,0,1,0,15,2,1,0,1,1,0,0,0,1,0,0
2047,pixel_transfer,1,1,1,1,0,1,0,15,2,1,0,0,1,0,0,0,1,0,0
2048,pixel_transfer,1,1,1,1,0,1,0,15,3,1,0,0,1,0,0,0,1,0,0
2049,pixel_transfer,1,1,1,1,0,1,0,15,2,1,0,1,1,0,0,0,1,0,0
2050,pixel_transfer,1,1,1,1,0,1,0,15,2,1,0,0,1,0,0,0,1,0,0
2051,pixel_transfer,1,1,1,1,0,1,0,15,3,1,0,0,1,0,0,1,1,0,0
2052,pixel_transfer,1,1,1,1,0,1,1,15,2,1,0,1,1,0,0,1,1,0,0
2053,pixel_transfer,1,1,1,1,0,2,0,15,2,1,0,0,1,0,0,0,1,0,0
2054,pixel_transfer,1,1,1,1,0,2,0,15,3,1,0,0,1,0,0,0,1,0,0
2055,pixel_transfer,1,1,1,1,0,2,0,15,2,1,0,1,1,0,0,0,1,0,0
2056,pixel_transfer,1,1,1,1,0,2,0,15,2,1,0,0,1,0,0,0,1,0,0
2057,pixel_transfer,1,1,1,1,0,2,0,15,3,1,0,0,1,0,0,0,1,0,0
2058,pixel_transfer,1,1,1,1,0,2,0,15,3,1,0,1,1,0,0,0,1,0,0
2059,pixel_transfer,1,1,1,1,0,2,0,15,2,1,0,1,1,0,0,0,1,0,0
2060,pixel_transfer,1,1,1,1,0,2,0,15,2,1,0,0,1,0,0,0,1,0,0
2061,pixel_transfer,1,1,1,1,0,2,0,15,2,1,0,0,1,0,0,0,1,0,0
2062,pixel_transfer,1,1,1,1,0,2,0,15,2,1,0,0,1,0,0,0,1,0,0
2063,pixel_transfer,1,1,1,1,0,2,0,15,2,1,0,0,1,0,0,1,1,0,0
2064,pixel_transfer,1,1,1,1,0,2,0,15,3,1,0,0,1,0,0,1,1,0,0
2065,pixel_transfer,1,1,1,1,0,2,0,15,2,1,0,1,1,0,0,0,1,0,0
2066,pixel_transfer,1,1,1,1,0,2,0,15,2,1,0,0,1,0,0,0,1,0,0
2067,pixel_transfer,1,1,1,1,0,2,0,15,3,1,0,0,1,0,0,0,1,0,0
2068,pixel_transfer,1,1,1,1,0,2,0,15,3,1,0,1,1,0,0,0,1,0,0
2069,pixel_transfer,1,1,1,1,0,2,0,15,2,1,0,1,1,0,0,0,1,0,0
2070,pixel_transfer,1,1,1,1,0,2,0,15,2,1,0,0,1,0,0,0,1,0,0
2071,pixel_transfer,1,1,1,1,0,2,0,15,2,1,0,0,1,0,0,0,1,0,0
2072,pixel_transfer,1,1,1,1,0,2,0,15,2,1,0,0,1,0,0,0,1,0,0
2073,pixel_transfer,1,1,1,1,0,2,0,15,3,1,0,0,1,0,0,0,1,0,0
2074,pixel_transfer,1,1,1,1,0,2,0,15,3,1,0,1,1,0,0,1,1,0,0
2075,pixel_transfer,1,1,1,1,0,2,0,15,2,1,0,1,1,0,0,1,1,0,0
2076,line_marker,0,1,0,1,1,2,2,15,2,1,0,0,1,0,0,0,1,0,0
2077,pixel_transfer,1,1,1,1,0,0,0,15,2,1,0,0,1,0,0,0,1,0,0
2078,pixel_transfer,1,1,1,1,0,1,0,15,2,1,0,0,1,0,0,0,1,0,0
2079,pixel_transfer,1,1,1,1,0,1,0,15,2,1,0,0,1,0,0,0,1,0,0
2080,pixel_transfer,1,1,1,1,0,1,0,15,2,1,0,0,1,0,0,0,1,0,0
2081,pixel_transfer,1,1,1,1,0,1,0,15,3,1,0,0,1,0,0,0,1,0,0
2082,pixel_transfer,1,1,1,1,0,1,0,15,2,1,0,1,1,0,0,0,1,0,0
2083,pixel_transfer,1,1,1,1,0,1,0,15,2,1,0,0,1,0,0,0,1,0,0
2084,pixel_transfer,1,1,1,1,0,1,0,15,2,1,0,0,1,0,0,0,1,0,0
2085,pixel_transfer,1,1,1,1,0,1,0,15,3,1,0,0,1,0,0,0,1,0,0
2086,pixel_transfer,1,1,1,1,0,1,0,15,3,1,0,1,1,0,0,0,1,0,0
2087,pixel_transfer,1,1,1,1,0,1,0,15,2,1,0,1,1,0,0,0,1,0,0
2088,pixel_transfer,1,1,1,1,0,1,0,15,2,1,0,0,1,0,0,0,1,0,0
2089,pixel_transfer,1,1,1,1,0,1,0,15,3,1,0,0,1,0,0,0,1,0,0
2090,pixel_transfer,1,1,1,1,0,1,0,15,3,1,0,1,1,0,0,0,1,0,0
2091,pixel_transfer,1,1,1,1,0,1,0,15,2,1,0,1,1,0,0,1,1,0,0
2092,pixel_transfer,1,1,1,1,0,1,0,15,2,1,0,0,1,0,0,1,1,0,0
2093,pixel_transfer,1,1,1,1,0,1,0,15,3,1,0,0,1,0,0,0,1,0,0
2094,pixel_transfer,1,1,1,1,0,1,0,15,2,1,0,1,1,0,0,0,1,0,0
2095,pixel_transfer,1,1,1,1,0,1,0,15,2,1,0,0,1,0,0,0,1,0,0
2096,pixel_transfer,1,1,1,1,0,1,0,15,3,1,0,0,1,0,0,0,1,0,0
2097,pixel_transfer,1,1,1,1,0,1,0,15,2,1,0,1,1,0,0,0,1,0,0
2098,pixel_transfer,1,1,1,1,0,1,0,15,2,1,0,0,1,0,0,0,1,0,0
2099,pixel_transfer,1,1,1,1,0,1,0,15,3,1,0,0,1,0,0,1,1,0,0
2100,pixel_transfer,1,1,1,1,0,1,0,15,2,1,0,1,1,0,0,1,1,0,0
2101,pixel_transfer,1,1,1,1,0,1,1,15,2,1,0,0,1,0,0,0,1,0,0
2102,pixel_transfer,1,1,1,1,0,2,0,15,3,1,0,0,1,0,0,0,1,0,0
2103,pixel_transfer,1,1,1,1,0,2,0,15,3,1,0,1,1,0,0,0,1,0,0
2104,pixel_transfer,1,1,1,1,0,2,0,15,2,1,0,1,1,0,0,0,1,0,0
2105,pixel_transfer,1,1,1,1,0,2,0,15,2,1,0,0,1,0,0,0,1,0,0
2106,pixel_transfer,1,1,1,1,0,2,0,15,3,1,0,0,1,0,0,0,1,0,0
2107,pixel_transfer,1,1,1,1,0,2,0,15,3,1,0,1,1,0,0,0,1,0,0
2108,pixel_transfer,1,1,1,1,0,2,0,15,2,1,0,1,1,0,0,0,1,0,0
2109,pixel_transfer,1,1,1,1,0,2,0,15,2,1,0,0,1,0,0,1,1,0,0
2110,pixel_transfer,1,1,1,1,0,2,0,15,2,1,0,0,1,0,0,1,1,0,0
2111,pixel_transfer,1,1,1,1,0,2,0,15,2,1,0,0,1,0,0,0,1,0,0
2112,pixel_transfer,1,1,1,1,0,2,0,15,2,1,0,0,1,0,0,0,1,0,0
2113,pixel_transfer,1,1,1,1,0,2,0,15,2,1,0,0,1,0,0,0,1,0,0
2114,pixel_transfer,1,1,1,1,0,2,0,15,2,1,0,0,1,0,0,0,1,0,0
2115,pixel_transfer,1,1,1,1,0,2,0,15,2,1,0,0,1,0,0,0,1,0,0
2116,pixel_transfer,1,1,1,1,0,2,0,15,2,1,0,0,1,0,0,0,1,0,0
2117,pixel_transfer,1,1,1,1,0,2,0,15,2,1,0,0,1,0,0,0,1,0,0
2118,pixel_transfer,1,1,1,1,0,2,0,15,2,1,0,0,1,0,0,0,1,0,0
2119,pixel_transfer,1,1,1,1,0,2,0,15,2,1,0,0,1,0,0,0,1,0,0
2120,pixel_transfer,1,1,1,1,0,2,0,15,2,1,0,0,1,0,0,0,1,0,0
2121,pixel_transfer,1,1,1,1,0,2,0,15,2,1,0,0,1,0,0,0,1,0,0
2122,pixel_transfer,1,1,1,1,0,2,0,15,2,1,0,0,1,0,0,0,1,0,0
2123,pixel_transfer,1,1,1,1,0,2,0,15,2,1,0,0,1,0,0,0,1,0,0
2124,pixel_transfer,1,1,1,1,0,2,0,15,2,1,0,0,1,0,0,0,1,0,0
2125,line_marker,0,1,0,1,1,2,2,15,2,1,0,0,1,0,0,0,1,0,0
2126,pixel_transfer,1,1,1,1,0,0,0,15,2,1,0,0,1,0,0,0,1,0,0
2127,pixel_transfer,1,1,1,1,0,1,0,15,3,1,0,0,1,0,0,0,1,0,0
2128,pixel_transfer,1,1,1,1,0,1,0,15,2,1,0,1,1,0,0,0,1,0,0
2129,pixel_transfer,1,1,1,1,0,1,0,15,2,1,0,0,1,0,0,0,1,0,0
2130,pixel_transfer,1,1,1,1,0,1,0,15,3,1,0,0,1,0,0,0,1,0,0
2131,pixel_transfer,1,1,1,1,0,1,0,15,3,1,0,1,1,0,0,0,1,0,0
2132,pixel_transfer,1,1,1,1,0,1,0,15,2,1,0,1,1,0,0,0,1,0,0
2133,pixel_transfer,1,1,1,1,0,1,0,15,2,1,0,0,1,0,0,0,1,0,0
2134,pixel_transfer,1,1,1,1,0,1,0,15,3,1,0,0,1,0,0,0,1,0,0
2135,pixel_transfer,1,1,1,1,0,1,0,15,2,1,0,1,1,0,0,0,1,0,0
2136,pixel_transfer,1,1,1,1,0,1,0,15,2,1,0,0,1,0,0,1,1,0,0
2137,pixel_transfer,1,1,1,1,0,1,0,15,3,1,0,0,1,0,0,1,1,0,0
2138,pixel_transfer,1,1,1,1,0,1,0,15,2,1,0,1,1,0,0,0,1,0,0
2139,pixel_transfer,1,1,1,1,0,1,0,15,2,1,0,0,1,0,0,0,1,0,0
2140,pixel_transfer,1,1,1,1,0,1,0,15,3,1,0,0,1,0,0,0,1,0,0
2141,pixel_transfer,1,1,1,1,0,1,0,15,3,1,0,1,1,0,0,0,1,0,0
2142,pixel_transfer,1,1,1,1,0,1,0,15,2,1,0,1,1,0,0,0,1,0,0
2143,pixel_transfer,1,1,1,1,0,1,0,15,2,1,0,0,1,0,0,0,1,0,0
2144,pixel_transfer,1,1,1,1,0,1,0,15,3,1,0,0,1,0,0,0,1,0,0
2145,pixel_transfer,1,1,1,1,0,1,0,15,2,1,0,1,1,0,0,0,1,0,0
2146,pixel_transfer,1,1,1,1,0,1,0,15,2,1,0,0,1,0,0,1,1,0,0
2147,pixel_transfer,1,1,1,1,0,1,0,15,3,1,0,0,1,0,0,1,1,0,0
2148,pixel_transfer,1,1,1,1,0,1,0,15,3,1,0,1,1,0,0,0,1,0,0
2149,pixel_transfer,1,1,1,1,0,1,0,15,3,1,0,1,1,0,0,0,1,0,0
2150,pixel_transfer,1,1,1,1,0,1,1,15,2,1,0,1,1,0,0,0,1,0,0
2151,pixel_transfer,1,1,1,1,0,2,0,15,2,1,0,0,1,0,0,0,1,0,0
2152,pixel_transfer,1,1,1,1,0,2,0,15,2,1,0,0,1,0,0,0,1,0,0
2153,pixel_transfer,1,1,1,1,0,2,0,15,3,1,0,0,1,0,0,0,1,0,0
2154,pixel_transfer,1,1,1,1,0,2,0,15,2,1,0,1,1,0,0,1,1,0,0
2155,pixel_transfer,1,1,1,1,0,2,0,15,2,1,0,0,1,0,0,1,1,0,0
2156,pixel_transfer,1,1,1,1,0,2,0,15,3,1,0,0,1,0,0,0,1,0,0
2157,pixel_transfer,1,1,1,1,0,2,0,15,2,1,0,1,1,0,0,0,1,0,0
2158,pixel_transfer,1,1,1,1,0,2,0,15,2,1,0,0,1,0,0,0,1,0,0
2159,pixel_transfer,1,1,1,1,0,2,0,15,3,1,0,0,1,0,0,0,1,0,0
2160,pixel_transfer,1,1,1,1,0,2,0,15,3,1,0,1,1,0,0,0,1,0,0
2161,pixel_transfer,1,1,1,1,0,2,0,15,2,1,0,1,1,0,0,0,1,0,0
2162,pixel_transfer,1,1,1,1,0,2,0,15,2,1,0,0,1,0,0,0,1,0,0
2163,pixel_transfer,1,1,1,1,0,2,0,15,2,1,0,0,1,0,0,0,1,0,0
2164,pixel_transfer,1,1,1,1,0,2,0,15,2,1,0,0,1,0,0,0,1,0,0
2165,pixel_transfer,1,1,1,1,0,2,0,15,2,1,0,0,1,0,0,1,1,0,0
2166,pixel_transfer,1,1,1,1,0,2,0,15,2,1,0,0,1,0,0,1,1,0,0
2167,pixel_transfer,1,1,1,1,0,2,0,15,2,1,0,0,1,0,0,0,1,0,0
2168,pixel_transfer,1,1,1,1,0,2,0,15,3,1,0,0,1,0,0,0,1,0,0
2169,pixel_transfer,1,1,1,1,0,2,0,15,2,1,0,1,1,0,0,0,1,0,0
2170,pixel_transfer,1,1,1,1,0,2,0,15,2,1,0,0,1,0,0,0,1,0,0
2171,pixel_transfer,1,1,1,1,0,2,0,15,3,1,0,0,1,0,0,0,1,0,0
2172,pixel_transfer,1,1,1,1,0,2,0,15,3,1,0,1,1,0,0,0,1,0,0
2173,pixel_transfer,1,1,1,1,0,2,0,15,2,1,0,1,1,0,0,0,1,0,0
2174,line_marker,0,1,0,1,1,2,2,15,2,1,0,0,1,0,0,0,1,0,0
2175,pixel_transfer,1,1,1,1,0,0,0,15,3,1,0,0,1,0,0,0,1,0,0
2176,pixel_transfer,1,1,1,1,0,1,0,15,2,1,0,1,1,0,0,0,1,0,0
2177,pixel_transfer,1,1,1,1,0,1,0,15,2,1,0,0,1,0,0,0,1,0,0
2178,pixel_transfer,1,1,1,1,0,1,0,15,3,1,0,0,1,0,0,1,1,0,0
2179,pixel_transfer,1,1,1,1,0,1,0,15,3,1,0,1,1,0,0,1,1,0,0
2180,pixel_transfer,1,1,1,1,0,1,0,15,2,1,0,1,1,0,0,0,1,0,0
2181,pixel_transfer,1,1,1,1,0,1,0,15,2,1,0,0,1,0,0,0,1,0,0
2182,pixel_transfer,1,1,1,1,0,1,0,15,3,1,0,0,1,0,0,0,1,0,0
2183,pixel_transfer,1,1,1,1,0,1,0,15,2,1,0,1,1,0,0,0,1,0,0
2184,pixel_transfer,1,1,1,1,0,1,0,15,2,1,0,0,1,0,0,0,1,0,0
2185,pixel_transfer,1,1,1,1,0,1,0,15,3,1,0,0,1,0,0,0,1,0,0
2186,pixel_transfer,1,1,1,1,0,1,0,15,2,1,0,1,1,0,0,0,1,0,0
2187,pixel_transfer,1,1,1,1,0,1,0,15,2,1,0,0,1,0,0,0,1,0,0
2188,pixel_transfer,1,1,1,1,0,1,0,15,3,1,0,0,1,0,0,1,1,0,0
2189,pixel_transfer,1,1,1,1,0,1,0,15,3,1,0,1,1,0,0,1,1,0,0
2190,pixel_transfer,1,1,1,1,0,1,0,15,2,1,0,1,1,0,0,0,1,0,0
2191,pixel_transfer,1,1,1,1,0,1,0,15,2,1,0,0,1,0,0,0,1,0,0
2192,pixel_transfer,1,1,1,1,0,1,0,15,3,1,0,0,1,0,0,0,1,0,0
2193,pixel_transfer,1,1,1,1,0,1,0,15,3,1,0,1,1,0,0,0,1,0,0
2194,pixel_transfer,1,1,1,1,0,1,0,15,2,1,0,1,1,0,0,0,1,0,0
2195,pixel_transfer,1,1,1,1,0,1,0,15,2,1,0,0,1,0,0,0,1,0,0
2196,pixel_transfer,1,1,1,1,0,1,0,15,3,1,0,0,1,0,0,0,1,0,0
2197,pixel_transfer,1,1,1,1,0,1,0,15,2,1,0,1,1,0,0,0,1,0,0
2198,pixel_transfer,1,1,1,1,0,1,0,15,2,1,0,0,1,0,0,1,1,0,0
2199,pixel_transfer,1,1,1,1,0,1,1,15,3,1,0,0,1,0,0,1,1,0,0
2200,pixel_transfer,1,1,1,1,0,2,0,15,3,1,0,1,1,0,0,0,1,0,0
2201,pixel_transfer,1,1,1,1,0,2,0,15,2,1,0,1,1,0,0,0,1,0,0
2202,pixel_transfer,1,1,1,1,0,2,0,15,2,1,0,0,1,0,0,0,1,0,0
2203,pixel_transfer,1,1,1,1,0,2,0,15,3,1,0,0,1,0,0,0,1,0,0
2204,pixel_transfer,1,1,1,1,0,2,0,15,2,1,0,1,1,0,0,0,1,0,0
2205,pixel_transfer,1,1,1,1,0,2,0,15,2,1,0,0,1,0,0,0,1,0,0
2206,pixel_transfer,1,1,1,1,0,2,0,15,3,1,0,0,1,0,0,1,1,0,0
2207,pixel_transfer,1,1,1,1,0,2,0,15,2,1,0,1,1,0,0,1,1,0,0
2208,pixel_transfer,1,1,1,1,0,2,0,15,2,1,0,0,1,0,0,0,1,0,0
2209,pixel_transfer,1,1,1,1,0,2,0,15,2,1,0,0,1,0,0,0,1,0,0
2210,pixel_transfer,1,1,1,1,0,2,0,15,2,1,0,0,1,0,0,0,1,0,0
2211,pixel_transfer,1,1,1,1,0,2,0,15,2,1,0,0,1,0,0,0,1,0,0
2212,pixel_transfer,1,1,1,1,0,2,0,15,2,1,0,0,1,0,0,0,1,0,0
2213,pixel_transfer,1,1,1,1,0,2,0,15,2,1,0,0,1,0,0,0,1,0,0
2214,pixel_transfer,1,1,1,1,0,2,0,15,2,1,0,0,1,0,0,0,1,0,0
2215,pixel_transfer,1,1,1,1,0,2,0,15,2,1,0,0,1,0,0,0,1,0,0
2216,pixel_transfer,1,1,1,1,0,2,0,15,2,1,0,0,1,0,0,0,1,0,0
2217,pixel_transfer,1,1,1,1,0,2,0,15,2,1,0,0,1,0,0,0,1,0,0
2218,pixel_transfer,1,1,1,1,0,2,0,15,2,1,0,0,1,0,0,0,1,0,0
2219,pixel_transfer,1,1,1,1,0,2,0,15,3,1,0,0,1,0,0,0,1,0,0
2220,pixel_transfer,1,1,1,1,0,2,0,15,3,1,0,1,1,0,0,0,1,0,0
2221,pixel_transfer,1,1,1,1,0,2,0,15,2,1,0,1,1,0,0,0,1,0,0
2222,pixel_transfer,1,1,1,1,0,2,0,15,2,1,0,0,1,0,0,0,1,0,0
2223,line_marker,0,1,0,1,1,2,2,15,2,1,0,0,1,0,0,0,1,0,0
2224,pixel_transfer,1,1,1,1,0,0,0,15,3,1,0,0,1,0,0,0,1,0,0
2225,pixel_transfer,1,1,1,1,0,1,0,15,2,1,0,1,1,0,0,0,1,0,0
2226,pixel_transfer,1,1,1,1,0,1,0,15,2,1,0,0,1,0,0,1,1,0,0
2227,pixel_transfer,1,1,1,1,0,1,0,15,3,1,0,0,1,0,0,1,1,0,0
2228,pixel_transfer,1,1,1,1,0,1,0,15,2,1,0,1,1,0,0,0,1,0,0
2229,pixel_transfer,1,1,1,1,0,1,0,15,2,1,0,0,1,0,0,0,1,0,0
2230,pixel_transfer,1,1,1,1,0,1,0,15,3,1,0,0,1,0,0,0,1,0,0
2231,pixel_transfer,1,1,1,1,0,1,0,15,3,1,0,1,1,0,0,0,1,0,0
2232,pixel_transfer,1,1,1,1,0,1,0,15,2,1,0,1,1,0,0,0,1,0,0
2233,pixel_transfer,1,1,1,1,0,1,0,15,2,1,0,0,1,0,0,0,1,0,0
2234,pixel_transfer,1,1,1,1,0,1,0,15,3,1,0,0,1,0,0,0,1,0,0
2235,pixel_transfer,1,1,1,1,0,1,0,15,3,1,0,1,1,0,0,0,1,0,0
2236,pixel_transfer,1,1,1,1,0,1,0,15,2,1,0,1,1,0,0,0,1,0,0
2237,pixel_transfer,1,1,1,1,0,1,0,15,2,1,0,0,1,0,0,1,1,0,0
2238,pixel_transfer,1,1,1,1,0,1,0,15,3,1,0,0,1,0,0,1,1,0,0
2239,pixel_transfer,1,1,1,1,0,1,0,15,2,1,0,1,1,0,0,0,1,0,0
2240,pixel_transfer,1,1,1,1,0,1,0,15,2,1,0,0,1,0,0,0,1,0,0
2241,pixel_transfer,1,1,1,1,0,1,0,15,3,1,0,0,1,0,0,0,1,0,0
2242,pixel_transfer,1,1,1,1,0,1,0,15,2,1,0,1,1,0,0,0,1,0,0
2243,pixel_transfer,1,1,1,1,0,1,0,15,2,1,0,0,1,0,0,0,1,0,0
2244,pixel_transfer,1,1,1,1,0,1,0,15,3,1,0,0,1,0,0,0,1,0,0
2245,pixel_transfer,1,1,1,1,0,1,0,15,3,1,0,1,1,0,0,0,1,0,0
2246,pixel_transfer,1,1,1,1,0,1,0,15,2,1,0,1,1,0,0,0,1,0,0
2247,pixel_transfer,1,1,1,1,0,1,0,15,2,1,0,0,1,0,0,1,1,0,0
2248,pixel_transfer,1,1,1,1,0,1,1,15,2,1,0,0,1,0,0,1,1,0,0
2249,pixel_transfer,1,1,1,1,0,2,0,15,3,1,0,0,1,0,0,0,1,0,0
2250,pixel_transfer,1,1,1,1,0,2,0,15,2,1,0,1,1,0,0,0,1,0,0
2251,pixel_transfer,1,1,1,1,0,2,0,15,2,1,0,0,1,0,0,0,1,0,0
2252,pixel_transfer,1,1,1,1,0,2,0,15,3,1,0,0,1,0,0,0,1,0,0
2253,pixel_transfer,1,1,1,1,0,2,0,15,3,1,0,1,1,0,0,0,1,0,0
2254,pixel_transfer,1,1,1,1,0,2,0,15,2,1,0,1,1,0,0,0,1,0,0
2255,pixel_transfer,1,1,1,1,0,2,0,15,2,1,0,0,1,0,0,0,1,0,0
2256,pixel_transfer,1,1,1,1,0,2,0,15,3,1,0,0,1,0,0,0,1,0,0
2257,pixel_transfer,1,1,1,1,0,2,0,15,3,1,0,1,1,0,0,0,1,0,0
2258,pixel_transfer,1,1,1,1,0,2,0,15,2,1,0,1,1,0,0,1,1,0,0
2259,pixel_transfer,1,1,1,1,0,2,0,15,2,1,0,0,1,0,0,1,1,0,0
2260,pixel_transfer,1,1,1,1,0,2,0,15,2,1,0,0,1,0,0,0,1,0,0
2261,pixel_transfer,1,1,1,1,0,2,0,15,2,1,0,0,1,0,0,0,1,0,0
2262,pixel_transfer,1,1,1,1,0,2,0,15,3,1,0,0,1,0,0,0,1,0,0
2263,pixel_transfer,1,1,1,1,0,2,0,15,2,1,0,1,1,0,0,0,1,0,0
2264,pixel_transfer,1,1,1,1,0,2,0,15,2,1,0,0,1,0,0,0,1,0,0
2265,pixel_transfer,1,1,1,1,0,2,0,15,2,1,0,0,1,0,0,0,1,0,0
2266,pixel_transfer,1,1,1,1,0,2,0,15,2,1,0,0,1,0,0,0,1,0,0
2267,pixel_transfer,1,1,1,1,0,2,0,15,2,1,0,0,1,0,0,0,1,0,0
2268,pixel_transfer,1,1,1,1,0,2,0,15,2,1,0,0,1,0,0,1,1,0,0
2269,pixel_transfer,1,1,1,1,0,2,0,15,2,1,0,0,1,0,0,1,1,0,0
2270,pixel_transfer,1,1,1,1,0,2,0,15,2,1,0,0,1,0,0,0,1,0,0
2271,pixel_transfer,1,1,1,1,0,2,0,15,2,1,0,0,1,0,0,0,1,0,0
2272,line_marker,0,1,0,1,1,2,2,15,3,1,0,0,1,0,0,0,1,0,0
2273,pixel_transfer,1,1,1,1,0,0,0,15,2,1,0,1,1,0,0,0,1,0,0
2274,pixel_transfer,1,1,1,1,0,1,0,15,2,1,0,0,1,0,0,0,1,0,0
2275,pixel_transfer,1,1,1,1,0,1,0,15,3,1,0,0,1,0,0,0,1,0,0
2276,pixel_transfer,1,1,1,1,0,1,0,15,2,1,0,1,1,0,0,0,1,0,0
2277,pixel_transfer,1,1,1,1,0,1,0,15,2,1,0,0,1,0,0,0,1,0,0
2278,pixel_transfer,1,1,1,1,0,1,0,15,3,1,0,0,1,0,0,0,1,0,0
2279,pixel_transfer,1,1,1,1,0,1,0,15,2,1,0,1,1,0,0,0,1,0,0
2280,pixel_transfer,1,1,1,1,0,1,0,15,2,1,0,0,1,0,0,0,1,0,0
2281,pixel_transfer,1,1,1,1,0,1,0,15,3,1,0,0,1,0,0,0,1,0,0
2282,pixel_transfer,1,1,1,1,0,1,0,15,2,1,0,1,1,0,0,0,1,0,0
2283,pixel_transfer,1,1,1,1,0,1,0,15,2,1,0,0,1,0,0,0,1,0,0
2284,pixel_transfer,1,1,1,1,0,1,0,15,3,1,0,0,1,0,0,0,1,0,0
2285,pixel_transfer,1,1,1,1,0,1,0,15,2,1,0,1,1,0,0,0,1,0,0
2286,pixel_transfer,1,1,1,1,0,1,0,15,2,1,0,0,1,0,0,0,1,0,0
2287,pixel_transfer,1,1,1,1,0,1,0,15,3,1,0,0,1,0,0,1,1,0,0
2288,pixel_transfer,1,1,1,1,0,1,0,15,3,1,0,1,1,0,0,1,1,0,0
2289,pixel_transfer,1,1,1,1,0,1,0,15,2,1,0,1,1,0,0,0,1,0,0
2290,pixel_transfer,1,1,1,1,0,1,0,15,2,1,0,0,1,0,0,0,1,0,0
2291,pixel_transfer,1,1,1,1,0,1,0,15,3,1,0,0,1,0,0,0,1,0,0
2292,pixel_transfer,1,1,1,1,0,1,0,15,2,1,0,1,1,0,0,0,1,0,0
2293,pixel_transfer,1,1,1,1,0,1,0,15,2,1,0,0,1,0,0,0,1,0,0
2294,pixel_transfer,1,1,1,1,0,1,0,15,3,1,0,0,1,0,0,0,1,0,0
2295,pixel_transfer,1,1,1,1,0,1,0,15,3,1,0,1,1,0,0,0,1,0,0
2296,pixel_transfer,1,1,1,1,0,1,0,15,2,1,0,1,1,0,0,0,1,0,0
2297,pixel_transfer,1,1,1,1,0,1,1,15,2,1,0,0,1,0,0,1,1,0,0
2298,pixel_transfer,1,1,1,1,0,2,0,15,2,1,0,0,1,0,0,1,1,0,0
2299,pixel_transfer,1,1,1,1,0,2,0,15,2,1,0,0,1,0,0,0,1,0,0
2300,pixel_transfer,1,1,1,1,0,2,0,15,2,1,0,0,1,0,0,0,1,0,0
2301,pixel_transfer,1,1,1,1,0,2,0,15,2,1,0,0,1,0,0,0,1,0,0
2302,pixel_transfer,1,1,1,1,0,2,0,15,2,1,0,0,1,0,0,0,1,0,0
2303,pixel_transfer,1,1,1,1,0,2,0,15,2,1,0,0,1,0,0,0,1,0,0
2304,pixel_transfer,1,1,1,1,0,2,0,15,2,1,0,0,1,0,0,0,1,0,0
2305,pixel_transfer,1,1,1,1,0,2,0,15,2,1,0,0,1,0,0,0,1,0,0
2306,pixel_transfer,1,1,1,1,0,2,0,15,2,1,0,0,1,0,0,0,1,0,0
2307,pixel_transfer,1,1,1,1,0,2,0,15,2,1,0,0,1,0,0,0,1,0,0
2308,pixel_transfer,1,1,1,1,0,2,0,15,2,1,0,0,1,0,0,0,1,0,0
2309,pixel_transfer,1,1,1,1,0,2,0,15,3,1,0,0,1,0,0,0,1,0,0
2310,pixel_transfer,1,1,1,1,0,2,0,15,3,1,0,1,1,0,0,0,1,0,0
2311,pixel_transfer,1,1,1,1,0,2,0,15,2,1,0,1,1,0,0,0,1,0,0
2312,pixel_transfer,1,1,1,1,0,2,0,15,2,1,0,0,1,0,0,0,1,0,0
2313,pixel_transfer,1,1,1,1,0,2,0,15,3,1,0,0,1,0,0,0,1,0,0
2314,pixel_transfer,1,1,1,1,0,2,0,15,2,1,0,1,1,0,0,0,1,0,0
2315,pixel_transfer,1,1,1,1,0,2,0,15,2,1,0,0,1,0,0,0,1,0,0
2316,pixel_transfer,1,1,1,1,0,2,0,15,2,1,0,0,1,0,0,1,1,0,0
2317,pixel_transfer,1,1,1,1,0,2,0,15,3,1,0,0,1,0,0,1,1,0,0
2318,pixel_transfer,1,1,1,1,0,2,0,15,3,1,0,1,1,0,0,0,1,0,0
2319,pixel_transfer,1,1,1,1,0,2,0,15,2,1,0,1,1,0,0,0,1,0,0
2320,pixel_transfer,1,1,1,1,0,2,0,15,2,1,0,0,1,0,0,0,1,0,0
2321,line_marker,0,1,0,1,1,2,2,15,3,1,0,0,1,0,0,0,1,0,0
2322,pixel_transfer,1,1,1,1,0,0,0,15,2,1,0,1,1,0,0,0,1,0,0
2323,pixel_transfer,1,1,1,1,0,1,0,15,2,1,0,0,1,0,0,0,1,0,0
2324,pixel_transfer,1,1,1,1,0,1,0,15,3,1,0,0,1,0,0,0,1,0,0
2325,pixel_transfer,1,1,1,1,0,1,0,15,3,1,0,1,1,0,0,0,1,0,0
2326,pixel_transfer,1,1,1,1,0,1,0,15,2,1,0,1,1,0,0,0,1,0,0
2327,pixel_transfer,1,1,1,1,0,1,0,15,2,1,0,0,1,0,0,1,1,0,0
2328,pixel_transfer,1,1,1,1,0,1,0,15,2,1,0,0,1,0,0,1,1,0,0
2329,pixel_transfer,1,1,1,1,0,1,0,15,3,1,0,0,1,0,0,0,1,0,0
2330,pixel_transfer,1,1,1,1,0,1,0,15,2,1,0,1,1,0,0,0,1,0,0
2331,pixel_transfer,1,1,1,1,0,1,0,15,2,1,0,0,1,0,0,0,1,0,0
2332,pixel_transfer,1,1,1,1,0,1,0,15,3,1,0,0,1,0,0,0,1,0,0
2333,pixel_transfer,1,1,1,1,0,1,0,15,2,1,0,1,1,0,0,0,1,0,0
2334,pixel_transfer,1,1,1,1,0,1,0,15,2,1,0,0,1,0,0,0,1,0,0
2335,pixel_transfer,1,1,1,1,0,1,0,15,3,1,0,0,1,0,0,0,1,0,0
2336,pixel_transfer,1,1,1,1,0,1,0,15,3,1,0,1,1,0,0,0,1,0,0
2337,pixel_transfer,1,1,1,1,0,1,0,15,2,1,0,1,1,0,0,0,1,0,0
2338,pixel_transfer,1,1,1,1,0,1,0,15,2,1,0,0,1,0,0,1,1,0,0
2339,pixel_transfer,1,1,1,1,0,1,0,15,3,1,0,0,1,0,0,1,1,0,0
2340,pixel_transfer,1,1,1,1,0,1,0,15,3,1,0,1,1,0,0,0,1,0,0
2341,pixel_transfer,1,1,1,1,0,1,0,15,3,1,0,1,1,0,0,0,1,0,0
2342,pixel_transfer,1,1,1,1,0,1,0,15,2,1,0,1,1,0,0,0,1,0,0
2343,pixel_transfer,1,1,1,1,0,1,0,15,2,1,0,0,1,0,0,0,1,0,0
2344,pixel_transfer,1,1,1,1,0,1,0,15,3,1,0,0,1,0,0,0,1,0,0
2345,pixel_transfer,1,1,1,1,0,1,0,15,3,1,0,1,1,0,0,0,1,0,0
2346,pixel_transfer,1,1,1,1,0,1,1,15,2,1,0,1,1,0,0,1,1,0,0
2347,pixel_transfer,1,1,1,1,0,2,0,15,2,1,0,0,1,0,0,1,1,0,0
2348,pixel_transfer,1,1,1,1,0,2,0,15,3,1,0,0,1,0,0,0,1,0,0
2349,pixel_transfer,1,1,1,1,0,2,0,15,3,1,0,1,1,0,0,0,1,0,0
2350,pixel_transfer,1,1,1,1,0,2,0,15,2,1,0,1,1,0,0,0,1,0,0
2351,pixel_transfer,1,1,1,1,0,2,0,15,2,1,0,0,1,0,0,0,1,0,0
2352,pixel_transfer,1,1,1,1,0,2,0,15,2,1,0,0,1,0,0,0,1,0,0
2353,pixel_transfer,1,1,1,1,0,2,0,15,2,1,0,0,1,0,0,0,1,0,0
2354,pixel_transfer,1,1,1,1,0,2,0,15,2,1,0,0,1,0,0,1,1,0,0
2355,pixel_transfer,1,1,1,1,0,2,0,15,2,1,0,0,1,0,0,1,1,0,0
2356,pixel_transfer,1,1,1,1,0,2,0,15,2,1,0,0,1,0,0,0,1,0,0
2357,pixel_transfer,1,1,1,1,0,2,0,15,2,1,0,0,1,0,0,0,1,0,0
2358,pixel_transfer,1,1,1,1,0,2,0,15,2,1,0,0,1,0,0,0,1,0,0
2359,pixel_transfer,1,1,1,1,0,2,0,15,2,1,0,0,1,0,0,0,1,0,0
2360,pixel_transfer,1,1,1,1,0,2,0,15,2,1,0,0,1,0,0,0,1,0,0
2361,pixel_transfer,1,1,1,1,0,2,0,15,2,1,0,0,1,0,0,0,1,0,0
2362,pixel_transfer,1,1,1,1,0,2,0,15,2,1,0,0,1,0,0,0,1,0,0
2363,pixel_transfer,1,1,1,1,0,2,0,15,2,1,0,0,1,0,0,0,1,0,0
2364,pixel_transfer,1,1,1,1,0,2,0,15,2,1,0,0,1,0,0,0,1,0,0
2365,pixel_transfer,1,1,1,1,0,2,0,15,2,1,0,0,1,0,0,0,1,0,0
2366,pixel_transfer,1,1,1,1,0,2,0,15,2,1,0,0,1,0,0,0,1,0,0
2367,pixel_transfer,1,1,1,1,0,2,0,15,2,1,0,0,1,0,0,0,1,0,0
2368,pixel_transfer,1,1,1,1,0,2,0,15,3,1,0,0,1,0,0,0,1,0,0
2369,pixel_transfer,1,1,1,1,0,2,0,15,2,1,0,1,1,0,0,0,1,0,0
2370,line_marker,0,1,0,1,1,2,2,15,2,1,0,0,1,0,0,0,1,0,0
2371,pixel_transfer,1,1,1,1,0,0,0,15,3,1,0,0,1,0,0,0,1,0,0
2372,pixel_transfer,1,1,1,1,0,1,0,15,3,1,0,1,1,0,0,0,1,0,0
2373,pixel_transfer,1,1,1,1,0,1,0,15,2,1,0,1,1,0,0,0,1,0,0
2374,pixel_transfer,1,1,1,1,0,1,0,15,2,1,0,0,1,0,0,0,1,0,0
2375,pixel_transfer,1,1,1,1,0,1,0,15,3,1,0,0,1,0,0,0,1,0,0
2376,pixel_transfer,1,1,1,1,0,1,0,15,2,1,0,1,1,0,0,0,1,0,0
2377,pixel_transfer,1,1,1,1,0,1,0,15,2,1,0,0,1,0,0,0,1,0,0
2378,pixel_transfer,1,1,1,1,0,1,0,15,3,1,0,0,1,0,0,1,1,0,0
2379,pixel_transfer,1,1,1,1,0,1,0,15,2,1,0,1,1,0,0,1,1,0,0
2380,pixel_transfer,1,1,1,1,0,1,0,15,2,1,0,0,1,0,0,0,1,0,0
2381,pixel_transfer,1,1,1,1,0,1,0,15,3,1,0,0,1,0,0,0,1,0,0
2382,pixel_transfer,1,1,1,1,0,1,0,15,2,1,0,1,1,0,0,0,1,0,0
2383,pixel_transfer,1,1,1,1,0,1,0,15,2,1,0,0,1,0,0,0,1,0,0
2384,pixel_transfer,1,1,1,1,0,1,0,15,3,1,0,0,1,0,0,0,1,0,0
2385,pixel_transfer,1,1,1,1,0,1,0,15,3,1,0,1,1,0,0,0,1,0,0
2386,pixel_transfer,1,1,1,1,0,1,0,15,2,1,0,1,1,0,0,0,1,0,0
2387,pixel_transfer,1,1,1,1,0,1,0,15,2,1,0,0,1,0,0,0,1,0,0
2388,pixel_transfer,1,1,1,1,0,1,0,15,3,1,0,0,1,0,0,0,1,0,0
2389,pixel_transfer,1,1,1,1,0,1,0,15,2,1,0,1,1,0,0,0,1,0,0
2390,pixel_transfer,1,1,1,1,0,1,0,15,2,1,0,0,1,0,0,1,1,0,0
2391,pixel_transfer,1,1,1,1,0,1,0,15,3,1,0,0,1,0,0,1,1,0,0
2392,pixel_transfer,1,1,1,1,0,1,0,15,3,1,0,1,1,0,0,0,1,0,0
2393,pixel_transfer,1,1,1,1,0,1,0,15,2,1,0,1,1,0,0,0,1,0,0
2394,pixel_transfer,1,1,1,1,0,1,0,15,2,1,0,0,1,0,0,0,1,0,0
2395,pixel_transfer,1,1,1,1,0,1,1,15,3,1,0,0,1,0,0,0,1,0,0
2396,pixel_transfer,1,1,1,1,0,2,0,15,2,1,0,1,1,0,0,0,1,0,0
2397,pixel_transfer,1,1,1,1,0,2,0,15,2,1,0,0,1,0,0,0,1,0,0
2398,pixel_transfer,1,1,1,1,0,2,0,15,3,1,0,0,1,0,0,1,1,0,0
2399,pixel_transfer,1,1,1,1,0,2,0,15,2,1,0,1,1,0,0,1,1,0,0
2400,pixel_transfer,1,1,1,1,0,2,0,15,2,1,0,0,1,0,0,0,1,0,0
2401,pixel_transfer,1,1,1,1,0,2,0,15,3,1,0,0,1,0,0,0,1,0,0
2402,pixel_transfer,1,1,1,1,0,2,0,15,2,1,0,1,1,0,0,0,1,0,0
2403,pixel_transfer,1,1,1,1,0,2,0,15,2,1,0,0,1,0,0,0,1,0,0
2404,pixel_transfer,1,1,1,1,0,2,0,15,2,1,0,0,1,0,0,0,1,0,0
2405,pixel_transfer,1,1,1,1,0,2,0,15,2,1,0,0,1,0,0,0,1,0,0
2406,pixel_transfer,1,1,1,1,0,2,0,15,2,1,0,0,1,0,0,0,1,0,0
2407,pixel_transfer,1,1,1,1,0,2,0,15,3,1,0,0,1,0,0,0,1,0,0
2408,pixel_transfer,1,1,1,1,0,2,0,15,2,1,0,1,1,0,0,0,1,0,0
2409,pixel_transfer,1,1,1,1,0,2,0,15,2,1,0,0,1,0,0,0,1,0,0
2410,pixel_transfer,1,1,1,1,0,2,0,15,2,1,0,0,1,0,0,0,1,0,0
2411,pixel_transfer,1,1,1,1,0,2,0,15,3,1,0,0,1,0,0,0,1,0,0
2412,pixel_transfer,1,1,1,1,0,2,0,15,3,1,0,1,1,0,0,0,1,0,0
2413,pixel_transfer,1,1,1,1,0,2,0,15,2,1,0,1,1,0,0,1,1,0,0
2414,pixel_transfer,1,1,1,1,0,2,0,15,2,1,0,0,1,0,0,1,1,0,0
2415,pixel_transfer,1,1,1,1,0,2,0,15,2,1,0,0,1,0,0,0,1,0,0
2416,pixel_transfer,1,1,1,1,0,2,0,15,3,1,0,0,1,0,0,0,1,0,0
2417,pixel_transfer,1,1,1,1,0,2,0,15,2,1,0,1,1,0,0,0,1,0,0
2418,pixel_transfer,1,1,1,1,0,2,0,15,2,1,0,0,1,0,0,0,1,0,0
2419,line_marker,0,1,0,1,1,2,2,15,3,1,0,0,1,0,0,0,1,0,0
2420,pixel_transfer,1,1,1,1,0,0,0,15,2,1,0,1,1,0,0,0,1,0,0
2421,pixel_transfer,1,1,1,1,0,1,0,15,2,1,0,0,1,0,0,0,1,0,0
2422,pixel_transfer,1,1,1,1,0,1,0,15,3,1,0,0,1,0,0,0,1,0,0
2423,pixel_transfer,1,1,1,1,0,1,0,15,2,1,0,1,1,0,0,0,1,0,0
2424,pixel_transfer,1,1,1,1,0,1,0,15,2,1,0,0,1,0,0,0,1,0,0
2425,pixel_transfer,1,1,1,1,0,1,0,15,3,1,0,0,1,0,0,1,1,0,0
2426,pixel_transfer,1,1,1,1,0,1,0,15,2,1,0,1,1,0,0,1,1,0,0
2427,pixel_transfer,1,1,1,1,0,1,0,15,2,1,0,0,1,0,0,0,1,0,0
2428,pixel_transfer,1,1,1,1,0,1,0,15,3,1,0,0,1,0,0,0,1,0,0
2429,pixel_transfer,1,1,1,1,0,1,0,15,3,1,0,1,1,0,0,0,1,0,0
2430,pixel_transfer,1,1,1,1,0,1,0,15,2,1,0,1,1,0,0,0,1,0,0
2431,pixel_transfer,1,1,1,1,0,1,0,15,2,1,0,0,1,0,0,0,1,0,0
2432,pixel_transfer,1,1,1,1,0,1,0,15,2,1,0,0,1,0,0,0,1,0,0
2433,pixel_transfer,1,1,1,1,0,1,0,15,3,1,0,0,1,0,0,0,1,0,0
2434,pixel_transfer,1,1,1,1,0,1,0,15,3,1,0,1,1,0,0,0,1,0,0
2435,pixel_transfer,1,1,1,1,0,1,0,15,2,1,0,1,1,0,0,1,1,0,0
2436,pixel_transfer,1,1,1,1,0,1,0,15,2,1,0,0,1,0,0,1,1,0,0
2437,pixel_transfer,1,1,1,1,0,1,0,15,2,1,0,0,1,0,0,0,1,0,0
2438,pixel_transfer,1,1,1,1,0,1,0,15,2,1,0,0,1,0,0,0,1,0,0
2439,pixel_transfer,1,1,1,1,0,1,0,15,2,1,0,0,1,0,0,0,1,0,0
2440,pixel_transfer,1,1,1,1,0,1,0,15,3,1,0,0,1,0,0,0,1,0,0
2441,pixel_transfer,1,1,1,1,0,1,0,15,2,1,0,1,1,0,0,0,1,0,0
2442,pixel_transfer,1,1,1,1,0,1,0,15,2,1,0,0,1,0,0,0,1,0,0
2443,pixel_transfer,1,1,1,1,0,1,0,15,3,1,0,0,1,0,0,0,1,0,0
2444,pixel_transfer,1,1,1,1,0,1,1,15,3,1,0,1,1,0,0,0,1,0,0
2445,pixel_transfer,1,1,1,1,0,2,0,15,2,1,0,1,1,0,0,0,1,0,0
2446,pixel_transfer,1,1,1,1,0,2,0,15,2,1,0,0,1,0,0,0,1,0,0
2447,pixel_transfer,1,1,1,1,0,2,0,15,3,1,0,0,1,0,0,0,1,0,0
2448,pixel_transfer,1,1,1,1,0,2,0,15,2,1,0,1,1,0,0,0,1,0,0
2449,pixel_transfer,1,1,1,1,0,2,0,15,2,1,0,0,1,0,0,1,1,0,0
2450,pixel_transfer,1,1,1,1,0,2,0,15,2,1,0,0,1,0,0,1,1,0,0
2451,pixel_transfer,1,1,1,1,0,2,0,15,2,1,0,0,1,0,0,0,1,0,0
2452,pixel_transfer,1,1,1,1,0,2,0,15,2,1,0,0,1,0,0,0,1,0,0
2453,pixel_transfer,1,1,1,1,0,2,0,15,2,1,0,0,1,0,0,0,1,0,0
2454,pixel_transfer,1,1,1,1,0,2,0,15,2,1,0,0,1,0,0,0,1,0,0
2455,pixel_transfer,1,1,1,1,0,2,0,15,2,1,0,0,1,0,0,0,1,0,0
2456,pixel_transfer,1,1,1,1,0,2,0,15,2,1,0,0,1,0,0,0,1,0,0
2457,pixel_transfer,1,1,1,1,0,2,0,15,2,1,0,0,1,0,0,0,1,0,0
2458,pixel_transfer,1,1,1,1,0,2,0,15,2,1,0,0,1,0,0,0,1,0,0
2459,pixel_transfer,1,1,1,1,0,2,0,15,2,1,0,0,1,0,0,0,1,0,0
2460,pixel_transfer,1,1,1,1,0,2,0,15,2,1,0,0,1,0,0,0,1,0,0
2461,pixel_transfer,1,1,1,1,0,2,0,15,2,1,0,0,1,0,0,0,1,0,0
2462,pixel_transfer,1,1,1,1,0,2,0,15,2,1,0,0,1,0,0,0,1,0,0
2463,pixel_transfer,1,1,1,1,0,2,0,15,3,1,0,0,1,0,0,0,1,0,0
2464,pixel_transfer,1,1,1,1,0,2,0,15,2,1,0,1,1,0,0,0,1,0,0
2465,pixel_transfer,1,1,1,1,0,2,0,15,2,1,0,0,1,0,0,0,1,0,0
2466,pixel_transfer,1,1,1,1,0,2,0,15,3,1,0,0,1,0,0,0,1,0,0
2467,pixel_transfer,1,1,1,1,0,2,0,15,2,1,0,1,1,0,0,0,1,0,0
2468,line_marker,0,1,0,1,1,2,2,15,2,1,0,0,1,0,0,0,1,0,0
2469,pixel_transfer,1,1,1,1,0,0,0,15,3,1,0,0,1,0,0,0,1,0,0
2470,pixel_transfer,1,1,1,1,0,1,0,15,2,1,0,1,1,0,0,0,1,0,0
2471,pixel_transfer,1,1,1,1,0,1,0,15,2,1,0,0,1,0,0,0,1,0,0
2472,pixel_transfer,1,1,1,1,0,1,0,15,3,1,0,0,1,0,0,1,1,0,0
2473,pixel_transfer,1,1,1,1,0,1,0,15,2,1,0,1,1,0,0,1,1,0,0
2474,pixel_transfer,1,1,1,1,0,1,0,15,2,1,0,0,1,0,0,0,1,0,0
2475,pixel_transfer,1,1,1,1,0,1,0,15,3,1,0,0,1,0,0,0,1,0,0
2476,pixel_transfer,1,1,1,1,0,1,0,15,3,1,0,1,1,0,0,0,1,0,0
2477,pixel_transfer,1,1,1,1,0,1,0,15,2,1,0,1,1,0,0,0,1,0,0
2478,pixel_transfer,1,1,1,1,0,1,0,15,2,1,0,0,1,0,0,0,1,0,0
2479,pixel_transfer,1,1,1,1,0,1,0,15,3,1,0,0,1,0,0,0,1,0,0
2480,pixel_transfer,1,1,1,1,0,1,0,15,3,1,0,1,1,0,0,0,1,0,0
2481,pixel_transfer,1,1,1,1,0,1,0,15,2,1,0,1,1,0,0,0,1,0,0
2482,pixel_transfer,1,1,1,1,0,1,0,15,2,1,0,0,1,0,0,1,1,0,0
2483,pixel_transfer,1,1,1,1,0,1,0,15,3,1,0,0,1,0,0,1,1,0,0
2484,pixel_transfer,1,1,1,1,0,1,0,15,2,1,0,1,1,0,0,0,1,0,0
2485,pixel_transfer,1,1,1,1,0,1,0,15,2,1,0,0,1,0,0,0,1,0,0
2486,pixel_transfer,1,1,1,1,0,1,0,15,3,1,0,0,1,0,0,0,1,0,0
2487,pixel_transfer,1,1,1,1,0,1,0,15,3,1,0,1,1,0,0,0,1,0,0
2488,pixel_transfer,1,1,1,1,0,1,0,15,2,1,0,1,1,0,0,0,1,0,0
2489,pixel_transfer,1,1,1,1,0,1,0,15,2,1,0,0,1,0,0,0,1,0,0
2490,pixel_transfer,1,1,1,1,0,1,0,15,3,1,0,0,1,0,0,0,1,0,0
2491,pixel_transfer,1,1,1,1,0,1,0,15,2,1,0,1,1,0,0,0,1,0,0
2492,pixel_transfer,1,1,1,1,0,1,0,15,2,1,0,0,1,0,0,1,1,0,0
2493,pixel_transfer,1,1,1,1,0,1,1,15,3,1,0,0,1,0,0,1,1,0,0
2494,pixel_transfer,1,1,1,1,0,2,0,15,3,1,0,1,1,0,0,0,1,0,0
2495,pixel_transfer,1,1,1,1,0,2,0,15,3,1,0,1,1,0,0,0,1,0,0
2496,pixel_transfer,1,1,1,1,0,2,0,15,2,1,0,1,1,0,0,0,1,0,0
2497,pixel_transfer,1,1,1,1,0,2,0,15,2,1,0,0,1,0,0,0,1,0,0
2498,pixel_transfer,1,1,1,1,0,2,0,15,3,1,0,0,1,0,0,0,1,0,0
2499,pixel_transfer,1,1,1,1,0,2,0,15,2,1,0,1,1,0,0,0,1,0,0
2500,pixel_transfer,1,1,1,1,0,2,0,15,2,1,0,0,1,0,0,1,1,0,0
2501,pixel_transfer,1,1,1,1,0,2,0,15,3,1,0,0,1,0,0,1,1,0,0
2502,pixel_transfer,1,1,1,1,0,2,0,15,2,1,0,1,1,0,0,0,1,0,0
2503,pixel_transfer,1,1,1,1,0,2,0,15,2,1,0,0,1,0,0,0,1,0,0
2504,pixel_transfer,1,1,1,1,0,2,0,15,3,1,0,0,1,0,0,0,1,0,0
2505,pixel_transfer,1,1,1,1,0,2,0,15,3,1,0,1,1,0,0,0,1,0,0
2506,pixel_transfer,1,1,1,1,0,2,0,15,2,1,0,1,1,0,0,0,1,0,0
2507,pixel_transfer,1,1,1,1,0,2,0,15,2,1,0,0,1,0,0,0,1,0,0
2508,pixel_transfer,1,1,1,1,0,2,0,15,2,1,0,0,1,0,0,0,1,0,0
2509,pixel_transfer,1,1,1,1,0,2,0,15,2,1,0,0,1,0,0,0,1,0,0
2510,pixel_transfer,1,1,1,1,0,2,0,15,2,1,0,0,1,0,0,1,1,0,0
2511,pixel_transfer,1,1,1,1,0,2,0,15,2,1,0,0,1,0,0,1,1,0,0
2512,pixel_transfer,1,1,1,1,0,2,0,15,2,1,0,0,1,0,0,0,1,0,0
2513,pixel_transfer,1,1,1,1,0,2,0,15,2,1,0,0,1,0,0,0,1,0,0
2514,pixel_transfer,1,1,1,1,0,2,0,15,2,1,0,0,1,0,0,0,1,0,0
2515,pixel_transfer,1,1,1,1,0,2,0,15,2,1,0,0,1,0,0,0,1,0,0
2516,pixel_transfer,1,1,1,1,0,2,0,15,2,1,0,0,1,0,0,0,1,0,0
2517,line_marker,0,1,0,1,1,2,2,15,3,1,0,0,1,0,0,0,1,0,0
2518,pixel_transfer,1,1,1,1,0,0,0,15,2,1,0,1,1,0,0,0,1,0,0
2519,pixel_transfer,1,1,1,1,0,1,0,15,2,1,0,0,1,0,0,0,1,0,0
2520,pixel_transfer,1,1,1,1,0,1,0,15,3,1,0,0,1,0,0,0,1,0,0
2521,pixel_transfer,1,1,1,1,0,1,0,15,3,1,0,1,1,0,0,0,1,0,0
2522,pixel_transfer,1,1,1,1,0,1,0,15,2,1,0,1,1,0,0,0,1,0,0
2523,pixel_transfer,1,1,1,1,0,1,0,15,2,1,0,0,1,0,0,0,1,0,0
2524,pixel_transfer,1,1,1,1,0,1,0,15,3,1,0,0,1,0,0,0,1,0,0
2525,pixel_transfer,1,1,1,1,0,1,0,15,2,1,0,1,1,0,0,0,1,0,0
2526,pixel_transfer,1,1,1,1,0,1,0,15,2,1,0,0,1,0,0,0,1,0,0
2527,pixel_transfer,1,1,1,1,0,1,0,15,3,1,0,0,1,0,0,1,1,0,0
2528,pixel_transfer,1,1,1,1,0,1,0,15,3,1,0,1,1,0,0,1,1,0,0
2529,pixel_transfer,1,1,1,1,0,1,0,15,2,1,0,1,1,0,0,0,1,0,0
2530,pixel_transfer,1,1,1,1,0,1,0,15,2,1,0,0,1,0,0,0,1,0,0
2531,pixel_transfer,1,1,1,1,0,1,0,15,3,1,0,0,1,0,0,0,1,0,0
2532,pixel_transfer,1,1,1,1,0,1,0,15,2,1,0,1,1,0,0,0,1,0,0
2533,pixel_transfer,1,1,1,1,0,1,0,15,2,1,0,0,1,0,0,0,1,0,0
2534,pixel_transfer,1,1,1,1,0,1,0,15,3,1,0,0,1,0,0,0,1,0,0
2535,pixel_transfer,1,1,1,1,0,1,0,15,3,1,0,1,1,0,0,0,1,0,0
2536,pixel_transfer,1,1,1,1,0,1,0,15,2,1,0,1,1,0,0,0,1,0,0
2537,pixel_transfer,1,1,1,1,0,1,0,15,2,1,0,0,1,0,0,1,1,0,0
2538,pixel_transfer,1,1,1,1,0,1,0,15,3,1,0,0,1,0,0,1,1,0,0
2539,pixel_transfer,1,1,1,1,0,1,0,15,3,1,0,1,1,0,0,0,1,0,0
2540,pixel_transfer,1,1,1,1,0,1,0,15,2,1,0,1,1,0,0,0,1,0,0
2541,pixel_transfer,1,1,1,1,0,1,0,15,2,1,0,0,1,0,0,0,1,0,0
2542,pixel_transfer,1,1,1,1,0,1,1,15,2,1,0,0,1,0,0,0,1,0,0
2543,pixel_transfer,1,1,1,1,0,2,0,15,2,1,0,0,1,0,0,0,1,0,0
2544,pixel_transfer,1,1,1,1,0,2,0,15,3,1,0,0,1,0,0,0,1,0,0
2545,pixel_transfer,1,1,1,1,0,2,0,15,3,1,0,1,1,0,0,1,1,0,0
2546,pixel_transfer,1,1,1,1,0,2,0,15,2,1,0,1,1,0,0,1,1,0,0
2547,pixel_transfer,1,1,1,1,0,2,0,15,2,1,0,0,1,0,0,0,1,0,0
2548,pixel_transfer,1,1,1,1,0,2,0,15,2,1,0,0,1,0,0,0,1,0,0
2549,pixel_transfer,1,1,1,1,0,2,0,15,2,1,0,0,1,0,0,0,1,0,0
2550,pixel_transfer,1,1,1,1,0,2,0,15,2,1,0,0,1,0,0,0,1,0,0
2551,pixel_transfer,1,1,1,1,0,2,0,15,2,1,0,0,1,0,0,0,1,0,0
2552,pixel_transfer,1,1,1,1,0,2,0,15,2,1,0,0,1,0,0,0,1,0,0
2553,pixel_transfer,1,1,1,1,0,2,0,15,2,1,0,0,1,0,0,0,1,0,0
2554,pixel_transfer,1,1,1,1,0,2,0,15,3,1,0,0,1,0,0,0,1,0,0
2555,pixel_transfer,1,1,1,1,0,2,0,15,2,1,0,1,1,0,0,0,1,0,0
2556,pixel_transfer,1,1,1,1,0,2,0,15,2,1,0,0,1,0,0,0,1,0,0
2557,pixel_transfer,1,1,1,1,0,2,0,15,2,1,0,0,1,0,0,0,1,0,0
2558,pixel_transfer,1,1,1,1,0,2,0,15,3,1,0,0,1,0,0,0,1,0,0
2559,pixel_transfer,1,1,1,1,0,2,0,15,2,1,0,1,1,0,0,0,1,0,0
2560,pixel_transfer,1,1,1,1,0,2,0,15,2,1,0,0,1,0,0,0,1,0,0
2561,pixel_transfer,1,1,1,1,0,2,0,15,3,1,0,0,1,0,0,0,1,0,0
2562,pixel_transfer,1,1,1,1,0,2,0,15,2,1,0,1,1,0,0,0,1,0,0
2563,pixel_transfer,1,1,1,1,0,2,0,15,2,1,0,0,1,0,0,0,1,0,0
2564,pixel_transfer,1,1,1,1,0,2,0,15,3,1,0,0,1,0,0,1,1,0,0
2565,pixel_transfer,1,1,1,1,0,2,0,15,2,1,0,1,1,0,0,1,1,0,0
2566,line_marker,0,1,0,1,1,2,2,15,2,1,0,0,1,0,0,0,1,0,0
2567,pixel_transfer,1,1,1,1,0,0,0,15,3,1,0,0,1,0,0,0,1,0,0
2568,pixel_transfer,1,1,1,1,0,1,0,15,3,1,0,1,1,0,0,0,1,0,0
2569,pixel_transfer,1,1,1,1,0,1,0,15,2,1,0,1,1,0,0,0,1,0,0
2570,pixel_transfer,1,1,1,1,0,1,0,15,2,1,0,0,1,0,0,0,1,0,0
2571,pixel_transfer,1,1,1,1,0,1,0,15,3,1,0,0,1,0,0,0,1,0,0
2572,pixel_transfer,1,1,1,1,0,1,0,15,2,1,0,1,1,0,0,0,1,0,0
2573,pixel_transfer,1,1,1,1,0,1,0,15,2,1,0,0,1,0,0,0,1,0,0
2574,pixel_transfer,1,1,1,1,0,1,0,15,3,1,0,0,1,0,0,1,1,0,0
2575,pixel_transfer,1,1,1,1,0,1,0,15,2,1,0,1,1,0,0,1,1,0,0
2576,pixel_transfer,1,1,1,1,0,1,0,15,2,1,0,0,1,0,0,0,1,0,0
2577,pixel_transfer,1,1,1,1,0,1,0,15,3,1,0,0,1,0,0,0,1,0,0
2578,pixel_transfer,1,1,1,1,0,1,0,15,2,1,0,1,1,0,0,0,1,0,0
2579,pixel_transfer,1,1,1,1,0,1,0,15,2,1,0,0,1,0,0,0,1,0,0
2580,pixel_transfer,1,1,1,1,0,1,0,15,3,1,0,0,1,0,0,0,1,0,0
2581,pixel_transfer,1,1,1,1,0,1,0,15,3,1,0,1,1,0,0,0,1,0,0
2582,pixel_transfer,1,1,1,1,0,1,0,15,3,1,0,1,1,0,0,0,1,0,0
2583,pixel_transfer,1,1,1,1,0,1,0,15,2,1,0,1,1,0,0,0,1,0,0
2584,pixel_transfer,1,1,1,1,0,1,0,15,2,1,0,0,1,0,0,0,1,0,0
2585,pixel_transfer,1,1,1,1,0,1,0,15,3,1,0,0,1,0,0,0,1,0,0
2586,pixel_transfer,1,1,1,1,0,1,0,15,2,1,0,1,1,0,0,1,1,0,0
2587,pixel_transfer,1,1,1,1,0,1,0,15,2,1,0,0,1,0,0,1,1,0,0
2588,pixel_transfer,1,1,1,1,0,1,0,15,3,1,0,0,1,0,0,0,1,0,0
2589,pixel_transfer,1,1,1,1,0,1,0,15,3,1,0,1,1,0,0,0,1,0,0
2590,pixel_transfer,1,1,1,1,0,1,0,15,2,1,0,1,1,0,0,0,1,0,0
2591,pixel_transfer,1,1,1,1,0,1,1,15,2,1,0,0,1,0,0,0,1,0,0
2592,pixel_transfer,1,1,1,1,0,2,0,15,3,1,0,0,1,0,0,0,1,0,0
2593,pixel_transfer,1,1,1,1,0,2,0,15,2,1,0,1,1,0,0,0,1,0,0
2594,pixel_transfer,1,1,1,1,0,2,0,15,2,1,0,0,1,0,0,1,1,0,0
2595,pixel_transfer,1,1,1,1,0,2,0,15,3,1,0,0,1,0,0,1,1,0,0
2596,pixel_transfer,1,1,1,1,0,2,0,15,2,1,0,1,1,0,0,0,1,0,0
2597,pixel_transfer,1,1,1,1,0,2,0,15,2,1,0,0,1,0,0,0,1,0,0
2598,pixel_transfer,1,1,1,1,0,2,0,15,2,1,0,0,1,0,0,0,1,0,0
2599,pixel_transfer,1,1,1,1,0,2,0,15,2,1,0,0,1,0,0,0,1,0,0
2600,pixel_transfer,1,1,1,1,0,2,0,15,2,1,0,0,1,0,0,0,1,0,0
2601,pixel_transfer,1,1,1,1,0,2,0,15,2,1,0,0,1,0,0,0,1,0,0
2602,pixel_transfer,1,1,1,1,0,2,0,15,2,1,0,0,1,0,0,0,1,0,0
2603,pixel_transfer,1,1,1,1,0,2,0,15,2,1,0,0,1,0,0,0,1,0,0
2604,pixel_transfer,1,1,1,1,0,2,0,15,2,1,0,0,1,0,0,0,1,0,0
2605,pixel_transfer,1,1,1,1,0,2,0,15,2,1,0,0,1,0,0,0,1,0,0
2606,pixel_transfer,1,1,1,1,0,2,0,15,2,1,0,0,1,0,0,0,1,0,0
2607,pixel_transfer,1,1,1,1,0,2,0,15,2,1,0,0,1,0,0,0,1,0,0
2608,pixel_transfer,1,1,1,1,0,2,0,15,2,1,0,0,1,0,0,0,1,0,0
2609,pixel_transfer,1,1,1,1,0,2,0,15,2,1,0,0,1,0,0,0,1,0,0
2610,pixel_transfer,1,1,1,1,0,2,0,15,2,1,0,0,1,0,0,0,1,0,0
2611,pixel_transfer,1,1,1,1,0,2,0,15,3,1,0,0,1,0,0,0,1,0,0
2612,pixel_transfer,1,1,1,1,0,2,0,15,3,1,0,1,1,0,0,0,1,0,0
2613,pixel_transfer,1,1,1,1,0,2,0,15,3,1,0,1,1,0,0,0,1,0,0
2614,pixel_transfer,1,1,1,1,0,2,0,15,2,1,0,1,1,0,0,0,1,0,0
2615,line_marker,0,1,0,1,1,2,2,15,2,1,0,0,1,0,0,0,1,0,0
2616,pixel_transfer,1,1,1,1,0,0,0,15,3,1,0,0,1,0,0,0,1,0,0
2617,pixel_transfer,1,1,1,1,0,1,0,15,2,1,0,1,1,0,0,1,1,0,0
2618,pixel_transfer,1,1,1,1,0,1,0,15,2,1,0,0,1,0,0,1,1,0,0
2619,pixel_transfer,1,1,1,1,0,1,0,15,3,1,0,0,1,0,0,0,1,0,0
2620,pixel_transfer,1,1,1,1,0,1,0,15,2,1,0,1,1,0,0,0,1,0,0
2621,pixel_transfer,1,1,1,1,0,1,0,15,2,1,0,0,1,0,0,0,1,0,0
2622,pixel_transfer,1,1,1,1,0,1,0,15,3,1,0,0,1,0,0,0,1,0,0
2623,pixel_transfer,1,1,1,1,0,1,0,15,2,1,0,1,1,0,0,0,1,0,0
2624,pixel_transfer,1,1,1,1,0,1,0,15,2,1,0,0,1,0,0,0,1,0,0
2625,pixel_transfer,1,1,1,1,0,1,0,15,3,1,0,0,1,0,0,1,1,0,0
2626,pixel_transfer,1,1,1,1,0,1,0,15,2,1,0,1,1,0,0,1,1,0,0
2627,pixel_transfer,1,1,1,1,0,1,0,15,2,1,0,0,1,0,0,0,1,0,0
2628,pixel_transfer,1,1,1,1,0,1,0,15,3,1,0,0,1,0,0,0,1,0,0
2629,pixel_transfer,1,1,1,1,0,1,0,15,2,1,0,1,1,0,0,0,1,0,0
2630,pixel_transfer,1,1,1,1,0,1,0,15,2,1,0,0,1,0,0,0,1,0,0
2631,pixel_transfer,1,1,1,1,0,1,0,15,3,1,0,0,1,0,0,0,1,0,0
2632,pixel_transfer,1,1,1,1,0,1,0,15,3,1,0,1,1,0,0,0,1,0,0
2633,pixel_transfer,1,1,1,1,0,1,0,15,2,1,0,1,1,0,0,0,1,0,0
2634,pixel_transfer,1,1,1,1,0,1,0,15,2,1,0,0,1,0,0,0,1,0,0
2635,pixel_transfer,1,1,1,1,0,1,0,15,3,1,0,0,1,0,0,0,1,0,0
2636,pixel_transfer,1,1,1,1,0,1,0,15,2,1,0,1,1,0,0,0,1,0,0
2637,pixel_transfer,1,1,1,1,0,1,0,15,2,1,0,0,1,0,0,1,1,0,0
2638,pixel_transfer,1,1,1,1,0,1,0,15,3,1,0,0,1,0,0,1,1,0,0
2639,pixel_transfer,1,1,1,1,0,1,0,15,3,1,0,1,1,0,0,0,1,0,0
2640,pixel_transfer,1,1,1,1,0,1,1,15,2,1,0,1,1,0,0,0,1,0,0
2641,pixel_transfer,1,1,1,1,0,2,0,15,2,1,0,0,1,0,0,0,1,0,0
2642,pixel_transfer,1,1,1,1,0,2,0,15,2,1,0,0,1,0,0,0,1,0,0
2643,pixel_transfer,1,1,1,1,0,2,0,15,2,1,0,0,1,0,0,0,1,0,0
2644,pixel_transfer,1,1,1,1,0,2,0,15,2,1,0,0,1,0,0,0,1,0,0
2645,pixel_transfer,1,1,1,1,0,2,0,15,2,1,0,0,1,0,0,1,1,0,0
2646,pixel_transfer,1,1,1,1,0,2,0,15,2,1,0,0,1,0,0,1,1,0,0
2647,pixel_transfer,1,1,1,1,0,2,0,15,2,1,0,0,1,0,0,0,1,0,0
2648,pixel_transfer,1,1,1,1,0,2,0,15,2,1,0,0,1,0,0,0,1,0,0
2649,pixel_transfer,1,1,1,1,0,2,0,15,2,1,0,0,1,0,0,0,1,0,0
2650,pixel_transfer,1,1,1,1,0,2,0,15,2,1,0,0,1,0,0,0,1,0,0
2651,pixel_transfer,1,1,1,1,0,2,0,15,2,1,0,0,1,0,0,0,1,0,0
2652,pixel_transfer,1,1,1,1,0,2,0,15,2,1,0,0,1,0,0,0,1,0,0
2653,pixel_transfer,1,1,1,1,0,2,0,15,2,1,0,0,1,0,0,0,1,0,0
2654,pixel_transfer,1,1,1,1,0,2,0,15,2,1,0,0,1,0,0,0,1,0,0
2655,pixel_transfer,1,1,1,1,0,2,0,15,2,1,0,0,1,0,0,0,1,0,0
2656,pixel_transfer,1,1,1,1,0,2,0,15,2,1,0,0,1,0,0,0,1,0,0
2657,pixel_transfer,1,1,1,1,0,2,0,15,2,1,0,0,1,0,0,0,1,0,0
2658,pixel_transfer,1,1,1,1,0,2,0,15,2,1,0,0,1,0,0,0,1,0,0
2659,pixel_transfer,1,1,1,1,0,2,0,15,3,1,0,0,1,0,0,0,1,0,0
2660,pixel_transfer,1,1,1,1,0,2,0,15,2,1,0,1,1,0,0,0,1,0,0
2661,pixel_transfer,1,1,1,1,0,2,0,15,2,1,0,0,1,0,0,0,1,0,0
2662,pixel_transfer,1,1,1,1,0,2,0,15,3,1,0,0,1,0,0,0,1,0,0
2663,pixel_transfer,1,1,1,1,0,2,0,15,3,1,0,1,1,0,0,0,1,0,0
2664,line_marker,0,1,0,1,1,2,2,15,2,1,0,1,1,0,0,0,1,0,0
2665,pixel_transfer,1,1,1,1,0,0,0,15,2,1,0,0,1,0,0,0,1,0,0
2666,pixel_transfer,1,1,1,1,0,1,0,15,2,1,0,0,1,0,0,0,1,0,0
2667,pixel_transfer,1,1,1,1,0,1,0,15,3,1,0,0,1,0,0,0,1,0,0
2668,pixel_transfer,1,1,1,1,0,1,0,15,2,1,0,1,1,0,0,0,1,0,0
2669,pixel_transfer,1,1,1,1,0,1,0,15,2,1,0,0,1,0,0,0,1,0,0
2670,pixel_transfer,1,1,1,1,0,1,0,15,3,1,0,0,1,0,0,0,1,0,0
2671,pixel_transfer,1,1,1,1,0,1,0,15,2,1,0,1,1,0,0,0,1,0,0
2672,pixel_transfer,1,1,1,1,0,1,0,15,2,1,0,0,1,0,0,0,1,0,0
2673,pixel_transfer,1,1,1,1,0,1,0,15,3,1,0,0,1,0,0,1,1,0,0
2674,pixel_transfer,1,1,1,1,0,1,0,15,3,1,0,1,1,0,0,1,1,0,0
2675,pixel_transfer,1,1,1,1,0,1,0,15,2,1,0,1,1,0,0,0,1,0,0
2676,pixel_transfer,1,1,1,1,0,1,0,15,2,1,0,0,1,0,0,0,1,0,0
2677,pixel_transfer,1,1,1,1,0,1,0,15,3,1,0,0,1,0,0,0,1,0,0
2678,pixel_transfer,1,1,1,1,0,1,0,15,2,1,0,1,1,0,0,0,1,0,0
2679,pixel_transfer,1,1,1,1,0,1,0,15,2,1,0,0,1,0,0,0,1,0,0
2680,pixel_transfer,1,1,1,1,0,1,0,15,3,1,0,0,1,0,0,0,1,0,0
2681,pixel_transfer,1,1,1,1,0,1,0,15,3,1,0,1,1,0,0,0,1,0,0
2682,pixel_transfer,1,1,1,1,0,1,0,15,2,1,0,1,1,0,0,0,1,0,0
2683,pixel_transfer,1,1,1,1,0,1,0,15,2,1,0,0,1,0,0,1,1,0,0
2684,pixel_transfer,1,1,1,1,0,1,0,15,3,1,0,0,1,0,0,1,1,0,0
2685,pixel_transfer,1,1,1,1,0,1,0,15,2,1,0,1,1,0,0,0,1,0,0
2686,pixel_transfer,1,1,1,1,0,1,0,15,2,1,0,0,1,0,0,0,1,0,0
2687,pixel_transfer,1,1,1,1,0,1,0,15,3,1,0,0,1,0,0,0,1,0,0
2688,pixel_transfer,1,1,1,1,0,1,0,15,2,1,0,1,1,0,0,0,1,0,0
2689,pixel_transfer,1,1,1,1,0,1,1,15,2,1,0,0,1,0,0,0,1,0,0
2690,pixel_transfer,1,1,1,1,0,2,0,15,3,1,0,0,1,0,0,0,1,0,0
2691,pixel_transfer,1,1,1,1,0,2,0,15,2,1,0,1,1,0,0,0,1,0,0
2692,pixel_transfer,1,1,1,1,0,2,0,15,2,1,0,0,1,0,0,0,1,0,0
2693,pixel_transfer,1,1,1,1,0,2,0,15,3,1,0,0,1,0,0,1,1,0,0
2694,pixel_transfer,1,1,1,1,0,2,0,15,3,1,0,1,1,0,0,1,1,0,0
2695,pixel_transfer,1,1,1,1,0,2,0,15,2,1,0,1,1,0,0,0,1,0,0
2696,pixel_transfer,1,1,1,1,0,2,0,15,2,1,0,0,1,0,0,0,1,0,0
2697,pixel_transfer,1,1,1,1,0,2,0,15,3,1,0,0,1,0,0,0,1,0,0
2698,pixel_transfer,1,1,1,1,0,2,0,15,3,1,0,1,1,0,0,0,1,0,0
2699,pixel_transfer,1,1,1,1,0,2,0,15,2,1,0,1,1,0,0,0,1,0,0
2700,pixel_transfer,1,1,1,1,0,2,0,15,2,1,0,0,1,0,0,0,1,0,0
2701,pixel_transfer,1,1,1,1,0,2,0,15,2,1,0,0,1,0,0,0,1,0,0
2702,pixel_transfer,1,1,1,1,0,2,0,15,3,1,0,0,1,0,0,0,1,0,0
2703,pixel_transfer,1,1,1,1,0,2,0,15,3,1,0,1,1,0,0,1,1,0,0
2704,pixel_transfer,1,1,1,1,0,2,0,15,2,1,0,1,1,0,0,1,1,0,0
2705,pixel_transfer,1,1,1,1,0,2,0,15,2,1,0,0,1,0,0,0,1,0,0
2706,pixel_transfer,1,1,1,1,0,2,0,15,2,1,0,0,1,0,0,0,1,0,0
2707,pixel_transfer,1,1,1,1,0,2,0,15,3,1,0,0,1,0,0,0,1,0,0
2708,pixel_transfer,1,1,1,1,0,2,0,15,2,1,0,1,1,0,0,0,1,0,0
2709,pixel_transfer,1,1,1,1,0,2,0,15,2,1,0,0,1,0,0,0,1,0,0
2710,pixel_transfer,1,1,1,1,0,2,0,15,3,1,0,0,1,0,0,0,1,0,0
2711,pixel_transfer,1,1,1,1,0,2,0,15,3,1,0,1,1,0,0,0,1,0,0
2712,pixel_transfer,1,1,1,1,0,2,0,15,2,1,0,1,1,0,0,0,1,0,0
2713,line_marker,0,1,0,1,1,2,2,15,2,1,0,0,1,0,0,1,1,0,0
2714,pixel_transfer,1,1,1,1,0,0,0,15,2,1,0,0,1,0,0,1,1,0,0
2715,pixel_transfer,1,1,1,1,0,1,0,15,3,1,0,0,1,0,0,0,1,0,0
2716,pixel_transfer,1,1,1,1,0,1,0,15,2,1,0,1,1,0,0,0,1,0,0
2717,pixel_transfer,1,1,1,1,0,1,0,15,2,1,0,0,1,0,0,0,1,0,0
2718,pixel_transfer,1,1,1,1,0,1,0,15,3,1,0,0,1,0,0,0,1,0,0
2719,pixel_transfer,1,1,1,1,0,1,0,15,3,1,0,1,1,0,0,0,1,0,0
2720,pixel_transfer,1,1,1,1,0,1,0,15,2,1,0,1,1,0,0,0,1,0,0
2721,pixel_transfer,1,1,1,1,0,1,0,15,2,1,0,0,1,0,0,0,1,0,0
2722,pixel_transfer,1,1,1,1,0,1,0,15,3,1,0,0,1,0,0,0,1,0,0
2723,pixel_transfer,1,1,1,1,0,1,0,15,3,1,0,1,1,0,0,0,1,0,0
2724,pixel_transfer,1,1,1,1,0,1,0,15,2,1,0,1,1,0,0,1,1,0,0
2725,pixel_transfer,1,1,1,1,0,1,0,15,2,1,0,0,1,0,0,1,1,0,0
2726,pixel_transfer,1,1,1,1,0,1,0,15,3,1,0,0,1,0,0,0,1,0,0
2727,pixel_transfer,1,1,1,1,0,1,0,15,3,1,0,1,1,0,0,0,1,0,0
2728,pixel_transfer,1,1,1,1,0,1,0,15,2,1,0,1,1,0,0,0,1,0,0
2729,pixel_transfer,1,1,1,1,0,1,0,15,2,1,0,0,1,0,0,0,1,0,0
2730,pixel_transfer,1,1,1,1,0,1,0,15,3,1,0,0,1,0,0,0,1,0,0
2731,pixel_transfer,1,1,1,1,0,1,0,15,2,1,0,1,1,0,0,0,1,0,0
2732,pixel_transfer,1,1,1,1,0,1,0,15,2,1,0,0,1,0,0,1,1,0,0
2733,pixel_transfer,1,1,1,1,0,1,0,15,3,1,0,0,1,0,0,1,1,0,0
2734,pixel_transfer,1,1,1,1,0,1,0,15,2,1,0,1,1,0,0,0,1,0,0
2735,pixel_transfer,1,1,1,1,0,1,0,15,2,1,0,0,1,0,0,0,1,0,0
2736,pixel_transfer,1,1,1,1,0,1,0,15,2,1,0,0,1,0,0,0,1,0,0
2737,pixel_transfer,1,1,1,1,0,1,0,15,2,1,0,0,1,0,0,0,1,0,0
2738,pixel_transfer,1,1,1,1,0,1,1,15,2,1,0,0,1,0,0,0,1,0,0
2739,pixel_transfer,1,1,1,1,0,2,0,15,2,1,0,0,1,0,0,0,1,0,0
2740,pixel_transfer,1,1,1,1,0,2,0,15,2,1,0,0,1,0,0,0,1,0,0
2741,pixel_transfer,1,1,1,1,0,2,0,15,2,1,0,0,1,0,0,0,1,0,0
2742,pixel_transfer,1,1,1,1,0,2,0,15,2,1,0,0,1,0,0,0,1,0,0
2743,pixel_transfer,1,1,1,1,0,2,0,15,2,1,0,0,1,0,0,0,1,0,0
2744,pixel_transfer,1,1,1,1,0,2,0,15,2,1,0,0,1,0,0,0,1,0,0
2745,pixel_transfer,1,1,1,1,0,2,0,15,2,1,0,0,1,0,0,0,1,0,0
2746,pixel_transfer,1,1,1,1,0,2,0,15,2,1,0,0,1,0,0,0,1,0,0
2747,pixel_transfer,1,1,1,1,0,2,0,15,2,1,0,0,1,0,0,0,1,0,0
2748,pixel_transfer,1,1,1,1,0,2,0,15,2,1,0,0,1,0,0,0,1,0,0
2749,pixel_transfer,1,1,1,1,0,2,0,15,2,1,0,0,1,0,0,0,1,0,0
2750,pixel_transfer,1,1,1,1,0,2,0,15,2,1,0,0,1,0,0,0,1,0,0
2751,pixel_transfer,1,1,1,1,0,2,0,15,2,1,0,0,1,0,0,0,1,0,0
2752,pixel_transfer,1,1,1,1,0,2,0,15,2,1,0,0,1,0,0,0,1,0,0
2753,pixel_transfer,1,1,1,1,0,2,0,15,2,1,0,0,1,0,0,0,1,0,0
2754,pixel_transfer,1,1,1,1,0,2,0,15,2,1,0,0,1,0,0,0,1,0,0
2755,pixel_transfer,1,1,1,1,0,2,0,15,3,1,0,0,1,0,0,0,1,0,0
2756,pixel_transfer,1,1,1,1,0,2,0,15,3,1,0,1,1,0,0,0,1,0,0
2757,pixel_transfer,1,1,1,1,0,2,0,15,2,1,0,1,1,0,0,0,1,0,0
2758,pixel_transfer,1,1,1,1,0,2,0,15,2,1,0,0,1,0,0,0,1,0,0
2759,pixel_transfer,1,1,1,1,0,2,0,15,3,1,0,0,1,0,0,0,1,0,0
2760,pixel_transfer,1,1,1,1,0,2,0,15,2,1,0,1,1,0,0,0,1,0,0
2761,pixel_transfer,1,1,1,1,0,2,0,15,2,1,0,0,1,0,0,1,1,0,0
2762,line_marker,0,1,0,1,1,2,2,15,3,1,0,0,1,0,0,1,1,0,0
2763,pixel_transfer,1,1,1,1,0,0,0,15,2,1,0,1,1,0,0,0,1,0,0
2764,pixel_transfer,1,1,1,1,0,1,0,15,2,1,0,0,1,0,0,0,1,0,0
2765,pixel_transfer,1,1,1,1,0,1,0,15,3,1,0,0,1,0,0,0,1,0,0
2766,pixel_transfer,1,1,1,1,0,1,0,15,2,1,0,1,1,0,0,0,1,0,0
2767,pixel_transfer,1,1,1,1,0,1,0,15,2,1,0,0,1,0,0,0,1,0,0
2768,pixel_transfer,1,1,1,1,0,1,0,15,3,1,0,0,1,0,0,0,1,0,0
2769,pixel_transfer,1,1,1,1,0,1,0,15,3,1,0,1,1,0,0,0,1,0,0
2770,pixel_transfer,1,1,1,1,0,1,0,15,2,1,0,1,1,0,0,0,1,0,0
2771,pixel_transfer,1,1,1,1,0,1,0,15,2,1,0,0,1,0,0,1,1,0,0
2772,pixel_transfer,1,1,1,1,0,1,0,15,3,1,0,0,1,0,0,1,1,0,0
2773,pixel_transfer,1,1,1,1,0,1,0,15,2,1,0,1,1,0,0,0,1,0,0
2774,pixel_transfer,1,1,1,1,0,1,0,15,2,1,0,0,1,0,0,0,1,0,0
2775,pixel_transfer,1,1,1,1,0,1,0,15,3,1,0,0,1,0,0,0,1,0,0
2776,pixel_transfer,1,1,1,1,0,1,0,15,3,1,0,1,1,0,0,0,1,0,0
2777,pixel_transfer,1,1,1,1,0,1,0,15,2,1,0,1,1,0,0,0,1,0,0
2778,pixel_transfer,1,1,1,1,0,1,0,15,2,1,0,0,1,0,0,0,1,0,0
2779,pixel_transfer,1,1,1,1,0,1,0,15,3,1,0,0,1,0,0,0,1,0,0
2780,pixel_transfer,1,1,1,1,0,1,0,15,3,1,0,1,1,0,0,0,1,0,0
2781,pixel_transfer,1,1,1,1,0,1,0,15,2,1,0,1,1,0,0,1,1,0,0
2782,pixel_transfer,1,1,1,1,0,1,0,15,2,1,0,0,1,0,0,1,1,0,0
2783,pixel_transfer,1,1,1,1,0,1,0,15,3,1,0,0,1,0,0,0,1,0,0
2784,pixel_transfer,1,1,1,1,0,1,0,15,3,1,0,1,1,0,0,0,1,0,0
2785,pixel_transfer,1,1,1,1,0,1,0,15,2,1,0,1,1,0,0,0,1,0,0
2786,pixel_transfer,1,1,1,1,0,1,0,15,2,1,0,0,1,0,0,0,1,0,0
2787,pixel_transfer,1,1,1,1,0,1,1,15,3,1,0,0,1,0,0,0,1,0,0
2788,pixel_transfer,1,1,1,1,0,2,0,15,2,1,0,1,1,0,0,0,1,0,0
2789,pixel_transfer,1,1,1,1,0,2,0,15,2,1,0,0,1,0,0,1,1,0,0
2790,pixel_transfer,1,1,1,1,0,2,0,15,3,1,0,0,1,0,0,1,1,0,0
2791,pixel_transfer,1,1,1,1,0,2,0,15,3,1,0,1,1,0,0,0,1,0,0
2792,pixel_transfer,1,1,1,1,0,2,0,15,2,1,0,1,1,0,0,0,1,0,0
2793,pixel_transfer,1,1,1,1,0,2,0,15,2,1,0,0,1,0,0,0,1,0,0
2794,pixel_transfer,1,1,1,1,0,2,0,15,2,1,0,0,1,0,0,0,1,0,0
2795,pixel_transfer,1,1,1,1,0,2,0,15,2,1,0,0,1,0,0,0,1,0,0
2796,pixel_transfer,1,1,1,1,0,2,0,15,2,1,0,0,1,0,0,0,1,0,0
2797,pixel_transfer,1,1,1,1,0,2,0,15,2,1,0,0,1,0,0,1,1,0,0
2798,pixel_transfer,1,1,1,1,0,2,0,15,2,1,0,0,1,0,0,1,1,0,0
2799,pixel_transfer,1,1,1,1,0,2,0,15,2,1,0,0,1,0,0,0,1,0,0
2800,pixel_transfer,1,1,1,1,0,2,0,15,3,1,0,0,1,0,0,0,1,0,0
2801,pixel_transfer,1,1,1,1,0,2,0,15,2,1,0,1,1,0,0,0,1,0,0
2802,pixel_transfer,1,1,1,1,0,2,0,15,2,1,0,0,1,0,0,0,1,0,0
2803,pixel_transfer,1,1,1,1,0,2,0,15,3,1,0,0,1,0,0,0,1,0,0
2804,pixel_transfer,1,1,1,1,0,2,0,15,3,1,0,1,1,0,0,0,1,0,0
2805,pixel_transfer,1,1,1,1,0,2,0,15,2,1,0,1,1,0,0,0,1,0,0
2806,pixel_transfer,1,1,1,1,0,2,0,15,2,1,0,0,1,0,0,0,1,0,0
2807,pixel_transfer,1,1,1,1,0,2,0,15,3,1,0,0,1,0,0,0,1,0,0
2808,pixel_transfer,1,1,1,1,0,2,0,15,2,1,0,1,1,0,0,0,1,0,0
2809,pixel_transfer,1,1,1,1,0,2,0,15,2,1,0,0,1,0,0,0,1,0,0
2810,pixel_transfer,1,1,1,1,0,2,0,15,3,1,0,0,1,0,0,0,1,0,0
2811,line_marker,0,1,0,1,1,2,2,15,2,1,0,1,1,0,0,0,1,0,0
2812,pixel_transfer,1,1,1,1,0,0,0,15,2,1,0,0,1,0,0,0,1,0,0
2813,pixel_transfer,1,1,1,1,0,1,0,15,3,1,0,0,1,0,0,1,1,0,0
2814,pixel_transfer,1,1,1,1,0,1,0,15,3,1,0,1,1,0,0,1,1,0,0
2815,pixel_transfer,1,1,1,1,0,1,0,15,2,1,0,1,1,0,0,0,1,0,0
2816,pixel_transfer,1,1,1,1,0,1,0,15,2,1,0,0,1,0,0,0,1,0,0
2817,pixel_transfer,1,1,1,1,0,1,0,15,3,1,0,0,1,0,0,0,1,0,0
2818,pixel_transfer,1,1,1,1,0,1,0,15,3,1,0,1,1,0,0,0,1,0,0
2819,pixel_transfer,1,1,1,1,0,1,0,15,2,1,0,1,1,0,0,0,1,0,0
2820,pixel_transfer,1,1,1,1,0,1,0,15,2,1,0,0,1,0,0,0,1,0,0
2821,pixel_transfer,1,1,1,1,0,1,0,15,3,1,0,0,1,0,0,0,1,0,0
2822,pixel_transfer,1,1,1,1,0,1,0,15,2,1,0,1,1,0,0,0,1,0,0
2823,pixel_transfer,1,1,1,1,0,1,0,15,2,1,0,0,1,0,0,1,1,0,0
2824,pixel_transfer,1,1,1,1,0,1,0,15,3,1,0,0,1,0,0,1,1,0,0
2825,pixel_transfer,1,1,1,1,0,1,0,15,2,1,0,1,1,0,0,0,1,0,0
2826,pixel_transfer,1,1,1,1,0,1,0,15,2,1,0,0,1,0,0,0,1,0,0
2827,pixel_transfer,1,1,1,1,0,1,0,15,2,1,0,0,1,0,0,0,1,0,0
2828,pixel_transfer,1,1,1,1,0,1,0,15,2,1,0,0,1,0,0,0,1,0,0
2829,pixel_transfer,1,1,1,1,0,1,0,15,3,1,0,0,1,0,0,0,1,0,0
2830,pixel_transfer,1,1,1,1,0,1,0,15,2,1,0,1,1,0,0,0,1,0,0
2831,pixel_transfer,1,1,1,1,0,1,0,15,2,1,0,0,1,0,0,0,1,0,0
2832,pixel_transfer,1,1,1,1,0,1,0,15,3,1,0,0,1,0,0,0,1,0,0
2833,pixel_transfer,1,1,1,1,0,1,0,15,2,1,0,1,1,0,0,0,1,0,0
2834,pixel_transfer,1,1,1,1,0,1,0,15,2,1,0,0,1,0,0,0,1,0,0
2835,pixel_transfer,1,1,1,1,0,1,0,15,2,1,0,0,1,0,0,1,1,0,0
2836,pixel_transfer,1,1,1,1,0,1,1,15,3,1,0,0,1,0,0,1,1,0,0
2837,pixel_transfer,1,1,1,1,0,2,0,15,3,1,0,1,1,0,0,0,1,0,0
2838,pixel_transfer,1,1,1,1,0,2,0,15,2,1,0,1,1,0,0,0,1,0,0
2839,pixel_transfer,1,1,1,1,0,2,0,15,2,1,0,0,1,0,0,0,1,0,0
2840,pixel_transfer,1,1,1,1,0,2,0,15,3,1,0,0,1,0,0,0,1,0,0
2841,pixel_transfer,1,1,1,1,0,2,0,15,2,1,0,1,1,0,0,0,1,0,0
2842,pixel_transfer,1,1,1,1,0,2,0,15,2,1,0,0,1,0,0,0,1,0,0
2843,pixel_transfer,1,1,1,1,0,2,0,15,3,1,0,0,1,0,0,0,1,0,0
2844,pixel_transfer,1,1,1,1,0,2,0,15,2,1,0,1,1,0,0,0,1,0,0
2845,pixel_transfer,1,1,1,1,0,2,0,15,2,1,0,0,1,0,0,0,1,0,0
2846,pixel_transfer,1,1,1,1,0,2,0,15,3,1,0,0,1,0,0,1,1,0,0
2847,pixel_transfer,1,1,1,1,0,2,0,15,2,1,0,1,1,0,0,1,1,0,0
2848,pixel_transfer,1,1,1,1,0,2,0,15,2,1,0,0,1,0,0,0,1,0,0
2849,pixel_transfer,1,1,1,1,0,2,0,15,3,1,0,0,1,0,0,0,1,0,0
2850,pixel_transfer,1,1,1,1,0,2,0,15,2,1,0,1,1,0,0,0,1,0,0
2851,pixel_transfer,1,1,1,1,0,2,0,15,2,1,0,0,1,0,0,0,1,0,0
2852,pixel_transfer,1,1,1,1,0,2,0,15,3,1,0,0,1,0,0,0,1,0,0
2853,pixel_transfer,1,1,1,1,0,2,0,15,3,1,0,1,1,0,0,0,1,0,0
2854,pixel_transfer,1,1,1,1,0,2,0,15,2,1,0,1,1,0,0,0,1,0,0
2855,pixel_transfer,1,1,1,1,0,2,0,15,2,1,0,0,1,0,0,0,1,0,0
2856,pixel_transfer,1,1,1,1,0,2,0,15,3,1,0,0,1,0,0,0,1,0,0
2857,pixel_transfer,1,1,1,1,0,2,0,15,2,1,0,1,1,0,0,0,1,0,0
2858,pixel_transfer,1,1,1,1,0,2,0,15,2,1,0,0,1,0,0,1,1,0,0
2859,pixel_transfer,1,1,1,1,0,2,0,15,3,1,0,0,1,0,0,1,1,0,0
2860,line_marker,0,1,0,1,1,2,2,15,3,1,0,1,1,0,0,0,1,0,0
2861,pixel_transfer,1,1,1,1,0,0,0,15,3,1,0,1,1,0,0,0,1,0,0
2862,pixel_transfer,1,1,1,1,0,1,0,15,2,1,0,1,1,0,0,0,1,0,0
2863,pixel_transfer,1,1,1,1,0,1,0,15,2,1,0,0,1,0,0,0,1,0,0
2864,pixel_transfer,1,1,1,1,0,1,0,15,2,1,0,0,1,0,0,0,1,0,0
2865,pixel_transfer,1,1,1,1,0,1,0,15,2,1,0,0,1,0,0,0,1,0,0
2866,pixel_transfer,1,1,1,1,0,1,0,15,3,1,0,0,1,0,0,1,1,0,0
2867,pixel_transfer,1,1,1,1,0,1,0,15,3,1,0,1,1,0,0,1,1,0,0
2868,pixel_transfer,1,1,1,1,0,1,0,15,2,1,0,1,1,0,0,0,1,0,0
2869,pixel_transfer,1,1,1,1,0,1,0,15,2,1,0,0,1,0,0,0,1,0,0
2870,pixel_transfer,1,1,1,1,0,1,0,15,2,1,0,0,1,0,0,0,1,0,0
2871,pixel_transfer,1,1,1,1,0,1,0,15,2,1,0,0,1,0,0,0,1,0,0
2872,pixel_transfer,1,1,1,1,0,1,0,15,2,1,0,0,1,0,0,0,1,0,0
2873,pixel_transfer,1,1,1,1,0,1,0,15,2,1,0,0,1,0,0,0,1,0,0
2874,pixel_transfer,1,1,1,1,0,1,0,15,2,1,0,0,1,0,0,0,1,0,0
2875,pixel_transfer,1,1,1,1,0,1,0,15,2,1,0,0,1,0,0,0,1,0,0
2876,pixel_transfer,1,1,1,1,0,1,0,15,2,1,0,0,1,0,0,0,1,0,0
2877,pixel_transfer,1,1,1,1,0,1,0,15,2,1,0,0,1,0,0,0,1,0,0
2878,pixel_transfer,1,1,1,1,0,1,0,15,2,1,0,0,1,0,0,0,1,0,0
2879,pixel_transfer,1,1,1,1,0,1,0,15,2,1,0,0,1,0,0,0,1,0,0
2880,pixel_transfer,1,1,1,1,0,1,0,15,2,1,0,0,1,0,0,0,1,0,0
2881,pixel_transfer,1,1,1,1,0,1,0,15,3,1,0,0,1,0,0,0,1,0,0
2882,pixel_transfer,1,1,1,1,0,1,0,15,2,1,0,1,1,0,0,0,1,0,0
2883,pixel_transfer,1,1,1,1,0,1,0,15,2,1,0,0,1,0,0,0,1,0,0
2884,pixel_transfer,1,1,1,1,0,1,0,15,2,1,0,0,1,0,0,0,1,0,0
2885,pixel_transfer,1,1,1,1,0,1,1,15,3,1,0,0,1,0,0,0,1,0,0
2886,pixel_transfer,1,1,1,1,0,2,0,15,2,1,0,1,1,0,0,0,1,0,0
2887,pixel_transfer,1,1,1,1,0,2,0,15,2,1,0,0,1,0,0,1,1,0,0
2888,pixel_transfer,1,1,1,1,0,2,0,15,3,1,0,0,1,0,0,1,1,0,0
2889,pixel_transfer,1,1,1,1,0,2,0,15,2,1,0,1,1,0,0,0,1,0,0
2890,pixel_transfer,1,1,1,1,0,2,0,15,2,1,0,0,1,0,0,0,1,0,0
2891,pixel_transfer,1,1,1,1,0,2,0,15,2,1,0,0,1,0,0,0,1,0,0
2892,pixel_transfer,1,1,1,1,0,2,0,15,2,1,0,0,1,0,0,0,1,0,0
2893,pixel_transfer,1,1,1,1,0,2,0,15,2,1,0,0,1,0,0,0,1,0,0
2894,pixel_transfer,1,1,1,1,0,2,0,15,2,1,0,0,1,0,0,0,1,0,0
2895,pixel_transfer,1,1,1,1,0,2,0,15,2,1,0,0,1,0,0,0,1,0,0
2896,pixel_transfer,1,1,1,1,0,2,0,15,2,1,0,0,1,0,0,0,1,0,0
2897,pixel_transfer,1,1,1,1,0,2,0,15,3,1,0,0,1,0,0,0,1,0,0
2898,pixel_transfer,1,1,1,1,0,2,0,15,3,1,0,1,1,0,0,0,1,0,0
2899,pixel_transfer,1,1,1,1,0,2,0,15,2,1,0,1,1,0,0,0,1,0,0
2900,pixel_transfer,1,1,1,1,0,2,0,15,2,1,0,0,1,0,0,0,1,0,0
2901,pixel_transfer,1,1,1,1,0,2,0,15,3,1,0,0,1,0,0,0,1,0,0
2902,pixel_transfer,1,1,1,1,0,2,0,15,2,1,0,1,1,0,0,0,1,0,0
2903,pixel_transfer,1,1,1,1,0,2,0,15,2,1,0,0,1,0,0,0,1,0,0
2904,pixel_transfer,1,1,1,1,0,2,0,15,3,1,0,0,1,0,0,1,1,0,0
2905,pixel_transfer,1,1,1,1,0,2,0,15,2,1,0,1,1,0,0,1,1,0,0
2906,pixel_transfer,1,1,1,1,0,2,0,15,2,1,0,0,1,0,0,0,1,0,0
2907,pixel_transfer,1,1,1,1,0,2,0,15,3,1,0,0,1,0,0,0,1,0,0
2908,pixel_transfer,1,1,1,1,0,2,0,15,2,1,0,1,1,0,0,0,1,0,0
2909,line_marker,0,1,0,1,1,2,2,15,2,1,0,0,1,0,0,0,1,0,0
2910,pixel_transfer,1,1,1,1,0,0,0,15,3,1,0,0,1,0,0,0,1,0,0
2911,pixel_transfer,1,1,1,1,0,1,0,15,2,1,0,1,1,0,0,0,1,0,0
2912,pixel_transfer,1,1,1,1,0,1,0,15,2,1,0,0,1,0,0,0,1,0,0
2913,pixel_transfer,1,1,1,1,0,1,0,15,3,1,0,0,1,0,0,0,1,0,0
2914,pixel_transfer,1,1,1,1,0,1,0,15,3,1,0,1,1,0,0,0,1,0,0
2915,pixel_transfer,1,1,1,1,0,1,0,15,2,1,0,1,1,0,0,0,1,0,0
2916,pixel_transfer,1,1,1,1,0,1,0,15,2,1,0,0,1,0,0,1,1,0,0
2917,pixel_transfer,1,1,1,1,0,1,0,15,3,1,0,0,1,0,0,1,1,0,0
2918,pixel_transfer,1,1,1,1,0,1,0,15,3,1,0,1,1,0,0,0,1,0,0
2919,pixel_transfer,1,1,1,1,0,1,0,15,3,1,0,1,1,0,0,0,1,0,0
2920,pixel_transfer,1,1,1,1,0,1,0,15,3,1,0,1,1,0,0,0,1,0,0
2921,pixel_transfer,1,1,1,1,0,1,0,15,2,1,0,1,1,0,0,0,1,0,0
2922,pixel_transfer,1,1,1,1,0,1,0,15,2,1,0,0,1,0,0,0,1,0,0
2923,pixel_transfer,1,1,1,1,0,1,0,15,3,1,0,0,1,0,0,0,1,0,0
2924,pixel_transfer,1,1,1,1,0,1,0,15,3,1,0,1,1,0,0,1,1,0,0
2925,pixel_transfer,1,1,1,1,0,1,0,15,2,1,0,1,1,0,0,1,1,0,0
2926,pixel_transfer,1,1,1,1,0,1,0,15,2,1,0,0,1,0,0,0,1,0,0
2927,pixel_transfer,1,1,1,1,0,1,0,15,2,1,0,0,1,0,0,0,1,0,0
2928,pixel_transfer,1,1,1,1,0,1,0,15,2,1,0,0,1,0,0,0,1,0,0
2929,pixel_transfer,1,1,1,1,0,1,0,15,2,1,0,0,1,0,0,0,1,0,0
2930,pixel_transfer,1,1,1,1,0,1,0,15,2,1,0,0,1,0,0,1,1,0,0
2931,pixel_transfer,1,1,1,1,0,1,0,15,2,1,0,0,1,0,0,1,1,0,0
2932,pixel_transfer,1,1,1,1,0,1,0,15,3,1,0,0,1,0,0,0,1,0,0
2933,pixel_transfer,1,1,1,1,0,1,0,15,2,1,0,1,1,0,0,0,1,0,0
2934,pixel_transfer,1,1,1,1,0,1,1,15,2,1,0,0,1,0,0,0,1,0,0
2935,pixel_transfer,1,1,1,1,0,2,0,15,3,1,0,0,1,0,0,0,1,0,0
2936,pixel_transfer,1,1,1,1,0,2,0,15,3,1,0,1,1,0,0,0,1,0,0
2937,pixel_transfer,1,1,1,1,0,2,0,15,2,1,0,1,1,0,0,0,1,0,0
2938,pixel_transfer,1,1,1,1,0,2,0,15,2,1,0,0,1,0,0,0,1,0,0
2939,pixel_transfer,1,1,1,1,0,2,0,15,2,1,0,0,1,0,0,0,1,0,0
2940,pixel_transfer,1,1,1,1,0,2,0,15,3,1,0,0,1,0,0,0,1,0,0
2941,pixel_transfer,1,1,1,1,0,2,0,15,3,1,0,1,1,0,0,0,1,0,0
2942,pixel_transfer,1,1,1,1,0,2,0,15,2,1,0,1,1,0,0,0,1,0,0
2943,pixel_transfer,1,1,1,1,0,2,0,15,2,1,0,0,1,0,0,0,1,0,0
2944,pixel_transfer,1,1,1,1,0,2,0,15,2,1,0,0,1,0,0,0,1,0,0
2945,pixel_transfer,1,1,1,1,0,2,0,15,3,1,0,0,1,0,0,0,1,0,0
2946,pixel_transfer,1,1,1,1,0,2,0,15,3,1,0,1,1,0,0,1,1,0,0
2947,pixel_transfer,1,1,1,1,0,2,0,15,2,1,0,1,1,0,0,1,1,0,0
2948,pixel_transfer,1,1,1,1,0,2,0,15,2,1,0,0,1,0,0,0,1,0,0
2949,pixel_transfer,1,1,1,1,0,2,0,15,3,1,0,0,1,0,0,0,1,0,0
2950,pixel_transfer,1,1,1,1,0,2,0,15,3,1,0,1,1,0,0,0,1,0,0
2951,pixel_transfer,1,1,1,1,0,2,0,15,2,1,0,1,1,0,0,0,1,0,0
2952,pixel_transfer,1,1,1,1,0,2,0,15,2,1,0,0,1,0,0,0,1,0,0
2953,pixel_transfer,1,1,1,1,0,2,0,15,2,1,0,0,1,0,0,0,1,0,0
2954,pixel_transfer,1,1,1,1,0,2,0,15,2,1,0,0,1,0,0,0,1,0,0
2955,pixel_transfer,1,1,1,1,0,2,0,15,3,1,0,0,1,0,0,1,1,0,0
2956,pixel_transfer,1,1,1,1,0,2,0,15,2,1,0,1,1,0,0,1,1,0,0
2957,pixel_transfer,1,1,1,1,0,2,0,15,2,1,0,0,1,0,0,0,1,0,0
2958,line_marker,0,1,0,1,1,2,2,15,3,1,0,0,1,0,0,0,1,0,0
2959,pixel_transfer,1,1,1,1,0,0,0,15,2,1,0,1,1,0,0,0,1,0,0
2960,pixel_transfer,1,1,1,1,0,1,0,15,2,1,0,0,1,0,0,0,1,0,0
2961,pixel_transfer,1,1,1,1,0,1,0,15,3,1,0,0,1,0,0,0,1,0,0
2962,pixel_transfer,1,1,1,1,0,1,0,15,3,1,0,1,1,0,0,0,1,0,0
2963,pixel_transfer,1,1,1,1,0,1,0,15,3,1,0,1,1,0,0,0,1,0,0
2964,pixel_transfer,1,1,1,1,0,1,0,15,2,1,0,1,1,0,0,0,1,0,0
2965,pixel_transfer,1,1,1,1,0,1,0,15,2,1,0,0,1,0,0,0,1,0,0
2966,pixel_transfer,1,1,1,1,0,1,0,15,3,1,0,0,1,0,0,0,1,0,0
2967,pixel_transfer,1,1,1,1,0,1,0,15,2,1,0,1,1,0,0,1,1,0,0
2968,pixel_transfer,1,1,1,1,0,1,0,15,2,1,0,0,1,0,0,1,1,0,0
2969,pixel_transfer,1,1,1,1,0,1,0,15,3,1,0,0,1,0,0,0,1,0,0
2970,pixel_transfer,1,1,1,1,0,1,0,15,2,1,0,1,1,0,0,0,1,0,0
2971,pixel_transfer,1,1,1,1,0,1,0,15,2,1,0,0,1,0,0,0,1,0,0
2972,pixel_transfer,1,1,1,1,0,1,0,15,2,1,0,0,1,0,0,0,1,0,0
2973,pixel_transfer,1,1,1,1,0,1,0,15,2,1,0,0,1,0,0,0,1,0,0
2974,pixel_transfer,1,1,1,1,0,1,0,15,2,1,0,0,1,0,0,0,1,0,0
2975,pixel_transfer,1,1,1,1,0,1,0,15,2,1,0,0,1,0,0,1,1,0,0
2976,pixel_transfer,1,1,1,1,0,1,0,15,2,1,0,0,1,0,0,1,1,0,0
2977,pixel_transfer,1,1,1,1,0,1,0,15,2,1,0,0,1,0,0,0,1,0,0
2978,pixel_transfer,1,1,1,1,0,1,0,15,2,1,0,0,1,0,0,0,1,0,0
2979,pixel_transfer,1,1,1,1,0,1,0,15,2,1,0,0,1,0,0,0,1,0,0
2980,pixel_transfer,1,1,1,1,0,1,0,15,2,1,0,0,1,0,0,0,1,0,0
2981,pixel_transfer,1,1,1,1,0,1,0,15,2,1,0,0,1,0,0,0,1,0,0
2982,pixel_transfer,1,1,1,1,0,1,0,15,2,1,0,0,1,0,0,0,1,0,0
2983,pixel_transfer,1,1,1,1,0,1,1,15,3,1,0,0,1,0,0,0,1,0,0
2984,pixel_transfer,1,1,1,1,0,2,0,15,3,1,0,1,1,0,0,0,1,0,0
2985,pixel_transfer,1,1,1,1,0,2,0,15,2,1,0,1,1,0,0,0,1,0,0
2986,pixel_transfer,1,1,1,1,0,2,0,15,2,1,0,0,1,0,0,0,1,0,0
2987,pixel_transfer,1,1,1,1,0,2,0,15,2,1,0,0,1,0,0,0,1,0,0
2988,pixel_transfer,1,1,1,1,0,2,0,15,3,1,0,0,1,0,0,0,1,0,0
2989,pixel_transfer,1,1,1,1,0,2,0,15,2,1,0,1,1,0,0,0,1,0,0
2990,pixel_transfer,1,1,1,1,0,2,0,15,2,1,0,0,1,0,0,0,1,0,0
2991,pixel_transfer,1,1,1,1,0,2,0,15,3,1,0,0,1,0,0,0,1,0,0
2992,pixel_transfer,1,1,1,1,0,2,0,15,2,1,0,1,1,0,0,0,1,0,0
2993,pixel_transfer,1,1,1,1,0,2,0,15,2,1,0,0,1,0,0,0,1,0,0
2994,pixel_transfer,1,1,1,1,0,2,0,15,3,1,0,0,1,0,0,0,1,0,0
2995,pixel_transfer,1,1,1,1,0,2,0,15,2,1,0,1,1,0,0,0,1,0,0
2996,pixel_transfer,1,1,1,1,0,2,0,15,2,1,0,0,1,0,0,0,1,0,0
2997,pixel_transfer,1,1,1,1,0,2,0,15,3,1,0,0,1,0,0,1,1,0,0
2998,pixel_transfer,1,1,1,1,0,2,0,15,2,1,0,1,1,0,0,1,1,0,0
2999,pixel_transfer,1,1,1,1,0,2,0,15,2,1,0,0,1,0,0,0,1,0,0
3000,pixel_transfer,1,1,1,1,0,2,0,15,3,1,0,0,1,0,0,0,1,0,0
3001,pixel_transfer,1,1,1,1,0,2,0,15,3,1,0,1,1,0,0,0,1,0,0
3002,pixel_transfer,1,1,1,1,0,2,0,15,2,1,0,1,1,0,0,0,1,0,0
3003,pixel_transfer,1,1,1,1,0,2,0,15,2,1,0,0,1,0,0,0,1,0,0
3004,pixel_transfer,1,1,1,1,0,2,0,15,2,1,0,0,1,0,0,0,1,0,0
3005,pixel_transfer,1,1,1,1,0,2,0,15,3,1,0,0,1,0,0,0,1,0,0
3006,pixel_transfer,1,1,1,1,0,2,0,15,2,1,0,1,1,0,0,0,1,0,0
3007,line_marker,0,1,0,1,1,2,2,15,2,1,0,0,1,0,0,1,1,0,0
3008,pixel_transfer,1,1,1,1,0,0,0,15,2,1,0,0,1,0,0,1,1,0,0
3009,pixel_transfer,1,1,1,1,0,1,0,15,3,1,0,0,1,0,0,0,1,0,0
3010,pixel_transfer,1,1,1,1,0,1,0,15,3,1,0,1,1,0,0,0,1,0,0
3011,pixel_transfer,1,1,1,1,0,1,0,15,2,1,0,1,1,0,0,0,1,0,0
3012,pixel_transfer,1,1,1,1,0,1,0,15,2,1,0,0,1,0,0,0,1,0,0
3013,pixel_transfer,1,1,1,1,0,1,0,15,3,1,0,0,1,0,0,0,1,0,0
3014,pixel_transfer,1,1,1,1,0,1,0,15,3,1,0,1,1,0,0,0,1,0,0
3015,pixel_transfer,1,1,1,1,0,1,0,15,3,1,0,1,1,0,0,0,1,0,0
3016,pixel_transfer,1,1,1,1,0,1,0,15,2,1,0,1,1,0,0,0,1,0,0
3017,pixel_transfer,1,1,1,1,0,1,0,15,2,1,0,0,1,0,0,0,1,0,0
3018,pixel_transfer,1,1,1,1,0,1,0,15,3,1,0,0,1,0,0,0,1,0,0
3019,pixel_transfer,1,1,1,1,0,1,0,15,2,1,0,1,1,0,0,1,1,0,0
3020,pixel_transfer,1,1,1,1,0,1,0,15,2,1,0,0,1,0,0,1,1,0,0
3021,pixel_transfer,1,1,1,1,0,1,0,15,3,1,0,0,1,0,0,0,1,0,0
3022,pixel_transfer,1,1,1,1,0,1,0,15,3,1,0,1,1,0,0,0,1,0,0
3023,pixel_transfer,1,1,1,1,0,1,0,15,2,1,0,1,1,0,0,0,1,0,0
3024,pixel_transfer,1,1,1,1,0,1,0,15,2,1,0,0,1,0,0,0,1,0,0
3025,pixel_transfer,1,1,1,1,0,1,0,15,2,1,0,0,1,0,0,0,1,0,0
3026,pixel_transfer,1,1,1,1,0,1,0,15,3,1,0,0,1,0,0,0,1,0,0
3027,pixel_transfer,1,1,1,1,0,1,0,15,2,1,0,1,1,0,0,1,1,0,0
3028,pixel_transfer,1,1,1,1,0,1,0,15,2,1,0,0,1,0,0,1,1,0,0
3029,pixel_transfer,1,1,1,1,0,1,0,15,2,1,0,0,1,0,0,0,1,0,0
3030,pixel_transfer,1,1,1,1,0,1,0,15,2,1,0,0,1,0,0,0,1,0,0
3031,pixel_transfer,1,1,1,1,0,1,0,15,2,1,0,0,1,0,0,0,1,0,0
3032,pixel_transfer,1,1,1,1,0,1,1,15,2,1,0,0,1,0,0,0,1,0,0
3033,pixel_transfer,1,1,1,1,0,2,0,15,2,1,0,0,1,0,0,0,1,0,0
3034,pixel_transfer,1,1,1,1,0,2,0,15,3,1,0,0,1,0,0,0,1,0,0
3035,pixel_transfer,1,1,1,1,0,2,0,15,3,1,0,1,1,0,0,0,1,0,0
3036,pixel_transfer,1,1,1,1,0,2,0,15,2,1,0,1,1,0,0,0,1,0,0
3037,pixel_transfer,1,1,1,1,0,2,0,15,2,1,0,0,1,0,0,0,1,0,0
3038,pixel_transfer,1,1,1,1,0,2,0,15,3,1,0,0,1,0,0,0,1,0,0
3039,pixel_transfer,1,1,1,1,0,2,0,15,2,1,0,1,1,0,0,0,1,0,0
3040,pixel_transfer,1,1,1,1,0,2,0,15,2,1,0,0,1,0,0,0,1,0,0
3041,pixel_transfer,1,1,1,1,0,2,0,15,3,1,0,0,1,0,0,1,1,0,0
3042,pixel_transfer,1,1,1,1,0,2,0,15,2,1,0,1,1,0,0,1,1,0,0
3043,pixel_transfer,1,1,1,1,0,2,0,15,2,1,0,0,1,0,0,0,1,0,0
3044,pixel_transfer,1,1,1,1,0,2,0,15,3,1,0,0,1,0,0,0,1,0,0
3045,pixel_transfer,1,1,1,1,0,2,0,15,2,1,0,1,1,0,0,0,1,0,0
3046,pixel_transfer,1,1,1,1,0,2,0,15,2,1,0,0,1,0,0,0,1,0,0
3047,pixel_transfer,1,1,1,1,0,2,0,15,3,1,0,0,1,0,0,0,1,0,0
3048,pixel_transfer,1,1,1,1,0,2,0,15,2,1,0,1,1,0,0,0,1,0,0
3049,pixel_transfer,1,1,1,1,0,2,0,15,2,1,0,0,1,0,0,0,1,0,0
3050,pixel_transfer,1,1,1,1,0,2,0,15,3,1,0,0,1,0,0,0,1,0,0
3051,pixel_transfer,1,1,1,1,0,2,0,15,3,1,0,1,1,0,0,0,1,0,0
3052,pixel_transfer,1,1,1,1,0,2,0,15,2,1,0,1,1,0,0,0,1,0,0
3053,pixel_transfer,1,1,1,1,0,2,0,15,2,1,0,0,1,0,0,1,1,0,0
3054,pixel_transfer,1,1,1,1,0,2,0,15,2,1,0,0,1,0,0,1,1,0,0
3055,pixel_transfer,1,1,1,1,0,2,0,15,3,1,0,0,1,0,0,0,1,0,0
3056,line_marker,0,1,0,1,1,2,2,15,2,1,0,1,1,0,0,0,1,0,0
3057,pixel_transfer,1,1,1,1,0,0,0,15,2,1,0,0,1,0,0,0,1,0,0
3058,pixel_transfer,1,1,1,1,0,1,0,15,3,1,0,0,1,0,0,0,1,0,0
3059,pixel_transfer,1,1,1,1,0,1,0,15,3,1,0,1,1,0,0,0,1,0,0
3060,pixel_transfer,1,1,1,1,0,1,0,15,2,1,0,1,1,0,0,0,1,0,0
3061,pixel_transfer,1,1,1,1,0,1,0,15,2,1,0,0,1,0,0,0,1,0,0
3062,pixel_transfer,1,1,1,1,0,1,0,15,3,1,0,0,1,0,0,0,1,0,0
3063,pixel_transfer,1,1,1,1,0,1,0,15,2,1,0,1,1,0,0,0,1,0,0
3064,pixel_transfer,1,1,1,1,0,1,0,15,2,1,0,0,1,0,0,1,1,0,0
3065,pixel_transfer,1,1,1,1,0,1,0,15,3,1,0,0,1,0,0,1,1,0,0
3066,pixel_transfer,1,1,1,1,0,1,0,15,3,1,0,1,1,0,0,0,1,0,0
3067,pixel_transfer,1,1,1,1,0,1,0,15,2,1,0,1,1,0,0,0,1,0,0
3068,pixel_transfer,1,1,1,1,0,1,0,15,2,1,0,0,1,0,0,0,1,0,0
3069,pixel_transfer,1,1,1,1,0,1,0,15,2,1,0,0,1,0,0,0,1,0,0
3070,pixel_transfer,1,1,1,1,0,1,0,15,2,1,0,0,1,0,0,0,1,0,0
3071,pixel_transfer,1,1,1,1,0,1,0,15,2,1,0,0,1,0,0,0,1,0,0
3072,pixel_transfer,1,1,1,1,0,1,0,15,2,1,0,0,1,0,0,1,1,0,0
3073,pixel_transfer,1,1,1,1,0,1,0,15,2,1,0,0,1,0,0,1,1,0,0
3074,pixel_transfer,1,1,1,1,0,1,0,15,2,1,0,0,1,0,0,0,1,0,0
3075,pixel_transfer,1,1,1,1,0,1,0,15,2,1,0,0,1,0,0,0,1,0,0
3076,pixel_transfer,1,1,1,1,0,1,0,15,2,1,0,0,1,0,0,0,1,0,0
3077,pixel_transfer,1,1,1,1,0,1,0,15,2,1,0,0,1,0,0,0,1,0,0
3078,pixel_transfer,1,1,1,1,0,1,0,15,2,1,0,0,1,0,0,0,1,0,0
3079,pixel_transfer,1,1,1,1,0,1,0,15,2,1,0,0,1,0,0,0,1,0,0
3080,pixel_transfer,1,1,1,1,0,1,0,15,2,1,0,0,1,0,0,0,1,0,0
3081,pixel_transfer,1,1,1,1,0,1,1,15,2,1,0,0,1,0,0,0,1,0,0
3082,pixel_transfer,1,1,1,1,0,2,0,15,3,1,0,0,1,0,0,0,1,0,0
3083,pixel_transfer,1,1,1,1,0,2,0,15,2,1,0,1,1,0,0,0,1,0,0
3084,pixel_transfer,1,1,1,1,0,2,0,15,2,1,0,0,1,0,0,0,1,0,0
3085,pixel_transfer,1,1,1,1,0,2,0,15,2,1,0,0,1,0,0,0,1,0,0
3086,pixel_transfer,1,1,1,1,0,2,0,15,3,1,0,0,1,0,0,0,1,0,0
3087,pixel_transfer,1,1,1,1,0,2,0,15,3,1,0,1,1,0,0,0,1,0,0
3088,pixel_transfer,1,1,1,1,0,2,0,15,2,1,0,1,1,0,0,0,1,0,0
3089,pixel_transfer,1,1,1,1,0,2,0,15,2,1,0,0,1,0,0,0,1,0,0
3090,pixel_transfer,1,1,1,1,0,2,0,15,3,1,0,0,1,0,0,0,1,0,0
3091,pixel_transfer,1,1,1,1,0,2,0,15,2,1,0,1,1,0,0,0,1,0,0
3092,pixel_transfer,1,1,1,1,0,2,0,15,2,1,0,0,1,0,0,0,1,0,0
3093,pixel_transfer,1,1,1,1,0,2,0,15,3,1,0,0,1,0,0,0,1,0,0
3094,pixel_transfer,1,1,1,1,0,2,0,15,2,1,0,1,1,0,0,0,1,0,0
3095,pixel_transfer,1,1,1,1,0,2,0,15,2,1,0,0,1,0,0,0,1,0,0
3096,pixel_transfer,1,1,1,1,0,2,0,15,3,1,0,0,1,0,0,1,1,0,0
3097,pixel_transfer,1,1,1,1,0,2,0,15,3,1,0,1,1,0,0,1,1,0,0
3098,pixel_transfer,1,1,1,1,0,2,0,15,3,1,0,1,1,0,0,0,1,0,0
3099,pixel_transfer,1,1,1,1,0,2,0,15,2,1,0,1,1,0,0,0,1,0,0
3100,pixel_transfer,1,1,1,1,0,2,0,15,2,1,0,0,1,0,0,0,1,0,0
3101,pixel_transfer,1,1,1,1,0,2,0,15,3,1,0,0,1,0,0,0,1,0,0
3102,pixel_transfer,1,1,1,1,0,2,0,15,2,1,0,1,1,0,0,0,1,0,0
3103,pixel_transfer,1,1,1,1,0,2,0,15,2,1,0,0,1,0,0,0,1,0,0
3104,pixel_transfer,1,1,1,1,0,2,0,15,3,1,0,0,1,0,0,1,1,0,0
3105,line_marker,0,1,0,1,1,2,2,15,2,1,0,1,1,0,0,1,1,0,0
3106,pixel_transfer,1,1,1,1,0,0,0,15,2,1,0,0,1,0,0,0,1,0,0
3107,pixel_transfer,1,1,1,1,0,1,0,15,3,1,0,0,1,0,0,0,1,0,0
3108,pixel_transfer,1,1,1,1,0,1,0,15,2,1,0,1,1,0,0,0,1,0,0
3109,pixel_transfer,1,1,1,1,0,1,0,15,2,1,0,0,1,0,0,0,1,0,0
3110,pixel_transfer,1,1,1,1,0,1,0,15,3,1,0,0,1,0,0,0,1,0,0
3111,pixel_transfer,1,1,1,1,0,1,0,15,3,1,0,1,1,0,0,0,1,0,0
3112,pixel_transfer,1,1,1,1,0,1,0,15,3,1,0,1,1,0,0,0,1,0,0
3113,pixel_transfer,1,1,1,1,0,1,0,15,2,1,0,1,1,0,0,0,1,0,0
3114,pixel_transfer,1,1,1,1,0,1,0,15,2,1,0,0,1,0,0,0,1,0,0
3115,pixel_transfer,1,1,1,1,0,1,0,15,2,1,0,0,1,0,0,0,1,0,0
3116,pixel_transfer,1,1,1,1,0,1,0,15,2,1,0,0,1,0,0,1,1,0,0
3117,pixel_transfer,1,1,1,1,0,1,0,15,3,1,0,0,1,0,0,1,1,0,0
3118,pixel_transfer,1,1,1,1,0,1,0,15,3,1,0,1,1,0,0,0,1,0,0
3119,pixel_transfer,1,1,1,1,0,1,0,15,2,1,0,1,1,0,0,0,1,0,0
3120,pixel_transfer,1,1,1,1,0,1,0,15,2,1,0,0,1,0,0,0,1,0,0
3121,pixel_transfer,1,1,1,1,0,1,0,15,3,1,0,0,1,0,0,0,1,0,0
3122,pixel_transfer,1,1,1,1,0,1,0,15,2,1,0,1,1,0,0,0,1,0,0
3123,pixel_transfer,1,1,1,1,0,1,0,15,2,1,0,0,1,0,0,0,1,0,0
3124,pixel_transfer,1,1,1,1,0,1,0,15,3,1,0,0,1,0,0,1,1,0,0
3125,pixel_transfer,1,1,1,1,0,1,0,15,2,1,0,1,1,0,0,1,1,0,0
3126,pixel_transfer,1,1,1,1,0,1,0,15,2,1,0,0,1,0,0,0,1,0,0
3127,pixel_transfer,1,1,1,1,0,1,0,15,3,1,0,0,1,0,0,0,1,0,0
3128,pixel_transfer,1,1,1,1,0,1,0,15,2,1,0,1,1,0,0,0,1,0,0
3129,pixel_transfer,1,1,1,1,0,1,0,15,2,1,0,0,1,0,0,0,1,0,0
3130,pixel_transfer,1,1,1,1,0,1,1,15,3,1,0,0,1,0,0,0,1,0,0
3131,pixel_transfer,1,1,1,1,0,2,0,15,3,1,0,1,1,0,0,0,1,0,0
3132,pixel_transfer,1,1,1,1,0,2,0,15,2,1,0,1,1,0,0,0,1,0,0
3133,pixel_transfer,1,1,1,1,0,2,0,15,2,1,0,0,1,0,0,0,1,0,0
3134,pixel_transfer,1,1,1,1,0,2,0,15,3,1,0,0,1,0,0,0,1,0,0
3135,pixel_transfer,1,1,1,1,0,2,0,15,2,1,0,1,1,0,0,0,1,0,0
3136,pixel_transfer,1,1,1,1,0,2,0,15,2,1,0,0,1,0,0,1,1,0,0
3137,pixel_transfer,1,1,1,1,0,2,0,15,3,1,0,0,1,0,0,1,1,0,0
3138,pixel_transfer,1,1,1,1,0,2,0,15,2,1,0,1,1,0,0,0,1,0,0
3139,pixel_transfer,1,1,1,1,0,2,0,15,2,1,0,0,1,0,0,0,1,0,0
3140,pixel_transfer,1,1,1,1,0,2,0,15,3,1,0,0,1,0,0,0,1,0,0
3141,pixel_transfer,1,1,1,1,0,2,0,15,2,1,0,1,1,0,0,0,1,0,0
3142,pixel_transfer,1,1,1,1,0,2,0,15,2,1,0,0,1,0,0,0,1,0,0
3143,pixel_transfer,1,1,1,1,0,2,0,15,3,1,0,0,1,0,0,0,1,0,0
3144,pixel_transfer,1,1,1,1,0,2,0,15,3,1,0,1,1,0,0,0,1,0,0
3145,pixel_transfer,1,1,1,1,0,2,0,15,2,1,0,1,1,0,0,0,1,0,0
3146,pixel_transfer,1,1,1,1,0,2,0,15,2,1,0,0,1,0,0,1,1,0,0
3147,pixel_transfer,1,1,1,1,0,2,0,15,2,1,0,0,1,0,0,1,1,0,0
3148,pixel_transfer,1,1,1,1,0,2,0,15,3,1,0,0,1,0,0,0,1,0,0
3149,pixel_transfer,1,1,1,1,0,2,0,15,3,1,0,1,1,0,0,0,1,0,0
3150,pixel_transfer,1,1,1,1,0,2,0,15,2,1,0,1,1,0,0,0,1,0,0
3151,pixel_transfer,1,1,1,1,0,2,0,15,2,1,0,0,1,0,0,0,1,0,0
3152,pixel_transfer,1,1,1,1,0,2,0,15,3,1,0,0,1,0,0,0,1,0,0
3153,pixel_transfer,1,1,1,1,0,2,0,15,2,1,0,1,1,0,0,0,1,0,0
3154,line_marker,0,1,0,1,1,2,2,15,2,1,0,0,1,0,0,0,1,0,0
3155,pixel_transfer,1,1,1,1,0,0,0,15,3,1,0,0,1,0,0,1,1,0,0
3156,pixel_transfer,1,1,1,1,0,1,0,15,3,1,0,1,1,0,0,1,1,0,0
3157,pixel_transfer,1,1,1,1,0,1,0,15,2,1,0,1,1,0,0,0,1,0,0
3158,pixel_transfer,1,1,1,1,0,1,0,15,2,1,0,0,1,0,0,0,1,0,0
3159,pixel_transfer,1,1,1,1,0,1,0,15,2,1,0,0,1,0,0,0,1,0,0
3160,pixel_transfer,1,1,1,1,0,1,0,15,2,1,0,0,1,0,0,0,1,0,0
3161,pixel_transfer,1,1,1,1,0,1,0,15,2,1,0,0,1,0,0,0,1,0,0
3162,pixel_transfer,1,1,1,1,0,1,0,15,2,1,0,0,1,0,0,0,1,0,0
3163,pixel_transfer,1,1,1,1,0,1,0,15,3,1,0,0,1,0,0,0,1,0,0
3164,pixel_transfer,1,1,1,1,0,1,0,15,2,1,0,1,1,0,0,0,1,0,0
3165,pixel_transfer,1,1,1,1,0,1,0,15,2,1,0,0,1,0,0,0,1,0,0
3166,pixel_transfer,1,1,1,1,0,1,0,15,3,1,0,0,1,0,0,0,1,0,0
3167,pixel_transfer,1,1,1,1,0,1,0,15,2,1,0,1,1,0,0,0,1,0,0
3168,pixel_transfer,1,1,1,1,0,1,0,15,2,1,0,0,1,0,0,0,1,0,0
3169,pixel_transfer,1,1,1,1,0,1,0,15,3,1,0,0,1,0,0,1,1,0,0
3170,pixel_transfer,1,1,1,1,0,1,0,15,2,1,0,1,1,0,0,1,1,0,0
3171,pixel_transfer,1,1,1,1,0,1,0,15,2,1,0,0,1,0,0,0,1,0,0
3172,pixel_transfer,1,1,1,1,0,1,0,15,3,1,0,0,1,0,0,0,1,0,0
3173,pixel_transfer,1,1,1,1,0,1,0,15,2,1,0,1,1,0,0,0,1,0,0
3174,pixel_transfer,1,1,1,1,0,1,0,15,2,1,0,0,1,0,0,0,1,0,0
3175,pixel_transfer,1,1,1,1,0,1,0,15,2,1,0,0,1,0,0,0,1,0,0
3176,pixel_transfer,1,1,1,1,0,1,0,15,2,1,0,0,1,0,0,0,1,0,0
3177,pixel_transfer,1,1,1,1,0,1,0,15,3,1,0,0,1,0,0,0,1,0,0
3178,pixel_transfer,1,1,1,1,0,1,0,15,2,1,0,1,1,0,0,0,1,0,0
3179,pixel_transfer,1,1,1,1,0,1,1,15,2,1,0,0,1,0,0,0,1,0,0
3180,pixel_transfer,1,1,1,1,0,2,0,15,2,1,0,0,1,0,0,0,1,0,0
3181,pixel_transfer,1,1,1,1,0,2,0,15,2,1,0,0,1,0,0,0,1,0,0
3182,pixel_transfer,1,1,1,1,0,2,0,15,3,1,0,0,1,0,0,0,1,0,0
3183,pixel_transfer,1,1,1,1,0,2,0,15,2,1,0,1,1,0,0,1,1,0,0
3184,pixel_transfer,1,1,1,1,0,2,0,15,2,1,0,0,1,0,0,1,1,0,0
3185,pixel_transfer,1,1,1,1,0,2,0,15,3,1,0,0,1,0,0,0,1,0,0
3186,pixel_transfer,1,1,1,1,0,2,0,15,2,1,0,1,1,0,0,0,1,0,0
3187,pixel_transfer,1,1,1,1,0,2,0,15,2,1,0,0,1,0,0,0,1,0,0
3188,pixel_transfer,1,1,1,1,0,2,0,15,2,1,0,0,1,0,0,0,1,0,0
3189,pixel_transfer,1,1,1,1,0,2,0,15,2,1,0,0,1,0,0,0,1,0,0
3190,pixel_transfer,1,1,1,1,0,2,0,15,3,1,0,0,1,0,0,0,1,0,0
3191,pixel_transfer,1,1,1,1,0,2,0,15,2,1,0,1,1,0,0,0,1,0,0
3192,pixel_transfer,1,1,1,1,0,2,0,15,2,1,0,0,1,0,0,0,1,0,0
3193,pixel_transfer,1,1,1,1,0,2,0,15,3,1,0,0,1,0,0,0,1,0,0
3194,pixel_transfer,1,1,1,1,0,2,0,15,3,1,0,1,1,0,0,0,1,0,0
3195,pixel_transfer,1,1,1,1,0,2,0,15,2,1,0,1,1,0,0,0,1,0,0
3196,pixel_transfer,1,1,1,1,0,2,0,15,2,1,0,0,1,0,0,0,1,0,0
3197,pixel_transfer,1,1,1,1,0,2,0,15,2,1,0,0,1,0,0,0,1,0,0
3198,pixel_transfer,1,1,1,1,0,2,0,15,2,1,0,0,1,0,0,0,1,0,0
3199,pixel_transfer,1,1,1,1,0,2,0,15,2,1,0,0,1,0,0,1,1,0,0
3200,pixel_transfer,1,1,1,1,0,2,0,15,2,1,0,0,1,0,0,1,1,0,0
3201,pixel_transfer,1,1,1,1,0,2,0,15,2,1,0,0,1,0,0,0,1,0,0
3202,pixel_transfer,1,1,1,1,0,2,0,15,2,1,0,0,1,0,0,0,1,0,0
3203,line_marker,0,1,0,1,1,2,2,15,2,1,0,0,1,0,0,0,1,0,0
3204,pixel_transfer,1,1,1,1,0,0,0,15,2,1,0,0,1,0,0,0,1,0,0
3205,pixel_transfer,1,1,1,1,0,1,0,15,2,1,0,0,1,0,0,0,1,0,0
3206,pixel_transfer,1,1,1,1,0,1,0,15,3,1,0,0,1,0,0,0,1,0,0
3207,pixel_transfer,1,1,1,1,0,1,0,15,3,1,0,1,1,0,0,0,1,0,0
3208,pixel_transfer,1,1,1,1,0,1,0,15,2,1,0,1,1,0,0,0,1,0,0
3209,pixel_transfer,1,1,1,1,0,1,0,15,2,1,0,0,1,0,0,0,1,0,0
3210,pixel_transfer,1,1,1,1,0,1,0,15,3,1,0,0,1,0,0,0,1,0,0
3211,pixel_transfer,1,1,1,1,0,1,0,15,2,1,0,1,1,0,0,0,1,0,0
3212,pixel_transfer,1,1,1,1,0,1,0,15,2,1,0,0,1,0,0,0,1,0,0
3213,pixel_transfer,1,1,1,1,0,1,0,15,2,1,0,0,1,0,0,0,1,0,0
3214,pixel_transfer,1,1,1,1,0,1,0,15,2,1,0,0,1,0,0,0,1,0,0
3215,pixel_transfer,1,1,1,1,0,1,0,15,2,1,0,0,1,0,0,0,1,0,0
3216,pixel_transfer,1,1,1,1,0,1,0,15,2,1,0,0,1,0,0,1,1,0,0
3217,pixel_transfer,1,1,1,1,0,1,0,15,2,1,0,0,1,0,0,1,1,0,0
3218,pixel_transfer,1,1,1,1,0,1,0,15,3,1,0,0,1,0,0,0,1,0,0
3219,pixel_transfer,1,1,1,1,0,1,0,15,3,1,0,1,1,0,0,0,1,0,0
3220,pixel_transfer,1,1,1,1,0,1,0,15,2,1,0,1,1,0,0,0,1,0,0
3221,pixel_transfer,1,1,1,1,0,1,0,15,2,1,0,0,1,0,0,0,1,0,0
3222,pixel_transfer,1,1,1,1,0,1,0,15,3,1,0,0,1,0,0,0,1,0,0
3223,pixel_transfer,1,1,1,1,0,1,0,15,2,1,0,1,1,0,0,0,1,0,0
3224,pixel_transfer,1,1,1,1,0,1,0,15,2,1,0,0,1,0,0,0,1,0,0
3225,pixel_transfer,1,1,1,1,0,1,0,15,3,1,0,0,1,0,0,0,1,0,0
3226,pixel_transfer,1,1,1,1,0,1,0,15,3,1,0,1,1,0,0,0,1,0,0
3227,pixel_transfer,1,1,1,1,0,1,0,15,2,1,0,1,1,0,0,0,1,0,0
3228,pixel_transfer,1,1,1,1,0,1,1,15,2,1,0,0,1,0,0,0,1,0,0
3229,pixel_transfer,1,1,1,1,0,2,0,15,2,1,0,0,1,0,0,0,1,0,0
3230,pixel_transfer,1,1,1,1,0,2,0,15,3,1,0,0,1,0,0,0,1,0,0
3231,pixel_transfer,1,1,1,1,0,2,0,15,3,1,0,1,1,0,0,1,1,0,0
3232,pixel_transfer,1,1,1,1,0,2,0,15,2,1,0,1,1,0,0,1,1,0,0
3233,pixel_transfer,1,1,1,1,0,2,0,15,2,1,0,0,1,0,0,0,1,0,0
3234,pixel_transfer,1,1,1,1,0,2,0,15,2,1,0,0,1,0,0,0,1,0,0
3235,pixel_transfer,1,1,1,1,0,2,0,15,3,1,0,0,1,0,0,0,1,0,0
3236,pixel_transfer,1,1,1,1,0,2,0,15,3,1,0,1,1,0,0,0,1,0,0
3237,pixel_transfer,1,1,1,1,0,2,0,15,2,1,0,1,1,0,0,0,1,0,0
3238,pixel_transfer,1,1,1,1,0,2,0,15,2,1,0,0,1,0,0,0,1,0,0
3239,pixel_transfer,1,1,1,1,0,2,0,15,3,1,0,0,1,0,0,0,1,0,0
3240,pixel_transfer,1,1,1,1,0,2,0,15,3,1,0,1,1,0,0,0,1,0,0
3241,pixel_transfer,1,1,1,1,0,2,0,15,2,1,0,1,1,0,0,1,1,0,0
3242,pixel_transfer,1,1,1,1,0,2,0,15,2,1,0,0,1,0,0,1,1,0,0
3243,pixel_transfer,1,1,1,1,0,2,0,15,3,1,0,0,1,0,0,0,1,0,0
3244,pixel_transfer,1,1,1,1,0,2,0,15,2,1,0,1,1,0,0,0,1,0,0
3245,pixel_transfer,1,1,1,1,0,2,0,15,2,1,0,0,1,0,0,0,1,0,0
3246,pixel_transfer,1,1,1,1,0,2,0,15,3,1,0,0,1,0,0,0,1,0,0
3247,pixel_transfer,1,1,1,1,0,2,0,15,2,1,0,1,1,0,0,0,1,0,0
3248,pixel_transfer,1,1,1,1,0,2,0,15,2,1,0,0,1,0,0,0,1,0,0
3249,pixel_transfer,1,1,1,1,0,2,0,15,2,1,0,0,1,0,0,1,1,0,0
3250,pixel_transfer,1,1,1,1,0,2,0,15,2,1,0,0,1,0,0,1,1,0,0
3251,pixel_transfer,1,1,1,1,0,2,0,15,2,1,0,0,1,0,0,0,1,0,0
3252,line_marker,0,1,0,1,1,2,2,15,2,1,0,0,1,0,0,0,1,0,0
3253,pixel_transfer,1,1,1,1,0,0,0,15,2,1,0,0,1,0,0,0,1,0,0
3254,pixel_transfer,1,1,1,1,0,1,0,15,3,1,0,0,1,0,0,0,1,0,0
3255,pixel_transfer,1,1,1,1,0,1,0,15,3,1,0,1,1,0,0,0,1,0,0
3256,pixel_transfer,1,1,1,1,0,1,0,15,3,1,0,1,1,0,0,0,1,0,0
3257,pixel_transfer,1,1,1,1,0,1,0,15,2,1,0,1,1,0,0,0,1,0,0
3258,pixel_transfer,1,1,1,1,0,1,0,15,2,1,0,0,1,0,0,0,1,0,0
3259,pixel_transfer,1,1,1,1,0,1,0,15,2,1,0,0,1,0,0,0,1,0,0
3260,pixel_transfer,1,1,1,1,0,1,0,15,3,1,0,0,1,0,0,0,1,0,0
3261,pixel_transfer,1,1,1,1,0,1,0,15,2,1,0,1,1,0,0,0,1,0,0
3262,pixel_transfer,1,1,1,1,0,1,0,15,2,1,0,0,1,0,0,1,1,0,0
3263,pixel_transfer,1,1,1,1,0,1,0,15,3,1,0,0,1,0,0,1,1,0,0
3264,pixel_transfer,1,1,1,1,0,1,0,15,2,1,0,1,1,0,0,0,1,0,0
3265,pixel_transfer,1,1,1,1,0,1,0,15,2,1,0,0,1,0,0,0,1,0,0
3266,pixel_transfer,1,1,1,1,0,1,0,15,2,1,0,0,1,0,0,0,1,0,0
3267,pixel_transfer,1,1,1,1,0,1,0,15,2,1,0,0,1,0,0,0,1,0,0
3268,pixel_transfer,1,1,1,1,0,1,0,15,2,1,0,0,1,0,0,0,1,0,0
3269,pixel_transfer,1,1,1,1,0,1,0,15,2,1,0,0,1,0,0,0,1,0,0
3270,pixel_transfer,1,1,1,1,0,1,0,15,2,1,0,0,1,0,0,0,1,0,0
3271,pixel_transfer,1,1,1,1,0,1,0,15,2,1,0,0,1,0,0,0,1,0,0
3272,pixel_transfer,1,1,1,1,0,1,0,15,2,1,0,0,1,0,0,0,1,0,0
3273,pixel_transfer,1,1,1,1,0,1,0,15,3,1,0,0,1,0,0,0,1,0,0
3274,pixel_transfer,1,1,1,1,0,1,0,15,2,1,0,1,1,0,0,0,1,0,0
3275,pixel_transfer,1,1,1,1,0,1,0,15,2,1,0,0,1,0,0,0,1,0,0
3276,pixel_transfer,1,1,1,1,0,1,0,15,3,1,0,0,1,0,0,0,1,0,0
3277,pixel_transfer,1,1,1,1,0,1,1,15,2,1,0,1,1,0,0,0,1,0,0
3278,pixel_transfer,1,1,1,1,0,2,0,15,2,1,0,0,1,0,0,0,1,0,0
3279,pixel_transfer,1,1,1,1,0,2,0,15,3,1,0,0,1,0,0,0,1,0,0
3280,pixel_transfer,1,1,1,1,0,2,0,15,2,1,0,1,1,0,0,0,1,0,0
3281,pixel_transfer,1,1,1,1,0,2,0,15,2,1,0,0,1,0,0,0,1,0,0
3282,pixel_transfer,1,1,1,1,0,2,0,15,3,1,0,0,1,0,0,1,1,0,0
3283,pixel_transfer,1,1,1,1,0,2,0,15,2,1,0,1,1,0,0,1,1,0,0
3284,pixel_transfer,1,1,1,1,0,2,0,15,2,1,0,0,1,0,0,0,1,0,0
3285,pixel_transfer,1,1,1,1,0,2,0,15,3,1,0,0,1,0,0,0,1,0,0
3286,pixel_transfer,1,1,1,1,0,2,0,15,3,1,0,1,1,0,0,0,1,0,0
3287,pixel_transfer,1,1,1,1,0,2,0,15,2,1,0,1,1,0,0,0,1,0,0
3288,pixel_transfer,1,1,1,1,0,2,0,15,2,1,0,0,1,0,0,0,1,0,0
3289,pixel_transfer,1,1,1,1,0,2,0,15,3,1,0,0,1,0,0,0,1,0,0
3290,pixel_transfer,1,1,1,1,0,2,0,15,2,1,0,1,1,0,0,0,1,0,0
3291,pixel_transfer,1,1,1,1,0,2,0,15,2,1,0,0,1,0,0,0,1,0,0
3292,pixel_transfer,1,1,1,1,0,2,0,15,3,1,0,0,1,0,0,1,1,0,0
3293,pixel_transfer,1,1,1,1,0,2,0,15,3,1,0,1,1,0,0,1,1,0,0
3294,pixel_transfer,1,1,1,1,0,2,0,15,2,1,0,1,1,0,0,0,1,0,0
3295,pixel_transfer,1,1,1,1,0,2,0,15,2,1,0,0,1,0,0,0,1,0,0
3296,pixel_transfer,1,1,1,1,0,2,0,15,2,1,0,0,1,0,0,0,1,0,0
3297,pixel_transfer,1,1,1,1,0,2,0,15,3,1,0,0,1,0,0,0,1,0,0
3298,pixel_transfer,1,1,1,1,0,2,0,15,2,1,0,1,1,0,0,0,1,0,0
3299,pixel_transfer,1,1,1,1,0,2,0,15,2,1,0,0,1,0,0,0,1,0,0
3300,pixel_transfer,1,1,1,1,0,2,0,15,3,1,0,0,1,0,0,0,1,0,0
3301,line_marker,0,1,0,1,1,2,2,15,2,1,0,1,1,0,0,0,1,0,0
3302,pixel_transfer,1,1,1,1,0,0,0,15,2,1,0,0,1,0,0,0,1,0,0
3303,pixel_transfer,1,1,1,1,0,1,0,15,3,1,0,0,1,0,0,1,1,0,0
3304,pixel_transfer,1,1,1,1,0,1,0,15,3,1,0,1,1,0,0,1,1,0,0
3305,pixel_transfer,1,1,1,1,0,1,0,15,2,1,0,1,1,0,0,0,1,0,0
3306,pixel_transfer,1,1,1,1,0,1,0,15,2,1,0,0,1,0,0,0,1,0,0
3307,pixel_transfer,1,1,1,1,0,1,0,15,3,1,0,0,1,0,0,0,1,0,0
3308,pixel_transfer,1,1,1,1,0,1,0,15,3,1,0,1,1,0,0,0,1,0,0
3309,pixel_transfer,1,1,1,1,0,1,0,15,2,1,0,1,1,0,0,0,1,0,0
3310,pixel_transfer,1,1,1,1,0,1,0,15,2,1,0,0,1,0,0,0,1,0,0
3311,pixel_transfer,1,1,1,1,0,1,0,15,2,1,0,0,1,0,0,0,1,0,0
3312,pixel_transfer,1,1,1,1,0,1,0,15,2,1,0,0,1,0,0,0,1,0,0
3313,pixel_transfer,1,1,1,1,0,1,0,15,2,1,0,0,1,0,0,1,1,0,0
3314,pixel_transfer,1,1,1,1,0,1,0,15,2,1,0,0,1,0,0,1,1,0,0
3315,pixel_transfer,1,1,1,1,0,1,0,15,2,1,0,0,1,0,0,0,1,0,0
3316,pixel_transfer,1,1,1,1,0,1,0,15,2,1,0,0,1,0,0,0,1,0,0
3317,pixel_transfer,1,1,1,1,0,1,0,15,2,1,0,0,1,0,0,0,1,0,0
3318,pixel_transfer,1,1,1,1,0,1,0,15,2,1,0,0,1,0,0,0,1,0,0
3319,pixel_transfer,1,1,1,1,0,1,0,15,2,1,0,0,1,0,0,0,1,0,0
3320,pixel_transfer,1,1,1,1,0,1,0,15,3,1,0,0,1,0,0,0,1,0,0
3321,pixel_transfer,1,1,1,1,0,1,0,15,2,1,0,1,1,0,0,0,1,0,0
3322,pixel_transfer,1,1,1,1,0,1,0,15,2,1,0,0,1,0,0,0,1,0,0
3323,pixel_transfer,1,1,1,1,0,1,0,15,2,1,0,0,1,0,0,0,1,0,0
3324,pixel_transfer,1,1,1,1,0,1,0,15,3,1,0,0,1,0,0,0,1,0,0
3325,pixel_transfer,1,1,1,1,0,1,0,15,3,1,0,1,1,0,0,0,1,0,0
3326,pixel_transfer,1,1,1,1,0,1,1,15,2,1,0,1,1,0,0,0,1,0,0
3327,pixel_transfer,1,1,1,1,0,2,0,15,2,1,0,0,1,0,0,0,1,0,0
3328,pixel_transfer,1,1,1,1,0,2,0,15,2,1,0,0,1,0,0,0,1,0,0
3329,pixel_transfer,1,1,1,1,0,2,0,15,2,1,0,0,1,0,0,0,1,0,0
3330,pixel_transfer,1,1,1,1,0,2,0,15,3,1,0,0,1,0,0,0,1,0,0
3331,pixel_transfer,1,1,1,1,0,2,0,15,2,1,0,1,1,0,0,1,1,0,0
3332,pixel_transfer,1,1,1,1,0,2,0,15,2,1,0,0,1,0,0,1,1,0,0
3333,pixel_transfer,1,1,1,1,0,2,0,15,3,1,0,0,1,0,0,0,1,0,0
3334,pixel_transfer,1,1,1,1,0,2,0,15,2,1,0,1,1,0,0,0,1,0,0
3335,pixel_transfer,1,1,1,1,0,2,0,15,2,1,0,0,1,0,0,0,1,0,0
3336,pixel_transfer,1,1,1,1,0,2,0,15,3,1,0,0,1,0,0,0,1,0,0
3337,pixel_transfer,1,1,1,1,0,2,0,15,3,1,0,1,1,0,0,0,1,0,0
3338,pixel_transfer,1,1,1,1,0,2,0,15,2,1,0,1,1,0,0,0,1,0,0
3339,pixel_transfer,1,1,1,1,0,2,0,15,2,1,0,0,1,0,0,0,1,0,0
3340,pixel_transfer,1,1,1,1,0,2,0,15,3,1,0,0,1,0,0,0,1,0,0
3341,pixel_transfer,1,1,1,1,0,2,0,15,2,1,0,1,1,0,0,0,1,0,0
3342,pixel_transfer,1,1,1,1,0,2,0,15,2,1,0,0,1,0,0,0,1,0,0
3343,pixel_transfer,1,1,1,1,0,2,0,15,3,1,0,0,1,0,0,1,1,0,0
3344,pixel_transfer,1,1,1,1,0,2,0,15,2,1,0,1,1,0,0,1,1,0,0
3345,pixel_transfer,1,1,1,1,0,2,0,15,2,1,0,0,1,0,0,0,1,0,0
3346,pixel_transfer,1,1,1,1,0,2,0,15,3,1,0,0,1,0,0,0,1,0,0
3347,pixel_transfer,1,1,1,1,0,2,0,15,3,1,0,1,1,0,0,0,1,0,0
3348,pixel_transfer,1,1,1,1,0,2,0,15,2,1,0,1,1,0,0,0,1,0,0
3349,pixel_transfer,1,1,1,1,0,2,0,15,2,1,0,0,1,0,0,0,1,0,0
3350,line_marker,0,1,0,1,1,2,2,15,3,1,0,0,1,0,0,0,1,0,0
3351,pixel_transfer,1,1,1,1,0,0,0,15,2,1,0,1,1,0,0,0,1,0,0
3352,pixel_transfer,1,1,1,1,0,1,0,15,2,1,0,0,1,0,0,0,1,0,0
3353,pixel_transfer,1,1,1,1,0,1,0,15,3,1,0,0,1,0,0,1,1,0,0
3354,pixel_transfer,1,1,1,1,0,1,0,15,3,1,0,1,1,0,0,1,1,0,0
3355,pixel_transfer,1,1,1,1,0,1,0,15,2,1,0,1,1,0,0,0,1,0,0
3356,pixel_transfer,1,1,1,1,0,1,0,15,2,1,0,0,1,0,0,0,1,0,0
3357,pixel_transfer,1,1,1,1,0,1,0,15,2,1,0,0,1,0,0,0,1,0,0
3358,pixel_transfer,1,1,1,1,0,1,0,15,2,1,0,0,1,0,0,0,1,0,0
3359,pixel_transfer,1,1,1,1,0,1,0,15,2,1,0,0,1,0,0,0,1,0,0
3360,pixel_transfer,1,1,1,1,0,1,0,15,2,1,0,0,1,0,0,0,1,0,0
3361,pixel_transfer,1,1,1,1,0,1,0,15,2,1,0,0,1,0,0,0,1,0,0
3362,pixel_transfer,1,1,1,1,0,1,0,15,2,1,0,0,1,0,0,0,1,0,0
3363,pixel_transfer,1,1,1,1,0,1,0,15,2,1,0,0,1,0,0,0,1,0,0
3364,pixel_transfer,1,1,1,1,0,1,0,15,2,1,0,0,1,0,0,0,1,0,0
3365,pixel_transfer,1,1,1,1,0,1,0,15,2,1,0,0,1,0,0,0,1,0,0
3366,pixel_transfer,1,1,1,1,0,1,0,15,2,1,0,0,1,0,0,0,1,0,0
3367,pixel_transfer,1,1,1,1,0,1,0,15,2,1,0,0,1,0,0,0,1,0,0
3368,pixel_transfer,1,1,1,1,0,1,0,15,2,1,0,0,1,0,0,0,1,0,0
3369,pixel_transfer,1,1,1,1,0,1,0,15,2,1,0,0,1,0,0,0,1,0,0
3370,pixel_transfer,1,1,1,1,0,1,0,15,3,1,0,0,1,0,0,0,1,0,0
3371,pixel_transfer,1,1,1,1,0,1,0,15,2,1,0,1,1,0,0,0,1,0,0
3372,pixel_transfer,1,1,1,1,0,1,0,15,2,1,0,0,1,0,0,0,1,0,0
3373,pixel_transfer,1,1,1,1,0,1,0,15,3,1,0,0,1,0,0,0,1,0,0
3374,pixel_transfer,1,1,1,1,0,1,0,15,3,1,0,1,1,0,0,0,1,0,0
3375,pixel_transfer,1,1,1,1,0,1,1,15,2,1,0,1,1,0,0,0,1,0,0
3376,pixel_transfer,1,1,1,1,0,2,0,15,2,1,0,0,1,0,0,1,1,0,0
3377,pixel_transfer,1,1,1,1,0,2,0,15,3,1,0,0,1,0,0,1,1,0,0
3378,pixel_transfer,1,1,1,1,0,2,0,15,2,1,0,1,1,0,0,0,1,0,0
3379,pixel_transfer,1,1,1,1,0,2,0,15,2,1,0,0,1,0,0,0,1,0,0
3380,pixel_transfer,1,1,1,1,0,2,0,15,3,1,0,0,1,0,0,0,1,0,0
3381,pixel_transfer,1,1,1,1,0,2,0,15,2,1,0,1,1,0,0,0,1,0,0
3382,pixel_transfer,1,1,1,1,0,2,0,15,2,1,0,0,1,0,0,0,1,0,0
3383,pixel_transfer,1,1,1,1,0,2,0,15,3,1,0,0,1,0,0,0,1,0,0
3384,pixel_transfer,1,1,1,1,0,2,0,15,3,1,0,1,1,0,0,0,1,0,0
3385,pixel_transfer,1,1,1,1,0,2,0,15,2,1,0,1,1,0,0,0,1,0,0
3386,pixel_transfer,1,1,1,1,0,2,0,15,2,1,0,0,1,0,0,1,1,0,0
3387,pixel_transfer,1,1,1,1,0,2,0,15,3,1,0,0,1,0,0,1,1,0,0
3388,pixel_transfer,1,1,1,1,0,2,0,15,2,1,0,1,1,0,0,0,1,0,0
3389,pixel_transfer,1,1,1,1,0,2,0,15,2,1,0,0,1,0,0,0,1,0,0
3390,pixel_transfer,1,1,1,1,0,2,0,15,3,1,0,0,1,0,0,0,1,0,0
3391,pixel_transfer,1,1,1,1,0,2,0,15,2,1,0,1,1,0,0,0,1,0,0
3392,pixel_transfer,1,1,1,1,0,2,0,15,2,1,0,0,1,0,0,0,1,0,0
3393,pixel_transfer,1,1,1,1,0,2,0,15,3,1,0,0,1,0,0,0,1,0,0
3394,pixel_transfer,1,1,1,1,0,2,0,15,3,1,0,1,1,0,0,0,1,0,0
3395,pixel_transfer,1,1,1,1,0,2,0,15,2,1,0,1,1,0,0,0,1,0,0
3396,pixel_transfer,1,1,1,1,0,2,0,15,2,1,0,0,1,0,0,1,1,0,0
3397,pixel_transfer,1,1,1,1,0,2,0,15,2,1,0,0,1,0,0,1,1,0,0
3398,pixel_transfer,1,1,1,1,0,2,0,15,3,1,0,0,1,0,0,0,1,0,0
3399,line_marker,0,1,0,1,1,2,2,15,3,1,0,1,1,0,0,0,1,0,0
3400,pixel_transfer,1,1,1,1,0,0,0,15,3,1,0,1,1,0,0,0,1,0,0
3401,pixel_transfer,1,1,1,1,0,1,0,15,2,1,0,1,1,0,0,0,1,0,0
3402,pixel_transfer,1,1,1,1,0,1,0,15,2,1,0,0,1,0,0,0,1,0,0
3403,pixel_transfer,1,1,1,1,0,1,0,15,3,1,0,0,1,0,0,0,1,0,0
3404,pixel_transfer,1,1,1,1,0,1,0,15,2,1,0,1,1,0,0,0,1,0,0
3405,pixel_transfer,1,1,1,1,0,1,0,15,2,1,0,0,1,0,0,1,1,0,0
3406,pixel_transfer,1,1,1,1,0,1,0,15,3,1,0,0,1,0,0,1,1,0,0
3407,pixel_transfer,1,1,1,1,0,1,0,15,3,1,0,1,1,0,0,0,1,0,0
3408,pixel_transfer,1,1,1,1,0,1,0,15,3,1,0,1,1,0,0,0,1,0,0
3409,pixel_transfer,1,1,1,1,0,1,0,15,2,1,0,1,1,0,0,0,1,0,0
3410,pixel_transfer,1,1,1,1,0,1,0,15,2,1,0,0,1,0,0,0,1,0,0
3411,pixel_transfer,1,1,1,1,0,1,0,15,2,1,0,0,1,0,0,0,1,0,0
3412,pixel_transfer,1,1,1,1,0,1,0,15,3,1,0,0,1,0,0,0,1,0,0
3413,pixel_transfer,1,1,1,1,0,1,0,15,2,1,0,1,1,0,0,1,1,0,0
3414,pixel_transfer,1,1,1,1,0,1,0,15,2,1,0,0,1,0,0,1,1,0,0
3415,pixel_transfer,1,1,1,1,0,1,0,15,3,1,0,0,1,0,0,0,1,0,0
3416,pixel_transfer,1,1,1,1,0,1,0,15,2,1,0,1,1,0,0,0,1,0,0
3417,pixel_transfer,1,1,1,1,0,1,0,15,2,1,0,0,1,0,0,0,1,0,0
3418,pixel_transfer,1,1,1,1,0,1,0,15,2,1,0,0,1,0,0,0,1,0,0
3419,pixel_transfer,1,1,1,1,0,1,0,15,2,1,0,0,1,0,0,0,1,0,0
3420,pixel_transfer,1,1,1,1,0,1,0,15,3,1,0,0,1,0,0,0,1,0,0
3421,pixel_transfer,1,1,1,1,0,1,0,15,2,1,0,1,1,0,0,0,1,0,0
3422,pixel_transfer,1,1,1,1,0,1,0,15,2,1,0,0,1,0,0,0,1,0,0
3423,pixel_transfer,1,1,1,1,0,1,0,15,3,1,0,0,1,0,0,0,1,0,0
3424,pixel_transfer,1,1,1,1,0,1,1,15,3,1,0,1,1,0,0,0,1,0,0
3425,pixel_transfer,1,1,1,1,0,2,0,15,2,1,0,1,1,0,0,0,1,0,0
3426,pixel_transfer,1,1,1,1,0,2,0,15,2,1,0,0,1,0,0,1,1,0,0
3427,pixel_transfer,1,1,1,1,0,2,0,15,3,1,0,0,1,0,0,1,1,0,0
3428,pixel_transfer,1,1,1,1,0,2,0,15,2,1,0,1,1,0,0,0,1,0,0
3429,pixel_transfer,1,1,1,1,0,2,0,15,2,1,0,0,1,0,0,0,1,0,0
3430,pixel_transfer,1,1,1,1,0,2,0,15,2,1,0,0,1,0,0,0,1,0,0
3431,pixel_transfer,1,1,1,1,0,2,0,15,2,1,0,0,1,0,0,0,1,0,0
3432,pixel_transfer,1,1,1,1,0,2,0,15,2,1,0,0,1,0,0,0,1,0,0
3433,pixel_transfer,1,1,1,1,0,2,0,15,2,1,0,0,1,0,0,0,1,0,0
3434,pixel_transfer,1,1,1,1,0,2,0,15,2,1,0,0,1,0,0,0,1,0,0
3435,pixel_transfer,1,1,1,1,0,2,0,15,2,1,0,0,1,0,0,0,1,0,0
3436,pixel_transfer,1,1,1,1,0,2,0,15,2,1,0,0,1,0,0,0,1,0,0
3437,pixel_transfer,1,1,1,1,0,2,0,15,2,1,0,0,1,0,0,0,1,0,0
3438,pixel_transfer,1,1,1,1,0,2,0,15,2,1,0,0,1,0,0,0,1,0,0
3439,pixel_transfer,1,1,1,1,0,2,0,15,2,1,0,0,1,0,0,0,1,0,0
3440,pixel_transfer,1,1,1,1,0,2,0,15,2,1,0,0,1,0,0,0,1,0,0
3441,pixel_transfer,1,1,1,1,0,2,0,15,2,1,0,0,1,0,0,0,1,0,0
3442,pixel_transfer,1,1,1,1,0,2,0,15,3,1,0,0,1,0,0,0,1,0,0
3443,pixel_transfer,1,1,1,1,0,2,0,15,3,1,0,1,1,0,0,0,1,0,0
3444,pixel_transfer,1,1,1,1,0,2,0,15,2,1,0,1,1,0,0,0,1,0,0
3445,pixel_transfer,1,1,1,1,0,2,0,15,2,1,0,0,1,0,0,0,1,0,0
3446,pixel_transfer,1,1,1,1,0,2,0,15,3,1,0,0,1,0,0,0,1,0,0
3447,pixel_transfer,1,1,1,1,0,2,0,15,2,1,0,1,1,0,0,0,1,0,0
3448,line_marker,0,1,0,1,1,2,2,15,2,1,0,0,1,0,0,1,1,0,0
3449,pixel_transfer,1,1,1,1,0,0,0,15,3,1,0,0,1,0,0,1,1,0,0
3450,pixel_transfer,1,1,1,1,0,1,0,15,3,1,0,1,1,0,0,0,1,0,0
3451,pixel_transfer,1,1,1,1,0,1,0,15,2,1,0,1,1,0,0,0,1,0,0
3452,pixel_transfer,1,1,1,1,0,1,0,15,2,1,0,0,1,0,0,0,1,0,0
3453,pixel_transfer,1,1,1,1,0,1,0,15,3,1,0,0,1,0,0,0,1,0,0
3454,pixel_transfer,1,1,1,1,0,1,0,15,3,1,0,1,1,0,0,0,1,0,0
3455,pixel_transfer,1,1,1,1,0,1,0,15,2,1,0,1,1,0,0,0,1,0,0
3456,pixel_transfer,1,1,1,1,0,1,0,15,2,1,0,0,1,0,0,1,1,0,0
3457,pixel_transfer,1,1,1,1,0,1,0,15,3,1,0,0,1,0,0,1,1,0,0
3458,pixel_transfer,1,1,1,1,0,1,0,15,2,1,0,1,1,0,0,0,1,0,0
3459,pixel_transfer,1,1,1,1,0,1,0,15,2,1,0,0,1,0,0,0,1,0,0
3460,pixel_transfer,1,1,1,1,0,1,0,15,3,1,0,0,1,0,0,0,1,0,0
3461,pixel_transfer,1,1,1,1,0,1,0,15,3,1,0,1,1,0,0,0,1,0,0
3462,pixel_transfer,1,1,1,1,0,1,0,15,2,1,0,1,1,0,0,0,1,0,0
3463,pixel_transfer,1,1,1,1,0,1,0,15,2,1,0,0,1,0,0,0,1,0,0
3464,pixel_transfer,1,1,1,1,0,1,0,15,2,1,0,0,1,0,0,0,1,0,0
3465,pixel_transfer,1,1,1,1,0,1,0,15,2,1,0,0,1,0,0,0,1,0,0
3466,pixel_transfer,1,1,1,1,0,1,0,15,2,1,0,0,1,0,0,1,1,0,0
3467,pixel_transfer,1,1,1,1,0,1,0,15,2,1,0,0,1,0,0,1,1,0,0
3468,pixel_transfer,1,1,1,1,0,1,0,15,3,1,0,0,1,0,0,0,1,0,0
3469,pixel_transfer,1,1,1,1,0,1,0,15,2,1,0,1,1,0,0,0,1,0,0
3470,pixel_transfer,1,1,1,1,0,1,0,15,2,1,0,0,1,0,0,0,1,0,0
3471,pixel_transfer,1,1,1,1,0,1,0,15,3,1,0,0,1,0,0,0,1,0,0
3472,pixel_transfer,1,1,1,1,0,1,0,15,2,1,0,1,1,0,0,0,1,0,0
3473,pixel_transfer,1,1,1,1,0,1,1,15,2,1,0,0,1,0,0,0,1,0,0
3474,pixel_transfer,1,1,1,1,0,2,0,15,3,1,0,0,1,0,0,0,1,0,0
3475,pixel_transfer,1,1,1,1,0,2,0,15,2,1,0,1,1,0,0,0,1,0,0
3476,pixel_transfer,1,1,1,1,0,2,0,15,2,1,0,0,1,0,0,0,1,0,0
3477,pixel_transfer,1,1,1,1,0,2,0,15,3,1,0,0,1,0,0,0,1,0,0
3478,pixel_transfer,1,1,1,1,0,2,0,15,2,1,0,1,1,0,0,0,1,0,0
3479,pixel_transfer,1,1,1,1,0,2,0,15,2,1,0,0,1,0,0,0,1,0,0
3480,pixel_transfer,1,1,1,1,0,2,0,15,3,1,0,0,1,0,0,1,1,0,0
3481,pixel_transfer,1,1,1,1,0,2,0,15,2,1,0,1,1,0,0,1,1,0,0
3482,pixel_transfer,1,1,1,1,0,2,0,15,2,1,0,0,1,0,0,0,1,0,0
3483,pixel_transfer,1,1,1,1,0,2,0,15,3,1,0,0,1,0,0,0,1,0,0
3484,pixel_transfer,1,1,1,1,0,2,0,15,3,1,0,1,1,0,0,0,1,0,0
3485,pixel_transfer,1,1,1,1,0,2,0,15,2,1,0,1,1,0,0,0,1,0,0
3486,pixel_transfer,1,1,1,1,0,2,0,15,2,1,0,0,1,0,0,0,1,0,0
3487,pixel_transfer,1,1,1,1,0,2,0,15,2,1,0,0,1,0,0,0,1,0,0
3488,pixel_transfer,1,1,1,1,0,2,0,15,3,1,0,0,1,0,0,0,1,0,0
3489,pixel_transfer,1,1,1,1,0,2,0,15,3,1,0,1,1,0,0,0,1,0,0
3490,pixel_transfer,1,1,1,1,0,2,0,15,3,1,0,1,1,0,0,1,1,0,0
3491,pixel_transfer,1,1,1,1,0,2,0,15,2,1,0,1,1,0,0,1,1,0,0
3492,pixel_transfer,1,1,1,1,0,2,0,15,2,1,0,0,1,0,0,0,1,0,0
3493,pixel_transfer,1,1,1,1,0,2,0,15,2,1,0,0,1,0,0,0,1,0,0
3494,pixel_transfer,1,1,1,1,0,2,0,15,2,1,0,0,1,0,0,0,1,0,0
3495,pixel_transfer,1,1,1,1,0,2,0,15,3,1,0,0,1,0,0,0,1,0,0
3496,pixel_transfer,1,1,1,1,0,2,0,15,2,1,0,1,1,0,0,0,1,0,0
3497,line_marker,0,1,0,1,1,2,2,15,2,1,0,0,1,0,0,0,1,0,0
3498,pixel_transfer,1,1,1,1,0,0,0,15,2,1,0,0,1,0,0,0,1,0,0
3499,pixel_transfer,1,1,1,1,0,1,0,15,2,1,0,0,1,0,0,0,1,0,0
3500,pixel_transfer,1,1,1,1,0,1,0,15,2,1,0,0,1,0,0,0,1,0,0
3501,pixel_transfer,1,1,1,1,0,1,0,15,2,1,0,0,1,0,0,1,1,0,0
3502,pixel_transfer,1,1,1,1,0,1,0,15,2,1,0,0,1,0,0,1,1,0,0
3503,pixel_transfer,1,1,1,1,0,1,0,15,2,1,0,0,1,0,0,0,1,0,0
3504,pixel_transfer,1,1,1,1,0,1,0,15,2,1,0,0,1,0,0,0,1,0,0
3505,pixel_transfer,1,1,1,1,0,1,0,15,2,1,0,0,1,0,0,0,1,0,0
3506,pixel_transfer,1,1,1,1,0,1,0,15,2,1,0,0,1,0,0,0,1,0,0
3507,pixel_transfer,1,1,1,1,0,1,0,15,2,1,0,0,1,0,0,0,1,0,0
3508,pixel_transfer,1,1,1,1,0,1,0,15,2,1,0,0,1,0,0,0,1,0,0
3509,pixel_transfer,1,1,1,1,0,1,0,15,3,1,0,0,1,0,0,0,1,0,0
3510,pixel_transfer,1,1,1,1,0,1,0,15,3,1,0,1,1,0,0,0,1,0,0
3511,pixel_transfer,1,1,1,1,0,1,0,15,2,1,0,1,1,0,0,0,1,0,0
3512,pixel_transfer,1,1,1,1,0,1,0,15,2,1,0,0,1,0,0,0,1,0,0
3513,pixel_transfer,1,1,1,1,0,1,0,15,3,1,0,0,1,0,0,0,1,0,0
3514,pixel_transfer,1,1,1,1,0,1,0,15,2,1,0,1,1,0,0,0,1,0,0
3515,pixel_transfer,1,1,1,1,0,1,0,15,2,1,0,0,1,0,0,0,1,0,0
3516,pixel_transfer,1,1,1,1,0,1,0,15,3,1,0,0,1,0,0,0,1,0,0
3517,pixel_transfer,1,1,1,1,0,1,0,15,3,1,0,1,1,0,0,0,1,0,0
3518,pixel_transfer,1,1,1,1,0,1,0,15,2,1,0,1,1,0,0,0,1,0,0
3519,pixel_transfer,1,1,1,1,0,1,0,15,2,1,0,0,1,0,0,0,1,0,0
3520,pixel_transfer,1,1,1,1,0,1,0,15,2,1,0,0,1,0,0,0,1,0,0
3521,pixel_transfer,1,1,1,1,0,1,0,15,2,1,0,0,1,0,0,0,1,0,0
3522,pixel_transfer,1,1,1,1,0,1,1,15,2,1,0,0,1,0,0,1,1,0,0
3523,pixel_transfer,1,1,1,1,0,2,0,15,3,1,0,0,1,0,0,1,1,0,0
3524,pixel_transfer,1,1,1,1,0,2,0,15,2,1,0,1,1,0,0,0,1,0,0
3525,pixel_transfer,1,1,1,1,0,2,0,15,2,1,0,0,1,0,0,0,1,0,0
3526,pixel_transfer,1,1,1,1,0,2,0,15,3,1,0,0,1,0,0,0,1,0,0
3527,pixel_transfer,1,1,1,1,0,2,0,15,2,1,0,1,1,0,0,0,1,0,0
3528,pixel_transfer,1,1,1,1,0,2,0,15,2,1,0,0,1,0,0,0,1,0,0
3529,pixel_transfer,1,1,1,1,0,2,0,15,3,1,0,0,1,0,0,0,1,0,0
3530,pixel_transfer,1,1,1,1,0,2,0,15,2,1,0,1,1,0,0,0,1,0,0
3531,pixel_transfer,1,1,1,1,0,2,0,15,2,1,0,0,1,0,0,0,1,0,0
3532,pixel_transfer,1,1,1,1,0,2,0,15,3,1,0,0,1,0,0,0,1,0,0
3533,pixel_transfer,1,1,1,1,0,2,0,15,2,1,0,1,1,0,0,0,1,0,0
3534,pixel_transfer,1,1,1,1,0,2,0,15,2,1,0,0,1,0,0,0,1,0,0
3535,pixel_transfer,1,1,1,1,0,2,0,15,3,1,0,0,1,0,0,1,1,0,0
3536,pixel_transfer,1,1,1,1,0,2,0,15,3,1,0,1,1,0,0,1,1,0,0
3537,pixel_transfer,1,1,1,1,0,2,0,15,2,1,0,1,1,0,0,0,1,0,0
3538,pixel_transfer,1,1,1,1,0,2,0,15,2,1,0,0,1,0,0,0,1,0,0
3539,pixel_transfer,1,1,1,1,0,2,0,15,3,1,0,0,1,0,0,0,1,0,0
3540,pixel_transfer,1,1,1,1,0,2,0,15,3,1,0,1,1,0,0,0,1,0,0
3541,pixel_transfer,1,1,1,1,0,2,0,15,2,1,0,1,1,0,0,0,1,0,0
3542,pixel_transfer,1,1,1,1,0,2,0,15,2,1,0,0,1,0,0,0,1,0,0
3543,pixel_transfer,1,1,1,1,0,2,0,15,2,1,0,0,1,0,0,0,1,0,0
3544,pixel_transfer,1,1,1,1,0,2,0,15,3,1,0,0,1,0,0,0,1,0,0
3545,pixel_transfer,1,1,1,1,0,2,0,15,3,1,0,1,1,0,0,1,1,0,0
3546,line_marker,0,1,0,1,1,2,2,15,3,1,0,1,1,0,0,1,1,0,0
3547,pixel_transfer,1,1,1,1,0,0,0,15,2,1,0,1,1,0,0,0,1,0,0
3548,pixel_transfer,1,1,1,1,0,1,0,15,2,1,0,0,1,0,0,0,1,0,0
3549,pixel_transfer,1,1,1,1,0,1,0,15,3,1,0,0,1,0,0,0,1,0,0
3550,pixel_transfer,1,1,1,1,0,1,0,15,2,1,0,1,1,0,0,0,1,0,0
3551,pixel_transfer,1,1,1,1,0,1,0,15,2,1,0,0,1,0,0,0,1,0,0
3552,pixel_transfer,1,1,1,1,0,1,0,15,3,1,0,0,1,0,0,1,1,0,0
3553,pixel_transfer,1,1,1,1,0,1,0,15,3,1,0,1,1,0,0,1,1,0,0
3554,pixel_transfer,1,1,1,1,0,1,0,15,2,1,0,1,1,0,0,0,1,0,0
3555,pixel_transfer,1,1,1,1,0,1,0,15,2,1,0,0,1,0,0,0,1,0,0
3556,pixel_transfer,1,1,1,1,0,1,0,15,2,1,0,0,1,0,0,0,1,0,0
3557,pixel_transfer,1,1,1,1,0,1,0,15,2,1,0,0,1,0,0,0,1,0,0
3558,pixel_transfer,1,1,1,1,0,1,0,15,3,1,0,0,1,0,0,0,1,0,0
3559,pixel_transfer,1,1,1,1,0,1,0,15,2,1,0,1,1,0,0,0,1,0,0
3560,pixel_transfer,1,1,1,1,0,1,0,15,2,1,0,0,1,0,0,0,1,0,0
3561,pixel_transfer,1,1,1,1,0,1,0,15,3,1,0,0,1,0,0,0,1,0,0
3562,pixel_transfer,1,1,1,1,0,1,0,15,2,1,0,1,1,0,0,0,1,0,0
3563,pixel_transfer,1,1,1,1,0,1,0,15,2,1,0,0,1,0,0,0,1,0,0
3564,pixel_transfer,1,1,1,1,0,1,0,15,3,1,0,0,1,0,0,1,1,0,0
3565,pixel_transfer,1,1,1,1,0,1,0,15,2,1,0,1,1,0,0,1,1,0,0
3566,pixel_transfer,1,1,1,1,0,1,0,15,2,1,0,0,1,0,0,0,1,0,0
3567,pixel_transfer,1,1,1,1,0,1,0,15,3,1,0,0,1,0,0,0,1,0,0
3568,pixel_transfer,1,1,1,1,0,1,0,15,2,1,0,1,1,0,0,0,1,0,0
3569,pixel_transfer,1,1,1,1,0,1,0,15,2,1,0,0,1,0,0,0,1,0,0
3570,pixel_transfer,1,1,1,1,0,1,0,15,2,1,0,0,1,0,0,0,1,0,0
3571,pixel_transfer,1,1,1,1,0,1,1,15,3,1,0,0,1,0,0,0,1,0,0
3572,pixel_transfer,1,1,1,1,0,2,0,15,3,1,0,1,1,0,0,0,1,0,0
3573,pixel_transfer,1,1,1,1,0,2,0,15,3,1,0,1,1,0,0,0,1,0,0
3574,pixel_transfer,1,1,1,1,0,2,0,15,2,1,0,1,1,0,0,0,1,0,0
3575,pixel_transfer,1,1,1,1,0,2,0,15,2,1,0,0,1,0,0,0,1,0,0
3576,pixel_transfer,1,1,1,1,0,2,0,15,2,1,0,0,1,0,0,0,1,0,0
3577,pixel_transfer,1,1,1,1,0,2,0,15,2,1,0,0,1,0,0,1,1,0,0
3578,pixel_transfer,1,1,1,1,0,2,0,15,3,1,0,0,1,0,0,1,1,0,0
3579,pixel_transfer,1,1,1,1,0,2,0,15,3,1,0,1,1,0,0,0,1,0,0
3580,pixel_transfer,1,1,1,1,0,2,0,15,2,1,0,1,1,0,0,0,1,0,0
3581,pixel_transfer,1,1,1,1,0,2,0,15,2,1,0,0,1,0,0,0,1,0,0
3582,pixel_transfer,1,1,1,1,0,2,0,15,2,1,0,0,1,0,0,0,1,0,0
3583,pixel_transfer,1,1,1,1,0,2,0,15,3,1,0,0,1,0,0,0,1,0,0
3584,pixel_transfer,1,1,1,1,0,2,0,15,2,1,0,1,1,0,0,0,1,0,0
3585,pixel_transfer,1,1,1,1,0,2,0,15,2,1,0,0,1,0,0,1,1,0,0
3586,pixel_transfer,1,1,1,1,0,2,0,15,2,1,0,0,1,0,0,1,1,0,0
3587,pixel_transfer,1,1,1,1,0,2,0,15,2,1,0,0,1,0,0,0,1,0,0
3588,pixel_transfer,1,1,1,1,0,2,0,15,2,1,0,0,1,0,0,0,1,0,0
3589,pixel_transfer,1,1,1,1,0,2,0,15,2,1,0,0,1,0,0,0,1,0,0
3590,pixel_transfer,1,1,1,1,0,2,0,15,2,1,0,0,1,0,0,0,1,0,0
3591,pixel_transfer,1,1,1,1,0,2,0,15,2,1,0,0,1,0,0,0,1,0,0
3592,pixel_transfer,1,1,1,1,0,2,0,15,2,1,0,0,1,0,0,0,1,0,0
3593,pixel_transfer,1,1,1,1,0,2,0,15,2,1,0,0,1,0,0,0,1,0,0
3594,pixel_transfer,1,1,1,1,0,2,0,15,3,1,0,0,1,0,0,0,1,0,0
3595,line_marker,0,1,0,1,1,2,2,15,2,1,0,1,1,0,0,0,1,0,0
3596,pixel_transfer,1,1,1,1,0,0,0,15,2,1,0,0,1,0,0,0,1,0,0
3597,pixel_transfer,1,1,1,1,0,1,0,15,3,1,0,0,1,0,0,0,1,0,0
3598,pixel_transfer,1,1,1,1,0,1,0,15,3,1,0,1,1,0,0,0,1,0,0
3599,pixel_transfer,1,1,1,1,0,1,0,15,2,1,0,1,1,0,0,0,1,0,0
3600,pixel_transfer,1,1,1,1,0,1,0,15,2,1,0,0,1,0,0,0,1,0,0
3601,pixel_transfer,1,1,1,1,0,1,0,15,2,1,0,0,1,0,0,0,1,0,0
3602,pixel_transfer,1,1,1,1,0,1,0,15,3,1,0,0,1,0,0,0,1,0,0
3603,pixel_transfer,1,1,1,1,0,1,0,15,3,1,0,1,1,0,0,0,1,0,0
3604,pixel_transfer,1,1,1,1,0,1,0,15,2,1,0,1,1,0,0,1,1,0,0
3605,pixel_transfer,1,1,1,1,0,1,0,15,2,1,0,0,1,0,0,1,1,0,0
3606,pixel_transfer,1,1,1,1,0,1,0,15,2,1,0,0,1,0,0,0,1,0,0
3607,pixel_transfer,1,1,1,1,0,1,0,15,2,1,0,0,1,0,0,0,1,0,0
3608,pixel_transfer,1,1,1,1,0,1,0,15,2,1,0,0,1,0,0,0,1,0,0
3609,pixel_transfer,1,1,1,1,0,1,0,15,2,1,0,0,1,0,0,0,1,0,0
3610,pixel_transfer,1,1,1,1,0,1,0,15,2,1,0,0,1,0,0,0,1,0,0
3611,pixel_transfer,1,1,1,1,0,1,0,15,2,1,0,0,1,0,0,0,1,0,0
3612,pixel_transfer,1,1,1,1,0,1,0,15,2,1,0,0,1,0,0,0,1,0,0
3613,pixel_transfer,1,1,1,1,0,1,0,15,3,1,0,0,1,0,0,0,1,0,0
3614,pixel_transfer,1,1,1,1,0,1,0,15,2,1,0,1,1,0,0,0,1,0,0
3615,pixel_transfer,1,1,1,1,0,1,0,15,2,1,0,0,1,0,0,0,1,0,0
3616,pixel_transfer,1,1,1,1,0,1,0,15,3,1,0,0,1,0,0,0,1,0,0
3617,pixel_transfer,1,1,1,1,0,1,0,15,2,1,0,1,1,0,0,0,1,0,0
3618,pixel_transfer,1,1,1,1,0,1,0,15,2,1,0,0,1,0,0,0,1,0,0
3619,pixel_transfer,1,1,1,1,0,1,0,15,3,1,0,0,1,0,0,0,1,0,0
3620,pixel_transfer,1,1,1,1,0,1,1,15,2,1,0,1,1,0,0,0,1,0,0
3621,pixel_transfer,1,1,1,1,0,2,0,15,2,1,0,0,1,0,0,0,1,0,0
3622,pixel_transfer,1,1,1,1,0,2,0,15,3,1,0,0,1,0,0,1,1,0,0
3623,pixel_transfer,1,1,1,1,0,2,0,15,2,1,0,1,1,0,0,1,1,0,0
3624,pixel_transfer,1,1,1,1,0,2,0,15,2,1,0,0,1,0,0,0,1,0,0
3625,pixel_transfer,1,1,1,1,0,2,0,15,3,1,0,0,1,0,0,0,1,0,0
3626,pixel_transfer,1,1,1,1,0,2,0,15,3,1,0,1,1,0,0,0,1,0,0
3627,pixel_transfer,1,1,1,1,0,2,0,15,2,1,0,1,1,0,0,0,1,0,0
3628,pixel_transfer,1,1,1,1,0,2,0,15,2,1,0,0,1,0,0,0,1,0,0
3629,pixel_transfer,1,1,1,1,0,2,0,15,3,1,0,0,1,0,0,0,1,0,0
3630,pixel_transfer,1,1,1,1,0,2,0,15,2,1,0,1,1,0,0,0,1,0,0
3631,pixel_transfer,1,1,1,1,0,2,0,15,2,1,0,0,1,0,0,0,1,0,0
3632,pixel_transfer,1,1,1,1,0,2,0,15,3,1,0,0,1,0,0,1,1,0,0
3633,pixel_transfer,1,1,1,1,0,2,0,15,3,1,0,1,1,0,0,1,1,0,0
3634,pixel_transfer,1,1,1,1,0,2,0,15,2,1,0,1,1,0,0,0,1,0,0
3635,pixel_transfer,1,1,1,1,0,2,0,15,2,1,0,0,1,0,0,0,1,0,0
3636,pixel_transfer,1,1,1,1,0,2,0,15,2,1,0,0,1,0,0,0,1,0,0
3637,pixel_transfer,1,1,1,1,0,2,0,15,2,1,0,0,1,0,0,0,1,0,0
3638,pixel_transfer,1,1,1,1,0,2,0,15,3,1,0,0,1,0,0,0,1,0,0
3639,pixel_transfer,1,1,1,1,0,2,0,15,2,1,0,1,1,0,0,0,1,0,0
3640,pixel_transfer,1,1,1,1,0,2,0,15,2,1,0,0,1,0,0,0,1,0,0
3641,pixel_transfer,1,1,1,1,0,2,0,15,2,1,0,0,1,0,0,0,1,0,0
3642,pixel_transfer,1,1,1,1,0,2,0,15,2,1,0,0,1,0,0,0,1,0,0
3643,pixel_transfer,1,1,1,1,0,2,0,15,3,1,0,0,1,0,0,0,1,0,0
3644,line_marker,0,1,0,1,1,2,2,15,3,1,0,1,1,0,0,1,1,0,0
3645,pixel_transfer,1,1,1,1,0,0,0,15,2,1,0,1,1,0,0,1,1,0,0
3646,pixel_transfer,1,1,1,1,0,1,0,15,2,1,0,0,1,0,0,0,1,0,0
3647,pixel_transfer,1,1,1,1,0,1,0,15,3,1,0,0,1,0,0,0,1,0,0
3648,pixel_transfer,1,1,1,1,0,1,0,15,2,1,0,1,1,0,0,0,1,0,0
3649,pixel_transfer,1,1,1,1,0,1,0,15,2,1,0,0,1,0,0,0,1,0,0
3650,pixel_transfer,1,1,1,1,0,1,0,15,3,1,0,0,1,0,0,0,1,0,0
3651,pixel_transfer,1,1,1,1,0,1,0,15,2,1,0,1,1,0,0,0,1,0,0
3652,pixel_transfer,1,1,1,1,0,1,0,15,2,1,0,0,1,0,0,0,1,0,0
3653,pixel_transfer,1,1,1,1,0,1,0,15,2,1,0,0,1,0,0,0,1,0,0
3654,pixel_transfer,1,1,1,1,0,1,0,15,2,1,0,0,1,0,0,0,1,0,0
3655,pixel_transfer,1,1,1,1,0,1,0,15,2,1,0,0,1,0,0,0,1,0,0
3656,pixel_transfer,1,1,1,1,0,1,0,15,2,1,0,0,1,0,0,1,1,0,0
3657,pixel_transfer,1,1,1,1,0,1,0,15,2,1,0,0,1,0,0,1,1,0,0
3658,pixel_transfer,1,1,1,1,0,1,0,15,2,1,0,0,1,0,0,0,1,0,0
3659,pixel_transfer,1,1,1,1,0,1,0,15,2,1,0,0,1,0,0,0,1,0,0
3660,pixel_transfer,1,1,1,1,0,1,0,15,2,1,0,0,1,0,0,0,1,0,0
3661,pixel_transfer,1,1,1,1,0,1,0,15,2,1,0,0,1,0,0,0,1,0,0
3662,pixel_transfer,1,1,1,1,0,1,0,15,2,1,0,0,1,0,0,0,1,0,0
3663,pixel_transfer,1,1,1,1,0,1,0,15,3,1,0,0,1,0,0,0,1,0,0
3664,pixel_transfer,1,1,1,1,0,1,0,15,3,1,0,1,1,0,0,0,1,0,0
3665,pixel_transfer,1,1,1,1,0,1,0,15,2,1,0,1,1,0,0,0,1,0,0
3666,pixel_transfer,1,1,1,1,0,1,0,15,2,1,0,0,1,0,0,0,1,0,0
3667,pixel_transfer,1,1,1,1,0,1,0,15,3,1,0,0,1,0,0,0,1,0,0
3668,pixel_transfer,1,1,1,1,0,1,0,15,2,1,0,1,1,0,0,0,1,0,0
3669,pixel_transfer,1,1,1,1,0,1,1,15,2,1,0,0,1,0,0,0,1,0,0
3670,pixel_transfer,1,1,1,1,0,2,0,15,3,1,0,0,1,0,0,0,1,0,0
3671,pixel_transfer,1,1,1,1,0,2,0,15,3,1,0,1,1,0,0,0,1,0,0
3672,pixel_transfer,1,1,1,1,0,2,0,15,2,1,0,1,1,0,0,0,1,0,0
3673,pixel_transfer,1,1,1,1,0,2,0,15,2,1,0,0,1,0,0,0,1,0,0
3674,pixel_transfer,1,1,1,1,0,2,0,15,3,1,0,0,1,0,0,0,1,0,0
3675,pixel_transfer,1,1,1,1,0,2,0,15,2,1,0,1,1,0,0,0,1,0,0
3676,pixel_transfer,1,1,1,1,0,2,0,15,2,1,0,0,1,0,0,1,1,0,0
3677,pixel_transfer,1,1,1,1,0,2,0,15,3,1,0,0,1,0,0,1,1,0,0
3678,pixel_transfer,1,1,1,1,0,2,0,15,2,1,0,1,1,0,0,0,1,0,0
3679,pixel_transfer,1,1,1,1,0,2,0,15,2,1,0,0,1,0,0,0,1,0,0
3680,pixel_transfer,1,1,1,1,0,2,0,15,3,1,0,0,1,0,0,0,1,0,0
3681,pixel_transfer,1,1,1,1,0,2,0,15,3,1,0,1,1,0,0,0,1,0,0
3682,pixel_transfer,1,1,1,1,0,2,0,15,2,1,0,1,1,0,0,0,1,0,0
3683,pixel_transfer,1,1,1,1,0,2,0,15,2,1,0,0,1,0,0,0,1,0,0
3684,pixel_transfer,1,1,1,1,0,2,0,15,3,1,0,0,1,0,0,0,1,0,0
3685,pixel_transfer,1,1,1,1,0,2,0,15,3,1,0,1,1,0,0,0,1,0,0
3686,pixel_transfer,1,1,1,1,0,2,0,15,2,1,0,1,1,0,0,1,1,0,0
3687,pixel_transfer,1,1,1,1,0,2,0,15,2,1,0,0,1,0,0,1,1,0,0
3688,pixel_transfer,1,1,1,1,0,2,0,15,3,1,0,0,1,0,0,0,1,0,0
3689,pixel_transfer,1,1,1,1,0,2,0,15,2,1,0,1,1,0,0,0,1,0,0
3690,pixel_transfer,1,1,1,1,0,2,0,15,2,1,0,0,1,0,0,0,1,0,0
3691,pixel_transfer,1,1,1,1,0,2,0,15,2,1,0,0,1,0,0,0,1,0,0
3692,pixel_transfer,1,1,1,1,0,2,0,15,2,1,0,0,1,0,0,0,1,0,0
3693,line_marker,0,1,0,1,1,2,2,15,2,1,0,0,1,0,0,0,1,0,0
3694,pixel_transfer,1,1,1,1,0,0,0,15,2,1,0,0,1,0,0,1,1,0,0
3695,pixel_transfer,1,1,1,1,0,1,0,15,2,1,0,0,1,0,0,1,1,0,0
3696,pixel_transfer,1,1,1,1,0,1,0,15,2,1,0,0,1,0,0,0,1,0,0
3697,pixel_transfer,1,1,1,1,0,1,0,15,3,1,0,0,1,0,0,0,1,0,0
3698,pixel_transfer,1,1,1,1,0,1,0,15,3,1,0,1,1,0,0,0,1,0,0
3699,pixel_transfer,1,1,1,1,0,1,0,15,2,1,0,1,1,0,0,0,1,0,0
3700,pixel_transfer,1,1,1,1,0,1,0,15,2,1,0,0,1,0,0,0,1,0,0
3701,pixel_transfer,1,1,1,1,0,1,0,15,3,1,0,0,1,0,0,0,1,0,0
3702,pixel_transfer,1,1,1,1,0,1,0,15,2,1,0,1,1,0,0,0,1,0,0
3703,pixel_transfer,1,1,1,1,0,1,0,15,2,1,0,0,1,0,0,0,1,0,0
3704,pixel_transfer,1,1,1,1,0,1,0,15,3,1,0,0,1,0,0,0,1,0,0
3705,pixel_transfer,1,1,1,1,0,1,0,15,3,1,0,1,1,0,0,0,1,0,0
3706,pixel_transfer,1,1,1,1,0,1,0,15,2,1,0,1,1,0,0,0,1,0,0
3707,pixel_transfer,1,1,1,1,0,1,0,15,2,1,0,0,1,0,0,0,1,0,0
3708,pixel_transfer,1,1,1,1,0,1,0,15,2,1,0,0,1,0,0,0,1,0,0
3709,pixel_transfer,1,1,1,1,0,1,0,15,2,1,0,0,1,0,0,0,1,0,0
3710,pixel_transfer,1,1,1,1,0,1,0,15,3,1,0,0,1,0,0,1,1,0,0
3711,pixel_transfer,1,1,1,1,0,1,0,15,2,1,0,1,1,0,0,1,1,0,0
3712,pixel_transfer,1,1,1,1,0,1,0,15,2,1,0,0,1,0,0,0,1,0,0
3713,pixel_transfer,1,1,1,1,0,1,0,15,3,1,0,0,1,0,0,0,1,0,0
3714,pixel_transfer,1,1,1,1,0,1,0,15,3,1,0,1,1,0,0,0,1,0,0
3715,pixel_transfer,1,1,1,1,0,1,0,15,2,1,0,1,1,0,0,0,1,0,0
3716,pixel_transfer,1,1,1,1,0,1,0,15,2,1,0,0,1,0,0,0,1,0,0
3717,pixel_transfer,1,1,1,1,0,1,0,15,2,1,0,0,1,0,0,0,1,0,0
3718,pixel_transfer,1,1,1,1,0,1,1,15,3,1,0,0,1,0,0,0,1,0,0
3719,pixel_transfer,1,1,1,1,0,2,0,15,3,1,0,1,1,0,0,0,1,0,0
3720,pixel_transfer,1,1,1,1,0,2,0,15,2,1,0,1,1,0,0,1,1,0,0
3721,pixel_transfer,1,1,1,1,0,2,0,15,2,1,0,0,1,0,0,1,1,0,0
3722,pixel_transfer,1,1,1,1,0,2,0,15,2,1,0,0,1,0,0,0,1,0,0
3723,pixel_transfer,1,1,1,1,0,2,0,15,3,1,0,0,1,0,0,0,1,0,0
3724,pixel_transfer,1,1,1,1,0,2,0,15,2,1,0,1,1,0,0,0,1,0,0
3725,pixel_transfer,1,1,1,1,0,2,0,15,2,1,0,0,1,0,0,0,1,0,0
3726,pixel_transfer,1,1,1,1,0,2,0,15,3,1,0,0,1,0,0,0,1,0,0
3727,pixel_transfer,1,1,1,1,0,2,0,15,2,1,0,1,1,0,0,0,1,0,0
3728,pixel_transfer,1,1,1,1,0,2,0,15,2,1,0,0,1,0,0,0,1,0,0
3729,pixel_transfer,1,1,1,1,0,2,0,15,2,1,0,0,1,0,0,0,1,0,0
3730,pixel_transfer,1,1,1,1,0,2,0,15,3,1,0,0,1,0,0,0,1,0,0
3731,pixel_transfer,1,1,1,1,0,2,0,15,3,1,0,1,1,0,0,0,1,0,0
3732,pixel_transfer,1,1,1,1,0,2,0,15,2,1,0,1,1,0,0,1,1,0,0
3733,pixel_transfer,1,1,1,1,0,2,0,15,2,1,0,0,1,0,0,1,1,0,0
3734,pixel_transfer,1,1,1,1,0,2,0,15,2,1,0,0,1,0,0,0,1,0,0
3735,pixel_transfer,1,1,1,1,0,2,0,15,2,1,0,0,1,0,0,0,1,0,0
3736,pixel_transfer,1,1,1,1,0,2,0,15,3,1,0,0,1,0,0,0,1,0,0
3737,pixel_transfer,1,1,1,1,0,2,0,15,3,1,0,1,1,0,0,0,1,0,0
3738,pixel_transfer,1,1,1,1,0,2,0,15,2,1,0,1,1,0,0,0,1,0,0
3739,pixel_transfer,1,1,1,1,0,2,0,15,2,1,0,0,1,0,0,0,1,0,0
3740,pixel_transfer,1,1,1,1,0,2,0,15,2,1,0,0,1,0,0,0,1,0,0
3741,pixel_transfer,1,1,1,1,0,2,0,15,2,1,0,0,1,0,0,0,1,0,0
3742,line_marker,0,1,0,1,1,2,2,15,2,1,0,0,1,0,0,0,1,0,0
3743,pixel_transfer,1,1,1,1,0,0,0,15,2,1,0,0,1,0,0,1,1,0,0
3744,pixel_transfer,1,1,1,1,0,1,0,15,3,1,0,0,1,0,0,1,1,0,0
3745,pixel_transfer,1,1,1,1,0,1,0,15,2,1,0,1,1,0,0,0,1,0,0
3746,pixel_transfer,1,1,1,1,0,1,0,15,2,1,0,0,1,0,0,0,1,0,0
3747,pixel_transfer,1,1,1,1,0,1,0,15,2,1,0,0,1,0,0,0,1,0,0
3748,pixel_transfer,1,1,1,1,0,1,0,15,3,1,0,0,1,0,0,0,1,0,0
3749,pixel_transfer,1,1,1,1,0,1,0,15,3,1,0,1,1,0,0,0,1,0,0
3750,pixel_transfer,1,1,1,1,0,1,0,15,2,1,0,1,1,0,0,0,1,0,0
3751,pixel_transfer,1,1,1,1,0,1,0,15,2,1,0,0,1,0,0,0,1,0,0
3752,pixel_transfer,1,1,1,1,0,1,0,15,2,1,0,0,1,0,0,0,1,0,0
3753,pixel_transfer,1,1,1,1,0,1,0,15,3,1,0,0,1,0,0,0,1,0,0
3754,pixel_transfer,1,1,1,1,0,1,0,15,2,1,0,1,1,0,0,0,1,0,0
3755,pixel_transfer,1,1,1,1,0,1,0,15,2,1,0,0,1,0,0,0,1,0,0
3756,pixel_transfer,1,1,1,1,0,1,0,15,2,1,0,0,1,0,0,0,1,0,0
3757,pixel_transfer,1,1,1,1,0,1,0,15,3,1,0,0,1,0,0,0,1,0,0
3758,pixel_transfer,1,1,1,1,0,1,0,15,2,1,0,1,1,0,0,0,1,0,0
3759,pixel_transfer,1,1,1,1,0,1,0,15,2,1,0,0,1,0,0,1,1,0,0
3760,pixel_transfer,1,1,1,1,0,1,0,15,3,1,0,0,1,0,0,1,1,0,0
3761,pixel_transfer,1,1,1,1,0,1,0,15,2,1,0,1,1,0,0,0,1,0,0
3762,pixel_transfer,1,1,1,1,0,1,0,15,2,1,0,0,1,0,0,0,1,0,0
3763,pixel_transfer,1,1,1,1,0,1,0,15,3,1,0,0,1,0,0,0,1,0,0
3764,pixel_transfer,1,1,1,1,0,1,0,15,3,1,0,1,1,0,0,0,1,0,0
3765,pixel_transfer,1,1,1,1,0,1,0,15,2,1,0,1,1,0,0,0,1,0,0
3766,pixel_transfer,1,1,1,1,0,1,0,15,2,1,0,0,1,0,0,0,1,0,0
3767,pixel_transfer,1,1,1,1,0,1,1,15,3,1,0,0,1,0,0,0,1,0,0
3768,pixel_transfer,1,1,1,1,0,2,0,15,2,1,0,1,1,0,0,0,1,0,0
3769,pixel_transfer,1,1,1,1,0,2,0,15,2,1,0,0,1,0,0,0,1,0,0
3770,pixel_transfer,1,1,1,1,0,2,0,15,3,1,0,0,1,0,0,1,1,0,0
3771,pixel_transfer,1,1,1,1,0,2,0,15,3,1,0,1,1,0,0,1,1,0,0
3772,pixel_transfer,1,1,1,1,0,2,0,15,3,1,0,1,1,0,0,0,1,0,0
3773,pixel_transfer,1,1,1,1,0,2,0,15,2,1,0,1,1,0,0,0,1,0,0
3774,pixel_transfer,1,1,1,1,0,2,0,15,2,1,0,0,1,0,0,0,1,0,0
3775,pixel_transfer,1,1,1,1,0,2,0,15,2,1,0,0,1,0,0,0,1,0,0
3776,pixel_transfer,1,1,1,1,0,2,0,15,3,1,0,0,1,0,0,0,1,0,0
3777,pixel_transfer,1,1,1,1,0,2,0,15,3,1,0,1,1,0,0,0,1,0,0
3778,pixel_transfer,1,1,1,1,0,2,0,15,2,1,0,1,1,0,0,1,1,0,0
3779,pixel_transfer,1,1,1,1,0,2,0,15,2,1,0,0,1,0,0,1,1,0,0
3780,pixel_transfer,1,1,1,1,0,2,0,15,2,1,0,0,1,0,0,0,1,0,0
3781,pixel_transfer,1,1,1,1,0,2,0,15,3,1,0,0,1,0,0,0,1,0,0
3782,pixel_transfer,1,1,1,1,0,2,0,15,2,1,0,1,1,0,0,0,1,0,0
3783,pixel_transfer,1,1,1,1,0,2,0,15,2,1,0,0,1,0,0,0,1,0,0
3784,pixel_transfer,1,1,1,1,0,2,0,15,2,1,0,0,1,0,0,0,1,0,0
3785,pixel_transfer,1,1,1,1,0,2,0,15,2,1,0,0,1,0,0,0,1,0,0
3786,pixel_transfer,1,1,1,1,0,2,0,15,2,1,0,0,1,0,0,0,1,0,0
3787,pixel_transfer,1,1,1,1,0,2,0,15,2,1,0,0,1,0,0,0,1,0,0
3788,pixel_transfer,1,1,1,1,0,2,0,15,2,1,0,0,1,0,0,0,1,0,0
3789,pixel_transfer,1,1,1,1,0,2,0,15,2,1,0,0,1,0,0,0,1,0,0
3790,pixel_transfer,1,1,1,1,0,2,0,15,2,1,0,0,1,0,0,0,1,0,0
3791,line_marker,0,1,0,1,1,2,2,15,2,1,0,0,1,0,0,0,1,0,0
3792,pixel_transfer,1,1,1,1,0,0,0,15,2,1,0,0,1,0,0,0,1,0,0
3793,pixel_transfer,1,1,1,1,0,1,0,15,3,1,0,0,1,0,0,0,1,0,0
3794,pixel_transfer,1,1,1,1,0,1,0,15,2,1,0,1,1,0,0,0,1,0,0
3795,pixel_transfer,1,1,1,1,0,1,0,15,2,1,0,0,1,0,0,0,1,0,0
3796,pixel_transfer,1,1,1,1,0,1,0,15,3,1,0,0,1,0,0,0,1,0,0
3797,pixel_transfer,1,1,1,1,0,1,0,15,3,1,0,1,1,0,0,0,1,0,0
3798,pixel_transfer,1,1,1,1,0,1,0,15,2,1,0,1,1,0,0,0,1,0,0
3799,pixel_transfer,1,1,1,1,0,1,0,15,2,1,0,0,1,0,0,1,1,0,0
3800,pixel_transfer,1,1,1,1,0,1,0,15,2,1,0,0,1,0,0,1,1,0,0
3801,pixel_transfer,1,1,1,1,0,1,0,15,3,1,0,0,1,0,0,0,1,0,0
3802,pixel_transfer,1,1,1,1,0,1,0,15,2,1,0,1,1,0,0,0,1,0,0
3803,pixel_transfer,1,1,1,1,0,1,0,15,2,1,0,0,1,0,0,0,1,0,0
3804,pixel_transfer,1,1,1,1,0,1,0,15,3,1,0,0,1,0,0,0,1,0,0
3805,pixel_transfer,1,1,1,1,0,1,0,15,2,1,0,1,1,0,0,0,1,0,0
3806,pixel_transfer,1,1,1,1,0,1,0,15,2,1,0,0,1,0,0,0,1,0,0
3807,pixel_transfer,1,1,1,1,0,1,0,15,3,1,0,0,1,0,0,0,1,0,0
3808,pixel_transfer,1,1,1,1,0,1,0,15,2,1,0,1,1,0,0,0,1,0,0
3809,pixel_transfer,1,1,1,1,0,1,0,15,2,1,0,0,1,0,0,0,1,0,0
3810,pixel_transfer,1,1,1,1,0,1,0,15,3,1,0,0,1,0,0,1,1,0,0
3811,pixel_transfer,1,1,1,1,0,1,0,15,3,1,0,1,1,0,0,1,1,0,0
3812,pixel_transfer,1,1,1,1,0,1,0,15,2,1,0,1,1,0,0,0,1,0,0
3813,pixel_transfer,1,1,1,1,0,1,0,15,2,1,0,0,1,0,0,0,1,0,0
3814,pixel_transfer,1,1,1,1,0,1,0,15,2,1,0,0,1,0,0,0,1,0,0
3815,pixel_transfer,1,1,1,1,0,1,0,15,3,1,0,0,1,0,0,0,1,0,0
3816,pixel_transfer,1,1,1,1,0,1,1,15,2,1,0,1,1,0,0,0,1,0,0
3817,pixel_transfer,1,1,1,1,0,2,0,15,2,1,0,0,1,0,0,0,1,0,0
3818,pixel_transfer,1,1,1,1,0,2,0,15,3,1,0,0,1,0,0,0,1,0,0
3819,pixel_transfer,1,1,1,1,0,2,0,15,2,1,0,1,1,0,0,0,1,0,0
3820,pixel_transfer,1,1,1,1,0,2,0,15,2,1,0,0,1,0,0,0,1,0,0
3821,pixel_transfer,1,1,1,1,0,2,0,15,3,1,0,0,1,0,0,1,1,0,0
3822,pixel_transfer,1,1,1,1,0,2,0,15,3,1,0,1,1,0,0,1,1,0,0
3823,pixel_transfer,1,1,1,1,0,2,0,15,2,1,0,1,1,0,0,0,1,0,0
3824,pixel_transfer,1,1,1,1,0,2,0,15,2,1,0,0,1,0,0,0,1,0,0
3825,pixel_transfer,1,1,1,1,0,2,0,15,2,1,0,0,1,0,0,0,1,0,0
3826,pixel_transfer,1,1,1,1,0,2,0,15,3,1,0,0,1,0,0,0,1,0,0
3827,pixel_transfer,1,1,1,1,0,2,0,15,2,1,0,1,1,0,0,0,1,0,0
3828,pixel_transfer,1,1,1,1,0,2,0,15,2,1,0,0,1,0,0,0,1,0,0
3829,pixel_transfer,1,1,1,1,0,2,0,15,3,1,0,0,1,0,0,0,1,0,0
3830,pixel_transfer,1,1,1,1,0,2,0,15,2,1,0,1,1,0,0,0,1,0,0
3831,pixel_transfer,1,1,1,1,0,2,0,15,2,1,0,0,1,0,0,0,1,0,0
3832,pixel_transfer,1,1,1,1,0,2,0,15,2,1,0,0,1,0,0,1,1,0,0
3833,pixel_transfer,1,1,1,1,0,2,0,15,2,1,0,0,1,0,0,1,1,0,0
3834,pixel_transfer,1,1,1,1,0,2,0,15,2,1,0,0,1,0,0,0,1,0,0
3835,pixel_transfer,1,1,1,1,0,2,0,15,2,1,0,0,1,0,0,0,1,0,0
3836,pixel_transfer,1,1,1,1,0,2,0,15,2,1,0,0,1,0,0,0,1,0,0
3837,pixel_transfer,1,1,1,1,0,2,0,15,2,1,0,0,1,0,0,0,1,0,0
3838,pixel_transfer,1,1,1,1,0,2,0,15,2,1,0,0,1,0,0,0,1,0,0
3839,pixel_transfer,1,1,1,1,0,2,0,15,2,1,0,0,1,0,0,0,1,0,0
3840,line_marker,0,1,0,1,1,2,2,15,2,1,0,0,1,0,0,0,1,0,0
3841,pixel_transfer,1,1,1,1,0,0,0,15,2,1,0,0,1,0,0,0,1,0,0
3842,pixel_transfer,1,1,1,1,0,1,0,15,2,1,0,0,1,0,0,0,1,0,0
3843,pixel_transfer,1,1,1,1,0,1,0,15,3,1,0,0,1,0,0,0,1,0,0
3844,pixel_transfer,1,1,1,1,0,1,0,15,3,1,0,1,1,0,0,0,1,0,0
3845,pixel_transfer,1,1,1,1,0,1,0,15,2,1,0,1,1,0,0,0,1,0,0
3846,pixel_transfer,1,1,1,1,0,1,0,15,2,1,0,0,1,0,0,0,1,0,0
3847,pixel_transfer,1,1,1,1,0,1,0,15,3,1,0,0,1,0,0,0,1,0,0
3848,pixel_transfer,1,1,1,1,0,1,0,15,2,1,0,1,1,0,0,0,1,0,0
3849,pixel_transfer,1,1,1,1,0,1,0,15,2,1,0,0,1,0,0,0,1,0,0
3850,pixel_transfer,1,1,1,1,0,1,0,15,3,1,0,0,1,0,0,0,1,0,0
3851,pixel_transfer,1,1,1,1,0,1,0,15,2,1,0,1,1,0,0,0,1,0,0
3852,pixel_transfer,1,1,1,1,0,1,0,15,2,1,0,0,1,0,0,0,1,0,0
3853,pixel_transfer,1,1,1,1,0,1,0,15,3,1,0,0,1,0,0,1,1,0,0
3854,pixel_transfer,1,1,1,1,0,1,0,15,2,1,0,1,1,0,0,1,1,0,0
3855,pixel_transfer,1,1,1,1,0,1,0,15,2,1,0,0,1,0,0,0,1,0,0
3856,pixel_transfer,1,1,1,1,0,1,0,15,3,1,0,0,1,0,0,0,1,0,0
3857,pixel_transfer,1,1,1,1,0,1,0,15,3,1,0,1,1,0,0,0,1,0,0
3858,pixel_transfer,1,1,1,1,0,1,0,15,2,1,0,1,1,0,0,0,1,0,0
3859,pixel_transfer,1,1,1,1,0,1,0,15,2,1,0,0,1,0,0,0,1,0,0
3860,pixel_transfer,1,1,1,1,0,1,0,15,3,1,0,0,1,0,0,0,1,0,0
3861,pixel_transfer,1,1,1,1,0,1,0,15,2,1,0,1,1,0,0,0,1,0,0
3862,pixel_transfer,1,1,1,1,0,1,0,15,2,1,0,0,1,0,0,0,1,0,0
3863,pixel_transfer,1,1,1,1,0,1,0,15,3,1,0,0,1,0,0,1,1,0,0
3864,pixel_transfer,1,1,1,1,0,1,0,15,2,1,0,1,1,0,0,1,1,0,0
3865,pixel_transfer,1,1,1,1,0,1,1,15,2,1,0,0,1,0,0,0,1,0,0
3866,pixel_transfer,1,1,1,1,0,2,0,15,2,1,0,0,1,0,0,0,1,0,0
3867,pixel_transfer,1,1,1,1,0,2,0,15,3,1,0,0,1,0,0,0,1,0,0
3868,pixel_transfer,1,1,1,1,0,2,0,15,2,1,0,1,1,0,0,0,1,0,0
3869,pixel_transfer,1,1,1,1,0,2,0,15,2,1,0,0,1,0,0,0,1,0,0
3870,pixel_transfer,1,1,1,1,0,2,0,15,3,1,0,0,1,0,0,0,1,0,0
3871,pixel_transfer,1,1,1,1,0,2,0,15,2,1,0,1,1,0,0,0,1,0,0
3872,pixel_transfer,1,1,1,1,0,2,0,15,2,1,0,0,1,0,0,0,1,0,0
3873,pixel_transfer,1,1,1,1,0,2,0,15,2,1,0,0,1,0,0,0,1,0,0
3874,pixel_transfer,1,1,1,1,0,2,0,15,2,1,0,0,1,0,0,0,1,0,0
3875,pixel_transfer,1,1,1,1,0,2,0,15,2,1,0,0,1,0,0,0,1,0,0
3876,pixel_transfer,1,1,1,1,0,2,0,15,2,1,0,0,1,0,0,1,1,0,0
3877,pixel_transfer,1,1,1,1,0,2,0,15,3,1,0,0,1,0,0,1,1,0,0
3878,pixel_transfer,1,1,1,1,0,2,0,15,2,1,0,1,1,0,0,0,1,0,0
3879,pixel_transfer,1,1,1,1,0,2,0,15,2,1,0,0,1,0,0,0,1,0,0
3880,pixel_transfer,1,1,1,1,0,2,0,15,3,1,0,0,1,0,0,0,1,0,0
3881,pixel_transfer,1,1,1,1,0,2,0,15,3,1,0,1,1,0,0,0,1,0,0
3882,pixel_transfer,1,1,1,1,0,2,0,15,2,1,0,1,1,0,0,0,1,0,0
3883,pixel_transfer,1,1,1,1,0,2,0,15,2,1,0,0,1,0,0,0,1,0,0
3884,pixel_transfer,1,1,1,1,0,2,0,15,3,1,0,0,1,0,0,0,1,0,0
3885,pixel_transfer,1,1,1,1,0,2,0,15,2,1,0,1,1,0,0,0,1,0,0
3886,pixel_transfer,1,1,1,1,0,2,0,15,2,1,0,0,1,0,0,0,1,0,0
3887,pixel_transfer,1,1,1,1,0,2,0,15,2,1,0,0,1,0,0,0,1,0,0
3888,pixel_transfer,1,1,1,1,0,2,0,15,2,1,0,0,1,0,0,0,1,0,0
3889,line_marker,0,1,0,1,1,2,2,15,2,1,0,0,1,0,0,0,1,0,0
3890,pixel_transfer,1,1,1,1,0,0,0,15,2,1,0,0,1,0,0,1,1,0,0
3891,pixel_transfer,1,1,1,1,0,1,0,15,2,1,0,0,1,0,0,1,1,0,0
3892,pixel_transfer,1,1,1,1,0,1,0,15,3,1,0,0,1,0,0,0,1,0,0
3893,pixel_transfer,1,1,1,1,0,1,0,15,2,1,0,1,1,0,0,0,1,0,0
3894,pixel_transfer,1,1,1,1,0,1,0,15,2,1,0,0,1,0,0,0,1,0,0
3895,pixel_transfer,1,1,1,1,0,1,0,15,3,1,0,0,1,0,0,0,1,0,0
3896,pixel_transfer,1,1,1,1,0,1,0,15,2,1,0,1,1,0,0,0,1,0,0
3897,pixel_transfer,1,1,1,1,0,1,0,15,2,1,0,0,1,0,0,0,1,0,0
3898,pixel_transfer,1,1,1,1,0,1,0,15,3,1,0,0,1,0,0,0,1,0,0
3899,pixel_transfer,1,1,1,1,0,1,0,15,2,1,0,1,1,0,0,0,1,0,0
3900,pixel_transfer,1,1,1,1,0,1,0,15,2,1,0,0,1,0,0,0,1,0,0
3901,pixel_transfer,1,1,1,1,0,1,0,15,3,1,0,0,1,0,0,0,1,0,0
3902,pixel_transfer,1,1,1,1,0,1,0,15,3,1,0,1,1,0,0,0,1,0,0
3903,pixel_transfer,1,1,1,1,0,1,0,15,2,1,0,1,1,0,0,0,1,0,0
3904,pixel_transfer,1,1,1,1,0,1,0,15,2,1,0,0,1,0,0,0,1,0,0
3905,pixel_transfer,1,1,1,1,0,1,0,15,3,1,0,0,1,0,0,0,1,0,0
3906,pixel_transfer,1,1,1,1,0,1,0,15,2,1,0,1,1,0,0,0,1,0,0
3907,pixel_transfer,1,1,1,1,0,1,0,15,2,1,0,0,1,0,0,1,1,0,0
3908,pixel_transfer,1,1,1,1,0,1,0,15,3,1,0,0,1,0,0,1,1,0,0
3909,pixel_transfer,1,1,1,1,0,1,0,15,3,1,0,1,1,0,0,0,1,0,0
3910,pixel_transfer,1,1,1,1,0,1,0,15,2,1,0,1,1,0,0,0,1,0,0
3911,pixel_transfer,1,1,1,1,0,1,0,15,2,1,0,0,1,0,0,0,1,0,0
3912,pixel_transfer,1,1,1,1,0,1,0,15,3,1,0,0,1,0,0,0,1,0,0
3913,pixel_transfer,1,1,1,1,0,1,0,15,2,1,0,1,1,0,0,0,1,0,0
3914,pixel_transfer,1,1,1,1,0,1,1,15,2,1,0,0,1,0,0,0,1,0,0
3915,pixel_transfer,1,1,1,1,0,2,0,15,3,1,0,0,1,0,0,1,1,0,0
3916,pixel_transfer,1,1,1,1,0,2,0,15,2,1,0,1,1,0,0,1,1,0,0
3917,pixel_transfer,1,1,1,1,0,2,0,15,2,1,0,0,1,0,0,0,1,0,0
3918,pixel_transfer,1,1,1,1,0,2,0,15,3,1,0,0,1,0,0,0,1,0,0
3919,pixel_transfer,1,1,1,1,0,2,0,15,2,1,0,1,1,0,0,0,1,0,0
3920,pixel_transfer,1,1,1,1,0,2,0,15,2,1,0,0,1,0,0,0,1,0,0
3921,pixel_transfer,1,1,1,1,0,2,0,15,3,1,0,0,1,0,0,0,1,0,0
3922,pixel_transfer,1,1,1,1,0,2,0,15,3,1,0,1,1,0,0,0,1,0,0
3923,pixel_transfer,1,1,1,1,0,2,0,15,2,1,0,1,1,0,0,0,1,0,0
3924,pixel_transfer,1,1,1,1,0,2,0,15,2,1,0,0,1,0,0,0,1,0,0
3925,pixel_transfer,1,1,1,1,0,2,0,15,2,1,0,0,1,0,0,0,1,0,0
3926,pixel_transfer,1,1,1,1,0,2,0,15,3,1,0,0,1,0,0,0,1,0,0
3927,pixel_transfer,1,1,1,1,0,2,0,15,2,1,0,1,1,0,0,1,1,0,0
3928,pixel_transfer,1,1,1,1,0,2,0,15,2,1,0,0,1,0,0,1,1,0,0
3929,pixel_transfer,1,1,1,1,0,2,0,15,3,1,0,0,1,0,0,0,1,0,0
3930,pixel_transfer,1,1,1,1,0,2,0,15,3,1,0,1,1,0,0,0,1,0,0
3931,pixel_transfer,1,1,1,1,0,2,0,15,2,1,0,1,1,0,0,0,1,0,0
3932,pixel_transfer,1,1,1,1,0,2,0,15,2,1,0,0,1,0,0,0,1,0,0
3933,pixel_transfer,1,1,1,1,0,2,0,15,2,1,0,0,1,0,0,0,1,0,0
3934,pixel_transfer,1,1,1,1,0,2,0,15,3,1,0,0,1,0,0,0,1,0,0
3935,pixel_transfer,1,1,1,1,0,2,0,15,2,1,0,1,1,0,0,0,1,0,0
3936,pixel_transfer,1,1,1,1,0,2,0,15,2,1,0,0,1,0,0,1,1,0,0
3937,pixel_transfer,1,1,1,1,0,2,0,15,2,1,0,0,1,0,0,1,1,0,0
3938,line_marker,0,1,0,1,1,2,2,15,2,1,0,0,1,0,0,0,1,0,0
3939,pixel_transfer,1,1,1,1,0,0,0,15,2,1,0,0,1,0,0,0,1,0,0
3940,pixel_transfer,1,1,1,1,0,1,0,15,2,1,0,0,1,0,0,0,1,0,0
3941,pixel_transfer,1,1,1,1,0,1,0,15,2,1,0,0,1,0,0,0,1,0,0
3942,pixel_transfer,1,1,1,1,0,1,0,15,2,1,0,0,1,0,0,0,1,0,0
3943,pixel_transfer,1,1,1,1,0,1,0,15,2,1,0,0,1,0,0,0,1,0,0
3944,pixel_transfer,1,1,1,1,0,1,0,15,2,1,0,0,1,0,0,0,1,0,0
3945,pixel_transfer,1,1,1,1,0,1,0,15,3,1,0,0,1,0,0,0,1,0,0
3946,pixel_transfer,1,1,1,1,0,1,0,15,2,1,0,1,1,0,0,0,1,0,0
3947,pixel_transfer,1,1,1,1,0,1,0,15,2,1,0,0,1,0,0,0,1,0,0
3948,pixel_transfer,1,1,1,1,0,1,0,15,3,1,0,0,1,0,0,0,1,0,0
3949,pixel_transfer,1,1,1,1,0,1,0,15,2,1,0,1,1,0,0,0,1,0,0
3950,pixel_transfer,1,1,1,1,0,1,0,15,2,1,0,0,1,0,0,0,1,0,0
3951,pixel_transfer,1,1,1,1,0,1,0,15,3,1,0,0,1,0,0,0,1,0,0
3952,pixel_transfer,1,1,1,1,0,1,0,15,2,1,0,1,1,0,0,0,1,0,0
3953,pixel_transfer,1,1,1,1,0,1,0,15,2,1,0,0,1,0,0,0,1,0,0
3954,pixel_transfer,1,1,1,1,0,1,0,15,3,1,0,0,1,0,0,0,1,0,0
3955,pixel_transfer,1,1,1,1,0,1,0,15,2,1,0,1,1,0,0,0,1,0,0
3956,pixel_transfer,1,1,1,1,0,1,0,15,2,1,0,0,1,0,0,0,1,0,0
3957,pixel_transfer,1,1,1,1,0,1,0,15,3,1,0,0,1,0,0,1,1,0,0
3958,pixel_transfer,1,1,1,1,0,1,0,15,3,1,0,1,1,0,0,1,1,0,0
3959,pixel_transfer,1,1,1,1,0,1,0,15,2,1,0,1,1,0,0,0,1,0,0
3960,pixel_transfer,1,1,1,1,0,1,0,15,2,1,0,0,1,0,0,0,1,0,0
3961,pixel_transfer,1,1,1,1,0,1,0,15,3,1,0,0,1,0,0,0,1,0,0
3962,pixel_transfer,1,1,1,1,0,1,0,15,2,1,0,1,1,0,0,0,1,0,0
3963,pixel_transfer,1,1,1,1,0,1,1,15,2,1,0,0,1,0,0,0,1,0,0
3964,pixel_transfer,1,1,1,1,0,2,0,15,3,1,0,0,1,0,0,0,1,0,0
3965,pixel_transfer,1,1,1,1,0,2,0,15,2,1,0,1,1,0,0,0,1,0,0
3966,pixel_transfer,1,1,1,1,0,2,0,15,2,1,0,0,1,0,0,0,1,0,0
3967,pixel_transfer,1,1,1,1,0,2,0,15,2,1,0,0,1,0,0,1,1,0,0
3968,pixel_transfer,1,1,1,1,0,2,0,15,3,1,0,0,1,0,0,1,1,0,0
3969,pixel_transfer,1,1,1,1,0,2,0,15,2,1,0,1,1,0,0,0,1,0,0
3970,pixel_transfer,1,1,1,1,0,2,0,15,2,1,0,0,1,0,0,0,1,0,0
3971,pixel_transfer,1,1,1,1,0,2,0,15,3,1,0,0,1,0,0,0,1,0,0
3972,pixel_transfer,1,1,1,1,0,2,0,15,2,1,0,1,1,0,0,0,1,0,0
3973,pixel_transfer,1,1,1,1,0,2,0,15,2,1,0,0,1,0,0,0,1,0,0
3974,pixel_transfer,1,1,1,1,0,2,0,15,2,1,0,0,1,0,0,0,1,0,0
3975,pixel_transfer,1,1,1,1,0,2,0,15,3,1,0,0,1,0,0,0,1,0,0
3976,pixel_transfer,1,1,1,1,0,2,0,15,2,1,0,1,1,0,0,0,1,0,0
3977,pixel_transfer,1,1,1,1,0,2,0,15,2,1,0,0,1,0,0,0,1,0,0
3978,pixel_transfer,1,1,1,1,0,2,0,15,3,1,0,0,1,0,0,0,1,0,0
3979,pixel_transfer,1,1,1,1,0,2,0,15,2,1,0,1,1,0,0,0,1,0,0
3980,pixel_transfer,1,1,1,1,0,2,0,15,2,1,0,0,1,0,0,0,1,0,0
3981,pixel_transfer,1,1,1,1,0,2,0,15,3,1,0,0,1,0,0,1,1,0,0
3982,pixel_transfer,1,1,1,1,0,2,0,15,2,1,0,1,1,0,0,1,1,0,0
3983,pixel_transfer,1,1,1,1,0,2,0,15,2,1,0,0,1,0,0,0,1,0,0
3984,pixel_transfer,1,1,1,1,0,2,0,15,3,1,0,0,1,0,0,0,1,0,0
3985,pixel_transfer,1,1,1,1,0,2,0,15,2,1,0,1,1,0,0,0,1,0,0
3986,pixel_transfer,1,1,1,1,0,2,0,15,2,1,0,0,1,0,0,0,1,0,0
3987,line_marker,0,1,0,1,1,2,2,15,2,1,0,0,1,0,0,0,1,0,0
3988,pixel_transfer,1,1,1,1,0,0,0,15,2,1,0,0,1,0,0,0,1,0,0
3989,pixel_transfer,1,1,1,1,0,1,0,15,2,1,0,0,1,0,0,0,1,0,0
3990,pixel_transfer,1,1,1,1,0,1,0,15,2,1,0,0,1,0,0,0,1,0,0
3991,pixel_transfer,1,1,1,1,0,1,0,15,2,1,0,0,1,0,0,0,1,0,0
3992,pixel_transfer,1,1,1,1,0,1,0,15,3,1,0,0,1,0,0,0,1,0,0
3993,pixel_transfer,1,1,1,1,0,1,0,15,2,1,0,1,1,0,0,0,1,0,0
3994,pixel_transfer,1,1,1,1,0,1,0,15,2,1,0,0,1,0,0,0,1,0,0
3995,pixel_transfer,1,1,1,1,0,1,0,15,3,1,0,0,1,0,0,0,1,0,0
3996,pixel_transfer,1,1,1,1,0,1,0,15,2,1,0,1,1,0,0,0,1,0,0
3997,pixel_transfer,1,1,1,1,0,1,0,15,2,1,0,0,1,0,0,0,1,0,0
3998,pixel_transfer,1,1,1,1,0,1,0,15,3,1,0,0,1,0,0,1,1,0,0
3999,pixel_transfer,1,1,1,1,0,1,0,15,3,1,0,1,1,0,0,1,1,0,0
4000,pixel_transfer,1,1,1,1,0,1,0,15,2,1,0,1,1,0,0,0,1,0,0
4001,pixel_transfer,1,1,1,1,0,1,0,15,2,1,0,0,1,0,0,0,1,0,0
4002,pixel_transfer,1,1,1,1,0,1,0,15,2,1,0,0,1,0,0,0,1,0,0
4003,pixel_transfer,1,1,1,1,0,1,0,15,3,1,0,0,1,0,0,0,1,0,0
4004,pixel_transfer,1,1,1,1,0,1,0,15,3,1,0,1,1,0,0,0,1,0,0
4005,pixel_transfer,1,1,1,1,0,1,0,15,2,1,0,1,1,0,0,0,1,0,0
4006,pixel_transfer,1,1,1,1,0,1,0,15,2,1,0,0,1,0,0,0,1,0,0
4007,pixel_transfer,1,1,1,1,0,1,0,15,3,1,0,0,1,0,0,0,1,0,0
4008,pixel_transfer,1,1,1,1,0,1,0,15,2,1,0,1,1,0,0,0,1,0,0
4009,pixel_transfer,1,1,1,1,0,1,0,15,2,1,0,0,1,0,0,1,1,0,0
4010,pixel_transfer,1,1,1,1,0,1,0,15,3,1,0,0,1,0,0,1,1,0,0
4011,pixel_transfer,1,1,1,1,0,1,0,15,2,1,0,1,1,0,0,0,1,0,0
4012,pixel_transfer,1,1,1,1,0,1,1,15,2,1,0,0,1,0,0,0,1,0,0
4013,pixel_transfer,1,1,1,1,0,2,0,15,3,1,0,0,1,0,0,0,1,0,0
4014,pixel_transfer,1,1,1,1,0,2,0,15,2,1,0,1,1,0,0,0,1,0,0
4015,pixel_transfer,1,1,1,1,0,2,0,15,2,1,0,0,1,0,0,0,1,0,0
4016,pixel_transfer,1,1,1,1,0,2,0,15,3,1,0,0,1,0,0,0,1,0,0
4017,pixel_transfer,1,1,1,1,0,2,0,15,3,1,0,1,1,0,0,0,1,0,0
4018,pixel_transfer,1,1,1,1,0,2,0,15,2,1,0,1,1,0,0,0,1,0,0
4019,pixel_transfer,1,1,1,1,0,2,0,15,2,1,0,0,1,0,0,1,1,0,0
4020,pixel_transfer,1,1,1,1,0,2,0,15,3,1,0,0,1,0,0,1,1,0,0
4021,pixel_transfer,1,1,1,1,0,2,0,15,3,1,0,1,1,0,0,0,1,0,0
4022,pixel_transfer,1,1,1,1,0,2,0,15,2,1,0,1,1,0,0,0,1,0,0
4023,pixel_transfer,1,1,1,1,0,2,0,15,2,1,0,0,1,0,0,0,1,0,0
4024,pixel_transfer,1,1,1,1,0,2,0,15,2,1,0,0,1,0,0,0,1,0,0
4025,pixel_transfer,1,1,1,1,0,2,0,15,2,1,0,0,1,0,0,0,1,0,0
4026,pixel_transfer,1,1,1,1,0,2,0,15,2,1,0,0,1,0,0,0,1,0,0
4027,pixel_transfer,1,1,1,1,0,2,0,15,2,1,0,0,1,0,0,1,1,0,0
4028,pixel_transfer,1,1,1,1,0,2,0,15,2,1,0,0,1,0,0,1,1,0,0
4029,pixel_transfer,1,1,1,1,0,2,0,15,2,1,0,0,1,0,0,0,1,0,0
4030,pixel_transfer,1,1,1,1,0,2,0,15,2,1,0,0,1,0,0,0,1,0,0
4031,pixel_transfer,1,1,1,1,0,2,0,15,2,1,0,0,1,0,0,0,1,0,0
4032,pixel_transfer,1,1,1,1,0,2,0,15,2,1,0,0,1,0,0,0,1,0,0
4033,pixel_transfer,1,1,1,1,0,2,0,15,2,1,0,0,1,0,0,0,1,0,0
4034,pixel_transfer,1,1,1,1,0,2,0,15,2,1,0,0,1,0,0,0,1,0,0
4035,pixel_transfer,1,1,1,1,0,2,0,15,2,1,0,0,1,0,0,0,1,0,0
4036,line_marker,0,1,0,1,1,2,2,15,2,1,0,0,1,0,0,0,1,0,0
4037,pixel_transfer,1,1,1,1,0,0,0,15,2,1,0,0,1,0,0,0,1,0,0
4038,pixel_transfer,1,1,1,1,0,1,0,15,3,1,0,0,1,0,0,0,1,0,0
4039,pixel_transfer,1,1,1,1,0,1,0,15,3,1,0,1,1,0,0,0,1,0,0
4040,pixel_transfer,1,1,1,1,0,1,0,15,2,1,0,1,1,0,0,0,1,0,0
4041,pixel_transfer,1,1,1,1,0,1,0,15,2,1,0,0,1,0,0,0,1,0,0
4042,pixel_transfer,1,1,1,1,0,1,0,15,3,1,0,0,1,0,0,0,1,0,0
4043,pixel_transfer,1,1,1,1,0,1,0,15,2,1,0,1,1,0,0,0,1,0,0
4044,pixel_transfer,1,1,1,1,0,1,0,15,2,1,0,0,1,0,0,0,1,0,0
4045,pixel_transfer,1,1,1,1,0,1,0,15,2,1,0,0,1,0,0,0,1,0,0
4046,pixel_transfer,1,1,1,1,0,1,0,15,3,1,0,0,1,0,0,0,1,0,0
4047,pixel_transfer,1,1,1,1,0,1,0,15,3,1,0,1,1,0,0,0,1,0,0
4048,pixel_transfer,1,1,1,1,0,1,0,15,2,1,0,1,1,0,0,0,1,0,0
4049,pixel_transfer,1,1,1,1,0,1,0,15,2,1,0,0,1,0,0,0,1,0,0
4050,pixel_transfer,1,1,1,1,0,1,0,15,3,1,0,0,1,0,0,0,1,0,0
4051,pixel_transfer,1,1,1,1,0,1,0,15,3,1,0,1,1,0,0,0,1,0,0
4052,pixel_transfer,1,1,1,1,0,1,0,15,3,1,0,1,1,0,0,1,1,0,0
4053,pixel_transfer,1,1,1,1,0,1,0,15,2,1,0,1,1,0,0,1,1,0,0
4054,pixel_transfer,1,1,1,1,0,1,0,15,2,1,0,0,1,0,0,0,1,0,0
4055,pixel_transfer,1,1,1,1,0,1,0,15,2,1,0,0,1,0,0,0,1,0,0
4056,pixel_transfer,1,1,1,1,0,1,0,15,3,1,0,0,1,0,0,0,1,0,0
4057,pixel_transfer,1,1,1,1,0,1,0,15,2,1,0,1,1,0,0,0,1,0,0
4058,pixel_transfer,1,1,1,1,0,1,0,15,2,1,0,0,1,0,0,1,1,0,0
4059,pixel_transfer,1,1,1,1,0,1,0,15,3,1,0,0,1,0,0,1,1,0,0
4060,pixel_transfer,1,1,1,1,0,1,0,15,2,1,0,1,1,0,0,0,1,0,0
4061,pixel_transfer,1,1,1,1,0,1,1,15,2,1,0,0,1,0,0,0,1,0,0
4062,pixel_transfer,1,1,1,1,0,2,0,15,3,1,0,0,1,0,0,0,1,0,0
4063,pixel_transfer,1,1,1,1,0,2,0,15,3,1,0,1,1,0,0,0,1,0,0
4064,pixel_transfer,1,1,1,1,0,2,0,15,3,1,0,1,1,0,0,0,1,0,0
4065,pixel_transfer,1,1,1,1,0,2,0,15,2,1,0,1,1,0,0,0,1,0,0
4066,pixel_transfer,1,1,1,1,0,2,0,15,2,1,0,0,1,0,0,0,1,0,0
4067,pixel_transfer,1,1,1,1,0,2,0,15,3,1,0,0,1,0,0,0,1,0,0
4068,pixel_transfer,1,1,1,1,0,2,0,15,2,1,0,1,1,0,0,0,1,0,0
4069,pixel_transfer,1,1,1,1,0,2,0,15,2,1,0,0,1,0,0,1,1,0,0
4070,pixel_transfer,1,1,1,1,0,2,0,15,3,1,0,0,1,0,0,1,1,0,0
4071,pixel_transfer,1,1,1,1,0,2,0,15,2,1,0,1,1,0,0,0,1,0,0
4072,pixel_transfer,1,1,1,1,0,2,0,15,2,1,0,0,1,0,0,0,1,0,0
4073,pixel_transfer,1,1,1,1,0,2,0,15,2,1,0,0,1,0,0,0,1,0,0
4074,pixel_transfer,1,1,1,1,0,2,0,15,2,1,0,0,1,0,0,0,1,0,0
4075,pixel_transfer,1,1,1,1,0,2,0,15,2,1,0,0,1,0,0,0,1,0,0
4076,pixel_transfer,1,1,1,1,0,2,0,15,2,1,0,0,1,0,0,0,1,0,0
4077,pixel_transfer,1,1,1,1,0,2,0,15,2,1,0,0,1,0,0,0,1,0,0
4078,pixel_transfer,1,1,1,1,0,2,0,15,2,1,0,0,1,0,0,0,1,0,0
4079,pixel_transfer,1,1,1,1,0,2,0,15,3,1,0,0,1,0,0,0,1,0,0
4080,pixel_transfer,1,1,1,1,0,2,0,15,3,1,0,1,1,0,0,0,1,0,0
4081,pixel_transfer,1,1,1,1,0,2,0,15,2,1,0,1,1,0,0,0,1,0,0
4082,pixel_transfer,1,1,1,1,0,2,0,15,2,1,0,0,1,0,0,0,1,0,0
4083,pixel_transfer,1,1,1,1,0,2,0,15,2,1,0,0,1,0,0,0,1,0,0
4084,pixel_transfer,1,1,1,1,0,2,0,15,3,1,0,0,1,0,0,0,1,0,0
4085,line_marker,0,1,0,1,1,2,2,15,2,1,0,1,1,0,0,1,1,0,0
4086,pixel_transfer,1,1,1,1,0,0,0,15,2,1,0,0,1,0,0,1,1,0,0
4087,pixel_transfer,1,1,1,1,0,1,0,15,3,1,0,0,1,0,0,0,1,0,0
4088,pixel_transfer,1,1,1,1,0,1,0,15,3,1,0,1,1,0,0,0,1,0,0
4089,pixel_transfer,1,1,1,1,0,1,0,15,2,1,0,1,1,0,0,0,1,0,0
4090,pixel_transfer,1,1,1,1,0,1,0,15,2,1,0,0,1,0,0,0,1,0,0
4091,pixel_transfer,1,1,1,1,0,1,0,15,2,1,0,0,1,0,0,0,1,0,0
4092,pixel_transfer,1,1,1,1,0,1,0,15,3,1,0,0,1,0,0,0,1,0,0
4093,pixel_transfer,1,1,1,1,0,1,0,15,2,1,0,1,1,0,0,0,1,0,0
4094,pixel_transfer,1,1,1,1,0,1,0,15,2,1,0,0,1,0,0,1,1,0,0
4095,pixel_transfer,1,1,1,1,0,1,0,15,2,1,0,0,1,0,0,1,1,0,0
4096,pixel_transfer,1,1,1,1,0,1,0,15,3,1,0,0,1,0,0,0,1,0,0
4097,pixel_transfer,1,1,1,1,0,1,0,15,3,1,0,1,1,0,0,0,1,0,0
4098,pixel_transfer,1,1,1,1,0,1,0,15,2,1,0,1,1,0,0,0,1,0,0
4099,pixel_transfer,1,1,1,1,0,1,0,15,2,1,0,0,1,0,0,0,1,0,0
4100,pixel_transfer,1,1,1,1,0,1,0,15,2,1,0,0,1,0,0,0,1,0,0
4101,pixel_transfer,1,1,1,1,0,1,0,15,3,1,0,0,1,0,0,0,1,0,0
4102,pixel_transfer,1,1,1,1,0,1,0,15,2,1,0,1,1,0,0,0,1,0,0
4103,pixel_transfer,1,1,1,1,0,1,0,15,2,1,0,0,1,0,0,0,1,0,0
4104,pixel_transfer,1,1,1,1,0,1,0,15,3,1,0,0,1,0,0,0,1,0,0
4105,pixel_transfer,1,1,1,1,0,1,0,15,2,1,0,1,1,0,0,0,1,0,0
4106,pixel_transfer,1,1,1,1,0,1,0,15,2,1,0,0,1,0,0,0,1,0,0
4107,pixel_transfer,1,1,1,1,0,1,0,15,3,1,0,0,1,0,0,1,1,0,0
4108,pixel_transfer,1,1,1,1,0,1,0,15,3,1,0,1,1,0,0,1,1,0,0
4109,pixel_transfer,1,1,1,1,0,1,0,15,2,1,0,1,1,0,0,0,1,0,0
4110,pixel_transfer,1,1,1,1,0,1,1,15,2,1,0,0,1,0,0,0,1,0,0
4111,pixel_transfer,1,1,1,1,0,2,0,15,3,1,0,0,1,0,0,0,1,0,0
4112,pixel_transfer,1,1,1,1,0,2,0,15,2,1,0,1,1,0,0,0,1,0,0
4113,pixel_transfer,1,1,1,1,0,2,0,15,2,1,0,0,1,0,0,0,1,0,0
4114,pixel_transfer,1,1,1,1,0,2,0,15,3,1,0,0,1,0,0,0,1,0,0
4115,pixel_transfer,1,1,1,1,0,2,0,15,2,1,0,1,1,0,0,0,1,0,0
4116,pixel_transfer,1,1,1,1,0,2,0,15,2,1,0,0,1,0,0,0,1,0,0
4117,pixel_transfer,1,1,1,1,0,2,0,15,3,1,0,0,1,0,0,1,1,0,0
4118,pixel_transfer,1,1,1,1,0,2,0,15,3,1,0,1,1,0,0,1,1,0,0
4119,pixel_transfer,1,1,1,1,0,2,0,15,2,1,0,1,1,0,0,0,1,0,0
4120,pixel_transfer,1,1,1,1,0,2,0,15,2,1,0,0,1,0,0,0,1,0,0
4121,pixel_transfer,1,1,1,1,0,2,0,15,2,1,0,0,1,0,0,0,1,0,0
4122,pixel_transfer,1,1,1,1,0,2,0,15,3,1,0,0,1,0,0,0,1,0,0
4123,pixel_transfer,1,1,1,1,0,2,0,15,2,1,0,1,1,0,0,0,1,0,0
4124,pixel_transfer,1,1,1,1,0,2,0,15,2,1,0,0,1,0,0,0,1,0,0
4125,pixel_transfer,1,1,1,1,0,2,0,15,3,1,0,0,1,0,0,0,1,0,0
4126,pixel_transfer,1,1,1,1,0,2,0,15,2,1,0,1,1,0,0,0,1,0,0
4127,pixel_transfer,1,1,1,1,0,2,0,15,2,1,0,0,1,0,0,0,1,0,0
4128,pixel_transfer,1,1,1,1,0,2,0,15,3,1,0,0,1,0,0,1,1,0,0
4129,pixel_transfer,1,1,1,1,0,2,0,15,2,1,0,1,1,0,0,1,1,0,0
4130,pixel_transfer,1,1,1,1,0,2,0,15,2,1,0,0,1,0,0,0,1,0,0
4131,pixel_transfer,1,1,1,1,0,2,0,15,3,1,0,0,1,0,0,0,1,0,0
4132,pixel_transfer,1,1,1,1,0,2,0,15,2,1,0,1,1,0,0,0,1,0,0
4133,pixel_transfer,1,1,1,1,0,2,0,15,2,1,0,0,1,0,0,0,1,0,0
4134,line_marker,0,1,0,1,1,2,2,15,2,1,0,0,1,0,0,0,1,0,0
4135,pixel_transfer,1,1,1,1,0,0,0,15,2,1,0,0,1,0,0,0,1,0,0
4136,pixel_transfer,1,1,1,1,0,1,0,15,2,1,0,0,1,0,0,0,1,0,0
4137,pixel_transfer,1,1,1,1,0,1,0,15,2,1,0,0,1,0,0,0,1,0,0
4138,pixel_transfer,1,1,1,1,0,1,0,15,3,1,0,0,1,0,0,0,1,0,0
4139,pixel_transfer,1,1,1,1,0,1,0,15,2,1,0,1,1,0,0,0,1,0,0
4140,pixel_transfer,1,1,1,1,0,1,0,15,2,1,0,0,1,0,0,0,1,0,0
4141,pixel_transfer,1,1,1,1,0,1,0,15,3,1,0,0,1,0,0,0,1,0,0
4142,pixel_transfer,1,1,1,1,0,1,0,15,3,1,0,1,1,0,0,0,1,0,0
4143,pixel_transfer,1,1,1,1,0,1,0,15,2,1,0,1,1,0,0,0,1,0,0
4144,pixel_transfer,1,1,1,1,0,1,0,15,2,1,0,0,1,0,0,1,1,0,0
4145,pixel_transfer,1,1,1,1,0,1,0,15,2,1,0,0,1,0,0,1,1,0,0
4146,pixel_transfer,1,1,1,1,0,1,0,15,3,1,0,0,1,0,0,0,1,0,0
4147,pixel_transfer,1,1,1,1,0,1,0,15,3,1,0,1,1,0,0,0,1,0,0
4148,pixel_transfer,1,1,1,1,0,1,0,15,2,1,0,1,1,0,0,0,1,0,0
4149,pixel_transfer,1,1,1,1,0,1,0,15,2,1,0,0,1,0,0,0,1,0,0
4150,pixel_transfer,1,1,1,1,0,1,0,15,3,1,0,0,1,0,0,0,1,0,0
4151,pixel_transfer,1,1,1,1,0,1,0,15,2,1,0,1,1,0,0,0,1,0,0
4152,pixel_transfer,1,1,1,1,0,1,0,15,2,1,0,0,1,0,0,0,1,0,0
4153,pixel_transfer,1,1,1,1,0,1,0,15,3,1,0,0,1,0,0,1,1,0,0
4154,pixel_transfer,1,1,1,1,0,1,0,15,2,1,0,1,1,0,0,1,1,0,0
4155,pixel_transfer,1,1,1,1,0,1,0,15,2,1,0,0,1,0,0,0,1,0,0
4156,pixel_transfer,1,1,1,1,0,1,0,15,3,1,0,0,1,0,0,0,1,0,0
4157,pixel_transfer,1,1,1,1,0,1,0,15,2,1,0,1,1,0,0,0,1,0,0
4158,pixel_transfer,1,1,1,1,0,1,0,15,2,1,0,0,1,0,0,0,1,0,0
4159,pixel_transfer,1,1,1,1,0,1,1,15,2,1,0,0,1,0,0,0,1,0,0
4160,pixel_transfer,1,1,1,1,0,2,0,15,3,1,0,0,1,0,0,0,1,0,0
4161,pixel_transfer,1,1,1,1,0,2,0,15,2,1,0,1,1,0,0,0,1,0,0
4162,pixel_transfer,1,1,1,1,0,2,0,15,2,1,0,0,1,0,0,0,1,0,0
4163,pixel_transfer,1,1,1,1,0,2,0,15,2,1,0,0,1,0,0,0,1,0,0
4164,pixel_transfer,1,1,1,1,0,2,0,15,2,1,0,0,1,0,0,0,1,0,0
4165,pixel_transfer,1,1,1,1,0,2,0,15,2,1,0,0,1,0,0,0,1,0,0
4166,pixel_transfer,1,1,1,1,0,2,0,15,2,1,0,0,1,0,0,1,1,0,0
4167,pixel_transfer,1,1,1,1,0,2,0,15,2,1,0,0,1,0,0,1,1,0,0
4168,pixel_transfer,1,1,1,1,0,2,0,15,2,1,0,0,1,0,0,0,1,0,0
4169,pixel_transfer,1,1,1,1,0,2,0,15,2,1,0,0,1,0,0,0,1,0,0
4170,pixel_transfer,1,1,1,1,0,2,0,15,2,1,0,0,1,0,0,0,1,0,0
4171,pixel_transfer,1,1,1,1,0,2,0,15,3,1,0,0,1,0,0,0,1,0,0
4172,pixel_transfer,1,1,1,1,0,2,0,15,3,1,0,1,1,0,0,0,1,0,0
4173,pixel_transfer,1,1,1,1,0,2,0,15,2,1,0,1,1,0,0,0,1,0,0
4174,pixel_transfer,1,1,1,1,0,2,0,15,2,1,0,0,1,0,0,0,1,0,0
4175,pixel_transfer,1,1,1,1,0,2,0,15,3,1,0,0,1,0,0,0,1,0,0
4176,pixel_transfer,1,1,1,1,0,2,0,15,2,1,0,1,1,0,0,0,1,0,0
4177,pixel_transfer,1,1,1,1,0,2,0,15,2,1,0,0,1,0,0,0,1,0,0
4178,pixel_transfer,1,1,1,1,0,2,0,15,3,1,0,0,1,0,0,0,1,0,0
4179,pixel_transfer,1,1,1,1,0,2,0,15,3,1,0,1,1,0,0,0,1,0,0
4180,pixel_transfer,1,1,1,1,0,2,0,15,2,1,0,1,1,0,0,0,1,0,0
4181,pixel_transfer,1,1,1,1,0,2,0,15,2,1,0,0,1,0,0,0,1,0,0
4182,pixel_transfer,1,1,1,1,0,2,0,15,2,1,0,0,1,0,0,0,1,0,0
4183,line_marker,0,1,0,1,1,2,2,15,2,1,0,0,1,0,0,0,1,0,0
4184,pixel_transfer,1,1,1,1,0,0,0,15,3,1,0,0,1,0,0,1,1,0,0
4185,pixel_transfer,1,1,1,1,0,1,0,15,2,1,0,1,1,0,0,1,1,0,0
4186,pixel_transfer,1,1,1,1,0,1,0,15,2,1,0,0,1,0,0,0,1,0,0
4187,pixel_transfer,1,1,1,1,0,1,0,15,2,1,0,0,1,0,0,0,1,0,0
4188,pixel_transfer,1,1,1,1,0,1,0,15,2,1,0,0,1,0,0,0,1,0,0
4189,pixel_transfer,1,1,1,1,0,1,0,15,2,1,0,0,1,0,0,0,1,0,0
4190,pixel_transfer,1,1,1,1,0,1,0,15,2,1,0,0,1,0,0,0,1,0,0
4191,pixel_transfer,1,1,1,1,0,1,0,15,2,1,0,0,1,0,0,0,1,0,0
4192,pixel_transfer,1,1,1,1,0,1,0,15,3,1,0,0,1,0,0,0,1,0,0
4193,pixel_transfer,1,1,1,1,0,1,0,15,3,1,0,1,1,0,0,0,1,0,0
4194,pixel_transfer,1,1,1,1,0,1,0,15,2,1,0,1,1,0,0,0,1,0,0
4195,pixel_transfer,1,1,1,1,0,1,0,15,2,1,0,0,1,0,0,0,1,0,0
4196,pixel_transfer,1,1,1,1,0,1,0,15,2,1,0,0,1,0,0,0,1,0,0
4197,pixel_transfer,1,1,1,1,0,1,0,15,3,1,0,0,1,0,0,0,1,0,0
4198,pixel_transfer,1,1,1,1,0,1,0,15,3,1,0,1,1,0,0,0,1,0,0
4199,pixel_transfer,1,1,1,1,0,1,0,15,2,1,0,1,1,0,0,1,1,0,0
4200,pixel_transfer,1,1,1,1,0,1,0,15,2,1,0,0,1,0,0,1,1,0,0
4201,pixel_transfer,1,1,1,1,0,1,0,15,2,1,0,0,1,0,0,0,1,0,0
4202,pixel_transfer,1,1,1,1,0,1,0,15,3,1,0,0,1,0,0,0,1,0,0
4203,pixel_transfer,1,1,1,1,0,1,0,15,2,1,0,1,1,0,0,0,1,0,0
4204,pixel_transfer,1,1,1,1,0,1,0,15,2,1,0,0,1,0,0,0,1,0,0
4205,pixel_transfer,1,1,1,1,0,1,0,15,3,1,0,0,1,0,0,0,1,0,0
4206,pixel_transfer,1,1,1,1,0,1,0,15,3,1,0,1,1,0,0,0,1,0,0
4207,pixel_transfer,1,1,1,1,0,1,0,15,2,1,0,1,1,0,0,0,1,0,0
4208,pixel_transfer,1,1,1,1,0,1,1,15,2,1,0,0,1,0,0,0,1,0,0
4209,pixel_transfer,1,1,1,1,0,2,0,15,3,1,0,0,1,0,0,0,1,0,0
4210,pixel_transfer,1,1,1,1,0,2,0,15,3,1,0,1,1,0,0,0,1,0,0
4211,pixel_transfer,1,1,1,1,0,2,0,15,2,1,0,1,1,0,0,1,1,0,0
4212,pixel_transfer,1,1,1,1,0,2,0,15,2,1,0,0,1,0,0,1,1,0,0
4213,pixel_transfer,1,1,1,1,0,2,0,15,3,1,0,0,1,0,0,0,1,0,0
4214,pixel_transfer,1,1,1,1,0,2,0,15,2,1,0,1,1,0,0,0,1,0,0
4215,pixel_transfer,1,1,1,1,0,2,0,15,2,1,0,0,1,0,0,0,1,0,0
4216,pixel_transfer,1,1,1,1,0,2,0,15,3,1,0,0,1,0,0,0,1,0,0
4217,pixel_transfer,1,1,1,1,0,2,0,15,2,1,0,1,1,0,0,0,1,0,0
4218,pixel_transfer,1,1,1,1,0,2,0,15,2,1,0,0,1,0,0,0,1,0,0
4219,pixel_transfer,1,1,1,1,0,2,0,15,3,1,0,0,1,0,0,1,1,0,0
4220,pixel_transfer,1,1,1,1,0,2,0,15,2,1,0,1,1,0,0,1,1,0,0
4221,pixel_transfer,1,1,1,1,0,2,0,15,2,1,0,0,1,0,0,0,1,0,0
4222,pixel_transfer,1,1,1,1,0,2,0,15,2,1,0,0,1,0,0,0,1,0,0
4223,pixel_transfer,1,1,1,1,0,2,0,15,2,1,0,0,1,0,0,0,1,0,0
4224,pixel_transfer,1,1,1,1,0,2,0,15,2,1,0,0,1,0,0,0,1,0,0
4225,pixel_transfer,1,1,1,1,0,2,0,15,3,1,0,0,1,0,0,0,1,0,0
4226,pixel_transfer,1,1,1,1,0,2,0,15,2,1,0,1,1,0,0,0,1,0,0
4227,pixel_transfer,1,1,1,1,0,2,0,15,2,1,0,0,1,0,0,0,1,0,0
4228,pixel_transfer,1,1,1,1,0,2,0,15,3,1,0,0,1,0,0,0,1,0,0
4229,pixel_transfer,1,1,1,1,0,2,0,15,3,1,0,1,1,0,0,0,1,0,0
4230,pixel_transfer,1,1,1,1,0,2,0,15,2,1,0,1,1,0,0,0,1,0,0
4231,pixel_transfer,1,1,1,1,0,2,0,15,2,1,0,0,1,0,0,0,1,0,0
4232,line_marker,0,1,0,1,1,2,2,15,2,1,0,0,1,0,0,0,1,0,0
4233,pixel_transfer,1,1,1,1,0,0,0,15,3,1,0,0,1,0,0,0,1,0,0
4234,pixel_transfer,1,1,1,1,0,1,0,15,3,1,0,1,1,0,0,1,1,0,0
4235,pixel_transfer,1,1,1,1,0,1,0,15,2,1,0,1,1,0,0,1,1,0,0
4236,pixel_transfer,1,1,1,1,0,1,0,15,2,1,0,0,1,0,0,0,1,0,0
4237,pixel_transfer,1,1,1,1,0,1,0,15,3,1,0,0,1,0,0,0,1,0,0
4238,pixel_transfer,1,1,1,1,0,1,0,15,2,1,0,1,1,0,0,0,1,0,0
4239,pixel_transfer,1,1,1,1,0,1,0,15,2,1,0,0,1,0,0,0,1,0,0
4240,pixel_transfer,1,1,1,1,0,1,0,15,3,1,0,0,1,0,0,0,1,0,0
4241,pixel_transfer,1,1,1,1,0,1,0,15,3,1,0,1,1,0,0,0,1,0,0
4242,pixel_transfer,1,1,1,1,0,1,0,15,2,1,0,1,1,0,0,0,1,0,0
4243,pixel_transfer,1,1,1,1,0,1,0,15,2,1,0,0,1,0,0,1,1,0,0
4244,pixel_transfer,1,1,1,1,0,1,0,15,3,1,0,0,1,0,0,1,1,0,0
4245,pixel_transfer,1,1,1,1,0,1,0,15,2,1,0,1,1,0,0,0,1,0,0
4246,pixel_transfer,1,1,1,1,0,1,0,15,2,1,0,0,1,0,0,0,1,0,0
4247,pixel_transfer,1,1,1,1,0,1,0,15,3,1,0,0,1,0,0,0,1,0,0
4248,pixel_transfer,1,1,1,1,0,1,0,15,3,1,0,1,1,0,0,0,1,0,0
4249,pixel_transfer,1,1,1,1,0,1,0,15,3,1,0,1,1,0,0,0,1,0,0
4250,pixel_transfer,1,1,1,1,0,1,0,15,2,1,0,1,1,0,0,0,1,0,0
4251,pixel_transfer,1,1,1,1,0,1,0,15,2,1,0,0,1,0,0,0,1,0,0
4252,pixel_transfer,1,1,1,1,0,1,0,15,2,1,0,0,1,0,0,0,1,0,0
4253,pixel_transfer,1,1,1,1,0,1,0,15,2,1,0,0,1,0,0,1,1,0,0
4254,pixel_transfer,1,1,1,1,0,1,0,15,2,1,0,0,1,0,0,1,1,0,0
4255,pixel_transfer,1,1,1,1,0,1,0,15,3,1,0,0,1,0,0,0,1,0,0
4256,pixel_transfer,1,1,1,1,0,1,0,15,2,1,0,1,1,0,0,0,1,0,0
4257,pixel_transfer,1,1,1,1,0,1,1,15,2,1,0,0,1,0,0,0,1,0,0
4258,pixel_transfer,1,1,1,1,0,2,0,15,3,1,0,0,1,0,0,0,1,0,0
4259,pixel_transfer,1,1,1,1,0,2,0,15,2,1,0,1,1,0,0,0,1,0,0
4260,pixel_transfer,1,1,1,1,0,2,0,15,2,1,0,0,1,0,0,0,1,0,0
4261,pixel_transfer,1,1,1,1,0,2,0,15,2,1,0,0,1,0,0,0,1,0,0
4262,pixel_transfer,1,1,1,1,0,2,0,15,2,1,0,0,1,0,0,0,1,0,0
4263,pixel_transfer,1,1,1,1,0,2,0,15,2,1,0,0,1,0,0,0,1,0,0
4264,pixel_transfer,1,1,1,1,0,2,0,15,2,1,0,0,1,0,0,1,1,0,0
4265,pixel_transfer,1,1,1,1,0,2,0,15,2,1,0,0,1,0,0,1,1,0,0
4266,pixel_transfer,1,1,1,1,0,2,0,15,2,1,0,0,1,0,0,0,1,0,0
4267,pixel_transfer,1,1,1,1,0,2,0,15,2,1,0,0,1,0,0,0,1,0,0
4268,pixel_transfer,1,1,1,1,0,2,0,15,3,1,0,0,1,0,0,0,1,0,0
4269,pixel_transfer,1,1,1,1,0,2,0,15,2,1,0,1,1,0,0,0,1,0,0
4270,pixel_transfer,1,1,1,1,0,2,0,15,2,1,0,0,1,0,0,0,1,0,0
4271,pixel_transfer,1,1,1,1,0,2,0,15,2,1,0,0,1,0,0,0,1,0,0
4272,pixel_transfer,1,1,1,1,0,2,0,15,3,1,0,0,1,0,0,0,1,0,0
4273,pixel_transfer,1,1,1,1,0,2,0,15,2,1,0,1,1,0,0,0,1,0,0
4274,pixel_transfer,1,1,1,1,0,2,0,15,2,1,0,0,1,0,0,0,1,0,0
4275,pixel_transfer,1,1,1,1,0,2,0,15,3,1,0,0,1,0,0,0,1,0,0
4276,pixel_transfer,1,1,1,1,0,2,0,15,2,1,0,1,1,0,0,0,1,0,0
4277,pixel_transfer,1,1,1,1,0,2,0,15,2,1,0,0,1,0,0,0,1,0,0
4278,pixel_transfer,1,1,1,1,0,2,0,15,3,1,0,0,1,0,0,0,1,0,0
4279,pixel_transfer,1,1,1,1,0,2,0,15,2,1,0,1,1,0,0,0,1,0,0
4280,pixel_transfer,1,1,1,1,0,2,0,15,2,1,0,0,1,0,0,0,1,0,0
4281,line_marker,0,1,0,1,1,2,2,15,2,1,0,0,1,0,0,0,1,0,0
4282,pixel_transfer,1,1,1,1,0,0,0,15,3,1,0,0,1,0,0,0,1,0,0
4283,pixel_transfer,1,1,1,1,0,1,0,15,2,1,0,1,1,0,0,0,1,0,0
4284,pixel_transfer,1,1,1,1,0,1,0,15,2,1,0,0,1,0,0,1,1,0,0
4285,pixel_transfer,1,1,1,1,0,1,0,15,2,1,0,0,1,0,0,1,1,0,0
4286,pixel_transfer,1,1,1,1,0,1,0,15,3,1,0,0,1,0,0,0,1,0,0
4287,pixel_transfer,1,1,1,1,0,1,0,15,3,1,0,1,1,0,0,0,1,0,0
4288,pixel_transfer,1,1,1,1,0,1,0,15,2,1,0,1,1,0,0,0,1,0,0
4289,pixel_transfer,1,1,1,1,0,1,0,15,2,1,0,0,1,0,0,0,1,0,0
4290,pixel_transfer,1,1,1,1,0,1,0,15,3,1,0,0,1,0,0,0,1,0,0
4291,pixel_transfer,1,1,1,1,0,1,0,15,2,1,0,1,1,0,0,0,1,0,0
4292,pixel_transfer,1,1,1,1,0,1,0,15,2,1,0,0,1,0,0,0,1,0,0
4293,pixel_transfer,1,1,1,1,0,1,0,15,3,1,0,0,1,0,0,0,1,0,0
4294,pixel_transfer,1,1,1,1,0,1,0,15,3,1,0,1,1,0,0,0,1,0,0
4295,pixel_transfer,1,1,1,1,0,1,0,15,2,1,0,1,1,0,0,0,1,0,0
4296,pixel_transfer,1,1,1,1,0,1,0,15,2,1,0,0,1,0,0,1,1,0,0
4297,pixel_transfer,1,1,1,1,0,1,0,15,3,1,0,0,1,0,0,1,1,0,0
4298,pixel_transfer,1,1,1,1,0,1,0,15,2,1,0,1,1,0,0,0,1,0,0
4299,pixel_transfer,1,1,1,1,0,1,0,15,2,1,0,0,1,0,0,0,1,0,0
4300,pixel_transfer,1,1,1,1,0,1,0,15,3,1,0,0,1,0,0,0,1,0,0
4301,pixel_transfer,1,1,1,1,0,1,0,15,2,1,0,1,1,0,0,0,1,0,0
4302,pixel_transfer,1,1,1,1,0,1,0,15,2,1,0,0,1,0,0,0,1,0,0
4303,pixel_transfer,1,1,1,1,0,1,0,15,3,1,0,0,1,0,0,0,1,0,0
4304,pixel_transfer,1,1,1,1,0,1,0,15,3,1,0,1,1,0,0,0,1,0,0
4305,pixel_transfer,1,1,1,1,0,1,0,15,3,1,0,1,1,0,0,0,1,0,0
4306,pixel_transfer,1,1,1,1,0,1,1,15,2,1,0,1,1,0,0,1,1,0,0
4307,pixel_transfer,1,1,1,1,0,2,0,15,2,1,0,0,1,0,0,1,1,0,0
4308,pixel_transfer,1,1,1,1,0,2,0,15,2,1,0,0,1,0,0,0,1,0,0
4309,pixel_transfer,1,1,1,1,0,2,0,15,3,1,0,0,1,0,0,0,1,0,0
4310,pixel_transfer,1,1,1,1,0,2,0,15,2,1,0,1,1,0,0,0,1,0,0
4311,pixel_transfer,1,1,1,1,0,2,0,15,2,1,0,0,1,0,0,0,1,0,0
4312,pixel_transfer,1,1,1,1,0,2,0,15,2,1,0,0,1,0,0,0,1,0,0
4313,pixel_transfer,1,1,1,1,0,2,0,15,2,1,0,0,1,0,0,0,1,0,0
4314,pixel_transfer,1,1,1,1,0,2,0,15,2,1,0,0,1,0,0,0,1,0,0
4315,pixel_transfer,1,1,1,1,0,2,0,15,2,1,0,0,1,0,0,1,1,0,0
4316,pixel_transfer,1,1,1,1,0,2,0,15,2,1,0,0,1,0,0,1,1,0,0
4317,pixel_transfer,1,1,1,1,0,2,0,15,2,1,0,0,1,0,0,0,1,0,0
4318,pixel_transfer,1,1,1,1,0,2,0,15,3,1,0,0,1,0,0,0,1,0,0
4319,pixel_transfer,1,1,1,1,0,2,0,15,3,1,0,1,1,0,0,0,1,0,0
4320,pixel_transfer,1,1,1,1,0,2,0,15,2,1,0,1,1,0,0,0,1,0,0
4321,pixel_transfer,1,1,1,1,0,2,0,15,2,1,0,0,1,0,0,0,1,0,0
4322,pixel_transfer,1,1,1,1,0,2,0,15,2,1,0,0,1,0,0,0,1,0,0
4323,pixel_transfer,1,1,1,1,0,2,0,15,2,1,0,0,1,0,0,0,1,0,0
4324,pixel_transfer,1,1,1,1,0,2,0,15,3,1,0,0,1,0,0,0,1,0,0
4325,pixel_transfer,1,1,1,1,0,2,0,15,3,1,0,1,1,0,0,0,1,0,0
4326,pixel_transfer,1,1,1,1,0,2,0,15,2,1,0,1,1,0,0,0,1,0,0
4327,pixel_transfer,1,1,1,1,0,2,0,15,2,1,0,0,1,0,0,0,1,0,0
4328,pixel_transfer,1,1,1,1,0,2,0,15,2,1,0,0,1,0,0,0,1,0,0
4329,pixel_transfer,1,1,1,1,0,2,0,15,2,1,0,0,1,0,0,0,1,0,0
4330,line_marker,0,1,0,1,1,2,2,15,2,1,0,0,1,0,0,0,1,0,0
4331,pixel_transfer,1,1,1,1,0,0,0,15,2,1,0,0,1,0,0,1,1,0,0
4332,pixel_transfer,1,1,1,1,0,1,0,15,2,1,0,0,1,0,0,1,1,0,0
4333,pixel_transfer,1,1,1,1,0,1,0,15,2,1,0,0,1,0,0,0,1,0,0
4334,pixel_transfer,1,1,1,1,0,1,0,15,3,1,0,0,1,0,0,0,1,0,0
4335,pixel_transfer,1,1,1,1,0,1,0,15,2,1,0,1,1,0,0,0,1,0,0
4336,pixel_transfer,1,1,1,1,0,1,0,15,2,1,0,0,1,0,0,0,1,0,0
4337,pixel_transfer,1,1,1,1,0,1,0,15,3,1,0,0,1,0,0,0,1,0,0
4338,pixel_transfer,1,1,1,1,0,1,0,15,3,1,0,1,1,0,0,0,1,0,0
4339,pixel_transfer,1,1,1,1,0,1,0,15,2,1,0,1,1,0,0,0,1,0,0
4340,pixel_transfer,1,1,1,1,0,1,0,15,2,1,0,0,1,0,0,0,1,0,0
4341,pixel_transfer,1,1,1,1,0,1,0,15,3,1,0,0,1,0,0,0,1,0,0
4342,pixel_transfer,1,1,1,1,0,1,0,15,2,1,0,1,1,0,0,0,1,0,0
4343,pixel_transfer,1,1,1,1,0,1,0,15,2,1,0,0,1,0,0,0,1,0,0
4344,pixel_transfer,1,1,1,1,0,1,0,15,3,1,0,0,1,0,0,0,1,0,0
4345,pixel_transfer,1,1,1,1,0,1,0,15,2,1,0,1,1,0,0,0,1,0,0
4346,pixel_transfer,1,1,1,1,0,1,0,15,2,1,0,0,1,0,0,0,1,0,0
4347,pixel_transfer,1,1,1,1,0,1,0,15,3,1,0,0,1,0,0,1,1,0,0
4348,pixel_transfer,1,1,1,1,0,1,0,15,2,1,0,1,1,0,0,1,1,0,0
4349,pixel_transfer,1,1,1,1,0,1,0,15,2,1,0,0,1,0,0,0,1,0,0
4350,pixel_transfer,1,1,1,1,0,1,0,15,3,1,0,0,1,0,0,0,1,0,0
4351,pixel_transfer,1,1,1,1,0,1,0,15,2,1,0,1,1,0,0,0,1,0,0
4352,pixel_transfer,1,1,1,1,0,1,0,15,2,1,0,0,1,0,0,0,1,0,0
4353,pixel_transfer,1,1,1,1,0,1,0,15,3,1,0,0,1,0,0,0,1,0,0
4354,pixel_transfer,1,1,1,1,0,1,0,15,3,1,0,1,1,0,0,0,1,0,0
4355,pixel_transfer,1,1,1,1,0,1,1,15,2,1,0,1,1,0,0,0,1,0,0
4356,pixel_transfer,1,1,1,1,0,2,0,15,2,1,0,0,1,0,0,0,1,0,0
4357,pixel_transfer,1,1,1,1,0,2,0,15,3,1,0,0,1,0,0,0,1,0,0
4358,pixel_transfer,1,1,1,1,0,2,0,15,3,1,0,1,1,0,0,0,1,0,0
4359,pixel_transfer,1,1,1,1,0,2,0,15,2,1,0,1,1,0,0,1,1,0,0
4360,pixel_transfer,1,1,1,1,0,2,0,15,2,1,0,0,1,0,0,1,1,0,0
4361,pixel_transfer,1,1,1,1,0,2,0,15,2,1,0,0,1,0,0,0,1,0,0
4362,pixel_transfer,1,1,1,1,0,2,0,15,2,1,0,0,1,0,0,0,1,0,0
4363,pixel_transfer,1,1,1,1,0,2,0,15,2,1,0,0,1,0,0,0,1,0,0
4364,pixel_transfer,1,1,1,1,0,2,0,15,2,1,0,0,1,0,0,0,1,0,0
4365,pixel_transfer,1,1,1,1,0,2,0,15,2,1,0,0,1,0,0,0,1,0,0
4366,pixel_transfer,1,1,1,1,0,2,0,15,2,1,0,0,1,0,0,0,1,0,0
4367,pixel_transfer,1,1,1,1,0,2,0,15,2,1,0,0,1,0,0,0,1,0,0
4368,pixel_transfer,1,1,1,1,0,2,0,15,2,1,0,0,1,0,0,0,1,0,0
4369,pixel_transfer,1,1,1,1,0,2,0,15,2,1,0,0,1,0,0,0,1,0,0
4370,pixel_transfer,1,1,1,1,0,2,0,15,2,1,0,0,1,0,0,0,1,0,0
4371,pixel_transfer,1,1,1,1,0,2,0,15,2,1,0,0,1,0,0,0,1,0,0
4372,pixel_transfer,1,1,1,1,0,2,0,15,2,1,0,0,1,0,0,0,1,0,0
4373,pixel_transfer,1,1,1,1,0,2,0,15,2,1,0,0,1,0,0,0,1,0,0
4374,pixel_transfer,1,1,1,1,0,2,0,15,3,1,0,0,1,0,0,0,1,0,0
4375,pixel_transfer,1,1,1,1,0,2,0,15,2,1,0,1,1,0,0,0,1,0,0
4376,pixel_transfer,1,1,1,1,0,2,0,15,2,1,0,0,1,0,0,0,1,0,0
4377,pixel_transfer,1,1,1,1,0,2,0,15,3,1,0,0,1,0,0,0,1,0,0
4378,pixel_transfer,1,1,1,1,0,2,0,15,3,1,0,1,1,0,0,0,1,0,0
4379,line_marker,0,1,0,1,1,2,2,15,2,1,0,1,1,0,0,0,1,0,0
4380,pixel_transfer,1,1,1,1,0,0,0,15,2,1,0,0,1,0,0,1,1,0,0
4381,pixel_transfer,1,1,1,1,0,1,0,15,3,1,0,0,1,0,0,1,1,0,0
4382,pixel_transfer,1,1,1,1,0,1,0,15,2,1,0,1,1,0,0,0,1,0,0
4383,pixel_transfer,1,1,1,1,0,1,0,15,2,1,0,0,1,0,0,0,1,0,0
4384,pixel_transfer,1,1,1,1,0,1,0,15,3,1,0,0,1,0,0,0,1,0,0
4385,pixel_transfer,1,1,1,1,0,1,0,15,3,1,0,1,1,0,0,0,1,0,0
4386,pixel_transfer,1,1,1,1,0,1,0,15,2,1,0,1,1,0,0,0,1,0,0
4387,pixel_transfer,1,1,1,1,0,1,0,15,2,1,0,0,1,0,0,0,1,0,0
4388,pixel_transfer,1,1,1,1,0,1,0,15,2,1,0,0,1,0,0,0,1,0,0
4389,pixel_transfer,1,1,1,1,0,1,0,15,3,1,0,0,1,0,0,0,1,0,0
4390,pixel_transfer,1,1,1,1,0,1,0,15,3,1,0,1,1,0,0,1,1,0,0
4391,pixel_transfer,1,1,1,1,0,1,0,15,2,1,0,1,1,0,0,1,1,0,0
4392,pixel_transfer,1,1,1,1,0,1,0,15,2,1,0,0,1,0,0,0,1,0,0
4393,pixel_transfer,1,1,1,1,0,1,0,15,3,1,0,0,1,0,0,0,1,0,0
4394,pixel_transfer,1,1,1,1,0,1,0,15,3,1,0,1,1,0,0,0,1,0,0
4395,pixel_transfer,1,1,1,1,0,1,0,15,2,1,0,1,1,0,0,0,1,0,0
4396,pixel_transfer,1,1,1,1,0,1,0,15,2,1,0,0,1,0,0,0,1,0,0
4397,pixel_transfer,1,1,1,1,0,1,0,15,3,1,0,0,1,0,0,0,1,0,0
4398,pixel_transfer,1,1,1,1,0,1,0,15,2,1,0,1,1,0,0,0,1,0,0
4399,pixel_transfer,1,1,1,1,0,1,0,15,2,1,0,0,1,0,0,1,1,0,0
4400,pixel_transfer,1,1,1,1,0,1,0,15,3,1,0,0,1,0,0,1,1,0,0
4401,pixel_transfer,1,1,1,1,0,1,0,15,2,1,0,1,1,0,0,0,1,0,0
4402,pixel_transfer,1,1,1,1,0,1,0,15,2,1,0,0,1,0,0,0,1,0,0
4403,pixel_transfer,1,1,1,1,0,1,0,15,3,1,0,0,1,0,0,0,1,0,0
4404,pixel_transfer,1,1,1,1,0,1,1,15,2,1,0,1,1,0,0,0,1,0,0
4405,pixel_transfer,1,1,1,1,0,2,0,15,2,1,0,0,1,0,0,0,1,0,0
4406,pixel_transfer,1,1,1,1,0,2,0,15,3,1,0,0,1,0,0,0,1,0,0
4407,pixel_transfer,1,1,1,1,0,2,0,15,3,1,0,1,1,0,0,0,1,0,0
4408,pixel_transfer,1,1,1,1,0,2,0,15,2,1,0,1,1,0,0,0,1,0,0
4409,pixel_transfer,1,1,1,1,0,2,0,15,2,1,0,0,1,0,0,1,1,0,0
4410,pixel_transfer,1,1,1,1,0,2,0,15,3,1,0,0,1,0,0,1,1,0,0
4411,pixel_transfer,1,1,1,1,0,2,0,15,2,1,0,1,1,0,0,0,1,0,0
4412,pixel_transfer,1,1,1,1,0,2,0,15,2,1,0,0,1,0,0,0,1,0,0
4413,pixel_transfer,1,1,1,1,0,2,0,15,3,1,0,0,1,0,0,0,1,0,0
4414,pixel_transfer,1,1,1,1,0,2,0,15,2,1,0,1,1,0,0,0,1,0,0
4415,pixel_transfer,1,1,1,1,0,2,0,15,2,1,0,0,1,0,0,0,1,0,0
4416,pixel_transfer,1,1,1,1,0,2,0,15,2,1,0,0,1,0,0,0,1,0,0
4417,pixel_transfer,1,1,1,1,0,2,0,15,3,1,0,0,1,0,0,0,1,0,0
4418,pixel_transfer,1,1,1,1,0,2,0,15,2,1,0,1,1,0,0,0,1,0,0
4419,pixel_transfer,1,1,1,1,0,2,0,15,2,1,0,0,1,0,0,1,1,0,0
4420,pixel_transfer,1,1,1,1,0,2,0,15,3,1,0,0,1,0,0,1,1,0,0
4421,pixel_transfer,1,1,1,1,0,2,0,15,2,1,0,1,1,0,0,0,1,0,0
4422,pixel_transfer,1,1,1,1,0,2,0,15,2,1,0,0,1,0,0,0,1,0,0
4423,pixel_transfer,1,1,1,1,0,2,0,15,3,1,0,0,1,0,0,0,1,0,0
4424,pixel_transfer,1,1,1,1,0,2,0,15,2,1,0,1,1,0,0,0,1,0,0
4425,pixel_transfer,1,1,1,1,0,2,0,15,2,1,0,0,1,0,0,0,1,0,0
4426,pixel_transfer,1,1,1,1,0,2,0,15,3,1,0,0,1,0,0,0,1,0,0
4427,pixel_transfer,1,1,1,1,0,2,0,15,2,1,0,1,1,0,0,0,1,0,0
4428,line_marker,0,1,0,1,1,2,2,15,2,1,0,0,1,0,0,0,1,0,0
4429,pixel_transfer,1,1,1,1,0,0,0,15,2,1,0,0,1,0,0,0,1,0,0
4430,pixel_transfer,1,1,1,1,0,1,0,15,2,1,0,0,1,0,0,0,1,0,0
4431,pixel_transfer,1,1,1,1,0,1,0,15,2,1,0,0,1,0,0,0,1,0,0
4432,pixel_transfer,1,1,1,1,0,1,0,15,2,1,0,0,1,0,0,1,1,0,0
4433,pixel_transfer,1,1,1,1,0,1,0,15,3,1,0,0,1,0,0,1,1,0,0
4434,pixel_transfer,1,1,1,1,0,1,0,15,3,1,0,1,1,0,0,0,1,0,0
4435,pixel_transfer,1,1,1,1,0,1,0,15,2,1,0,1,1,0,0,0,1,0,0
4436,pixel_transfer,1,1,1,1,0,1,0,15,2,1,0,0,1,0,0,0,1,0,0
4437,pixel_transfer,1,1,1,1,0,1,0,15,3,1,0,0,1,0,0,0,1,0,0
4438,pixel_transfer,1,1,1,1,0,1,0,15,2,1,0,1,1,0,0,0,1,0,0
4439,pixel_transfer,1,1,1,1,0,1,0,15,2,1,0,0,1,0,0,0,1,0,0
4440,pixel_transfer,1,1,1,1,0,1,0,15,3,1,0,0,1,0,0,0,1,0,0
4441,pixel_transfer,1,1,1,1,0,1,0,15,3,1,0,1,1,0,0,0,1,0,0
4442,pixel_transfer,1,1,1,1,0,1,0,15,2,1,0,1,1,0,0,0,1,0,0
4443,pixel_transfer,1,1,1,1,0,1,0,15,2,1,0,0,1,0,0,0,1,0,0
4444,pixel_transfer,1,1,1,1,0,1,0,15,3,1,0,0,1,0,0,0,1,0,0
4445,pixel_transfer,1,1,1,1,0,1,0,15,3,1,0,1,1,0,0,0,1,0,0
4446,pixel_transfer,1,1,1,1,0,1,0,15,2,1,0,1,1,0,0,1,1,0,0
4447,pixel_transfer,1,1,1,1,0,1,0,15,2,1,0,0,1,0,0,1,1,0,0
4448,pixel_transfer,1,1,1,1,0,1,0,15,3,1,0,0,1,0,0,0,1,0,0
4449,pixel_transfer,1,1,1,1,0,1,0,15,2,1,0,1,1,0,0,0,1,0,0
4450,pixel_transfer,1,1,1,1,0,1,0,15,2,1,0,0,1,0,0,0,1,0,0
4451,pixel_transfer,1,1,1,1,0,1,0,15,2,1,0,0,1,0,0,0,1,0,0
4452,pixel_transfer,1,1,1,1,0,1,0,15,2,1,0,0,1,0,0,0,1,0,0
4453,pixel_transfer,1,1,1,1,0,1,1,15,2,1,0,0,1,0,0,0,1,0,0
4454,pixel_transfer,1,1,1,1,0,2,0,15,2,1,0,0,1,0,0,1,1,0,0
4455,pixel_transfer,1,1,1,1,0,2,0,15,2,1,0,0,1,0,0,1,1,0,0
4456,pixel_transfer,1,1,1,1,0,2,0,15,2,1,0,0,1,0,0,0,1,0,0
4457,pixel_transfer,1,1,1,1,0,2,0,15,2,1,0,0,1,0,0,0,1,0,0
4458,pixel_transfer,1,1,1,1,0,2,0,15,2,1,0,0,1,0,0,0,1,0,0
4459,pixel_transfer,1,1,1,1,0,2,0,15,2,1,0,0,1,0,0,0,1,0,0
4460,pixel_transfer,1,1,1,1,0,2,0,15,2,1,0,0,1,0,0,0,1,0,0
4461,pixel_transfer,1,1,1,1,0,2,0,15,2,1,0,0,1,0,0,0,1,0,0
4462,pixel_transfer,1,1,1,1,0,2,0,15,2,1,0,0,1,0,0,0,1,0,0
4463,pixel_transfer,1,1,1,1,0,2,0,15,2,1,0,0,1,0,0,0,1,0,0
4464,pixel_transfer,1,1,1,1,0,2,0,15,2,1,0,0,1,0,0,0,1,0,0
4465,pixel_transfer,1,1,1,1,0,2,0,15,3,1,0,0,1,0,0,0,1,0,0
4466,pixel_transfer,1,1,1,1,0,2,0,15,3,1,0,1,1,0,0,0,1,0,0
4467,pixel_transfer,1,1,1,1,0,2,0,15,3,1,0,1,1,0,0,0,1,0,0
4468,pixel_transfer,1,1,1,1,0,2,0,15,2,1,0,1,1,0,0,0,1,0,0
4469,pixel_transfer,1,1,1,1,0,2,0,15,2,1,0,0,1,0,0,0,1,0,0
4470,pixel_transfer,1,1,1,1,0,2,0,15,3,1,0,0,1,0,0,0,1,0,0
4471,pixel_transfer,1,1,1,1,0,2,0,15,2,1,0,1,1,0,0,0,1,0,0
4472,pixel_transfer,1,1,1,1,0,2,0,15,2,1,0,0,1,0,0,0,1,0,0
4473,pixel_transfer,1,1,1,1,0,2,0,15,3,1,0,0,1,0,0,0,1,0,0
4474,pixel_transfer,1,1,1,1,0,2,0,15,2,1,0,1,1,0,0,0,1,0,0
4475,pixel_transfer,1,1,1,1,0,2,0,15,2,1,0,0,1,0,0,0,1,0,0
4476,pixel_transfer,1,1,1,1,0,2,0,15,2,1,0,0,1,0,0,1,1,0,0
4477,line_marker,0,1,0,1,1,2,2,15,2,1,0,0,1,0,0,1,1,0,0
4478,pixel_transfer,1,1,1,1,0,0,0,15,2,1,0,0,1,0,0,0,1,0,0
4479,pixel_transfer,1,1,1,1,0,1,0,15,2,1,0,0,1,0,0,0,1,0,0
4480,pixel_transfer,1,1,1,1,0,1,0,15,2,1,0,0,1,0,0,0,1,0,0
4481,pixel_transfer,1,1,1,1,0,1,0,15,2,1,0,0,1,0,0,0,1,0,0
4482,pixel_transfer,1,1,1,1,0,1,0,15,2,1,0,0,1,0,0,0,1,0,0
4483,pixel_transfer,1,1,1,1,0,1,0,15,3,1,0,0,1,0,0,0,1,0,0
4484,pixel_transfer,1,1,1,1,0,1,0,15,2,1,0,1,1,0,0,0,1,0,0
4485,pixel_transfer,1,1,1,1,0,1,0,15,2,1,0,0,1,0,0,0,1,0,0
4486,pixel_transfer,1,1,1,1,0,1,0,15,3,1,0,0,1,0,0,0,1,0,0
4487,pixel_transfer,1,1,1,1,0,1,0,15,3,1,0,1,1,0,0,0,1,0,0
4488,pixel_transfer,1,1,1,1,0,1,0,15,2,1,0,1,1,0,0,0,1,0,0
4489,pixel_transfer,1,1,1,1,0,1,0,15,2,1,0,0,1,0,0,0,1,0,0
4490,pixel_transfer,1,1,1,1,0,1,0,15,2,1,0,0,1,0,0,0,1,0,0
4491,pixel_transfer,1,1,1,1,0,1,0,15,3,1,0,0,1,0,0,0,1,0,0
4492,pixel_transfer,1,1,1,1,0,1,0,15,2,1,0,1,1,0,0,0,1,0,0
4493,pixel_transfer,1,1,1,1,0,1,0,15,2,1,0,0,1,0,0,1,1,0,0
4494,pixel_transfer,1,1,1,1,0,1,0,15,3,1,0,0,1,0,0,1,1,0,0
4495,pixel_transfer,1,1,1,1,0,1,0,15,2,1,0,1,1,0,0,0,1,0,0
4496,pixel_transfer,1,1,1,1,0,1,0,15,2,1,0,0,1,0,0,0,1,0,0
4497,pixel_transfer,1,1,1,1,0,1,0,15,3,1,0,0,1,0,0,0,1,0,0
4498,pixel_transfer,1,1,1,1,0,1,0,15,3,1,0,1,1,0,0,0,1,0,0
4499,pixel_transfer,1,1,1,1,0,1,0,15,2,1,0,1,1,0,0,0,1,0,0
4500,pixel_transfer,1,1,1,1,0,1,0,15,2,1,0,0,1,0,0,0,1,0,0
4501,pixel_transfer,1,1,1,1,0,1,0,15,3,1,0,0,1,0,0,0,1,0,0
4502,pixel_transfer,1,1,1,1,0,1,1,15,3,1,0,1,1,0,0,0,1,0,0
4503,pixel_transfer,1,1,1,1,0,2,0,15,2,1,0,1,1,0,0,0,1,0,0
4504,pixel_transfer,1,1,1,1,0,2,0,15,2,1,0,0,1,0,0,1,1,0,0
4505,pixel_transfer,1,1,1,1,0,2,0,15,3,1,0,0,1,0,0,1,1,0,0
4506,pixel_transfer,1,1,1,1,0,2,0,15,2,1,0,1,1,0,0,0,1,0,0
4507,pixel_transfer,1,1,1,1,0,2,0,15,2,1,0,0,1,0,0,0,1,0,0
4508,pixel_transfer,1,1,1,1,0,2,0,15,3,1,0,0,1,0,0,0,1,0,0
4509,pixel_transfer,1,1,1,1,0,2,0,15,3,1,0,1,1,0,0,0,1,0,0
4510,pixel_transfer,1,1,1,1,0,2,0,15,2,1,0,1,1,0,0,0,1,0,0
4511,pixel_transfer,1,1,1,1,0,2,0,15,2,1,0,0,1,0,0,0,1,0,0
4512,pixel_transfer,1,1,1,1,0,2,0,15,3,1,0,0,1,0,0,0,1,0,0
4513,pixel_transfer,1,1,1,1,0,2,0,15,3,1,0,1,1,0,0,0,1,0,0
4514,pixel_transfer,1,1,1,1,0,2,0,15,2,1,0,1,1,0,0,1,1,0,0
4515,pixel_transfer,1,1,1,1,0,2,0,15,2,1,0,0,1,0,0,1,1,0,0
4516,pixel_transfer,1,1,1,1,0,2,0,15,3,1,0,0,1,0,0,0,1,0,0
4517,pixel_transfer,1,1,1,1,0,2,0,15,2,1,0,1,1,0,0,0,1,0,0
4518,pixel_transfer,1,1,1,1,0,2,0,15,2,1,0,0,1,0,0,0,1,0,0
4519,pixel_transfer,1,1,1,1,0,2,0,15,3,1,0,0,1,0,0,0,1,0,0
4520,pixel_transfer,1,1,1,1,0,2,0,15,3,1,0,1,1,0,0,0,1,0,0
4521,pixel_transfer,1,1,1,1,0,2,0,15,2,1,0,1,1,0,0,0,1,0,0
4522,pixel_transfer,1,1,1,1,0,2,0,15,2,1,0,0,1,0,0,1,1,0,0
4523,pixel_transfer,1,1,1,1,0,2,0,15,3,1,0,0,1,0,0,1,1,0,0
4524,pixel_transfer,1,1,1,1,0,2,0,15,2,1,0,1,1,0,0,0,1,0,0
4525,pixel_transfer,1,1,1,1,0,2,0,15,2,1,0,0,1,0,0,0,1,0,0
4526,line_marker,0,1,0,1,1,2,2,15,2,1,0,0,1,0,0,0,1,0,0
4527,pixel_transfer,1,1,1,1,0,0,0,15,2,1,0,0,1,0,0,0,1,0,0
4528,pixel_transfer,1,1,1,1,0,1,0,15,2,1,0,0,1,0,0,0,1,0,0
4529,pixel_transfer,1,1,1,1,0,1,0,15,3,1,0,0,1,0,0,0,1,0,0
4530,pixel_transfer,1,1,1,1,0,1,0,15,2,1,0,1,1,0,0,0,1,0,0
4531,pixel_transfer,1,1,1,1,0,1,0,15,2,1,0,0,1,0,0,0,1,0,0
4532,pixel_transfer,1,1,1,1,0,1,0,15,3,1,0,0,1,0,0,0,1,0,0
4533,pixel_transfer,1,1,1,1,0,1,0,15,3,1,0,1,1,0,0,0,1,0,0
4534,pixel_transfer,1,1,1,1,0,1,0,15,2,1,0,1,1,0,0,0,1,0,0
4535,pixel_transfer,1,1,1,1,0,1,0,15,2,1,0,0,1,0,0,1,1,0,0
4536,pixel_transfer,1,1,1,1,0,1,0,15,2,1,0,0,1,0,0,1,1,0,0
4537,pixel_transfer,1,1,1,1,0,1,0,15,3,1,0,0,1,0,0,0,1,0,0
4538,pixel_transfer,1,1,1,1,0,1,0,15,2,1,0,1,1,0,0,0,1,0,0
4539,pixel_transfer,1,1,1,1,0,1,0,15,2,1,0,0,1,0,0,0,1,0,0
4540,pixel_transfer,1,1,1,1,0,1,0,15,3,1,0,0,1,0,0,0,1,0,0
4541,pixel_transfer,1,1,1,1,0,1,0,15,2,1,0,1,1,0,0,0,1,0,0
4542,pixel_transfer,1,1,1,1,0,1,0,15,2,1,0,0,1,0,0,0,1,0,0
4543,pixel_transfer,1,1,1,1,0,1,0,15,3,1,0,0,1,0,0,0,1,0,0
4544,pixel_transfer,1,1,1,1,0,1,0,15,2,1,0,1,1,0,0,0,1,0,0
4545,pixel_transfer,1,1,1,1,0,1,0,15,2,1,0,0,1,0,0,0,1,0,0
4546,pixel_transfer,1,1,1,1,0,1,0,15,3,1,0,0,1,0,0,1,1,0,0
4547,pixel_transfer,1,1,1,1,0,1,0,15,3,1,0,1,1,0,0,1,1,0,0
4548,pixel_transfer,1,1,1,1,0,1,0,15,2,1,0,1,1,0,0,0,1,0,0
4549,pixel_transfer,1,1,1,1,0,1,0,15,2,1,0,0,1,0,0,0,1,0,0
4550,pixel_transfer,1,1,1,1,0,1,0,15,3,1,0,0,1,0,0,0,1,0,0
4551,pixel_transfer,1,1,1,1,0,1,1,15,2,1,0,1,1,0,0,0,1,0,0
4552,pixel_transfer,1,1,1,1,0,2,0,15,2,1,0,0,1,0,0,0,1,0,0
4553,pixel_transfer,1,1,1,1,0,2,0,15,3,1,0,0,1,0,0,0,1,0,0
4554,pixel_transfer,1,1,1,1,0,2,0,15,2,1,0,1,1,0,0,0,1,0,0
4555,pixel_transfer,1,1,1,1,0,2,0,15,2,1,0,0,1,0,0,0,1,0,0
4556,pixel_transfer,1,1,1,1,0,2,0,15,3,1,0,0,1,0,0,1,1,0,0
4557,pixel_transfer,1,1,1,1,0,2,0,15,2,1,0,1,1,0,0,1,1,0,0
4558,pixel_transfer,1,1,1,1,0,2,0,15,2,1,0,0,1,0,0,0,1,0,0
4559,pixel_transfer,1,1,1,1,0,2,0,15,2,1,0,0,1,0,0,0,1,0,0
4560,pixel_transfer,1,1,1,1,0,2,0,15,2,1,0,0,1,0,0,0,1,0,0
4561,pixel_transfer,1,1,1,1,0,2,0,15,2,1,0,0,1,0,0,0,1,0,0
4562,pixel_transfer,1,1,1,1,0,2,0,15,2,1,0,0,1,0,0,0,1,0,0
4563,pixel_transfer,1,1,1,1,0,2,0,15,2,1,0,0,1,0,0,0,1,0,0
4564,pixel_transfer,1,1,1,1,0,2,0,15,2,1,0,0,1,0,0,0,1,0,0
4565,pixel_transfer,1,1,1,1,0,2,0,15,2,1,0,0,1,0,0,0,1,0,0
4566,pixel_transfer,1,1,1,1,0,2,0,15,2,1,0,0,1,0,0,0,1,0,0
4567,pixel_transfer,1,1,1,1,0,2,0,15,3,1,0,0,1,0,0,0,1,0,0
4568,pixel_transfer,1,1,1,1,0,2,0,15,2,1,0,1,1,0,0,0,1,0,0
4569,pixel_transfer,1,1,1,1,0,2,0,15,2,1,0,0,1,0,0,0,1,0,0
4570,pixel_transfer,1,1,1,1,0,2,0,15,3,1,0,0,1,0,0,0,1,0,0
4571,pixel_transfer,1,1,1,1,0,2,0,15,2,1,0,1,1,0,0,0,1,0,0
4572,pixel_transfer,1,1,1,1,0,2,0,15,2,1,0,0,1,0,0,0,1,0,0
4573,pixel_transfer,1,1,1,1,0,2,0,15,3,1,0,0,1,0,0,0,1,0,0
4574,pixel_transfer,1,1,1,1,0,2,0,15,2,1,0,1,1,0,0,0,1,0,0
4575,line_marker,0,1,0,1,1,2,2,15,2,1,0,0,1,0,0,0,1,0,0
4576,pixel_transfer,1,1,1,1,0,0,0,15,3,1,0,0,1,0,0,1,1,0,0
4577,pixel_transfer,1,1,1,1,0,1,0,15,3,1,0,1,1,0,0,1,1,0,0
4578,pixel_transfer,1,1,1,1,0,1,0,15,2,1,0,1,1,0,0,0,1,0,0
4579,pixel_transfer,1,1,1,1,0,1,0,15,2,1,0,0,1,0,0,0,1,0,0
4580,pixel_transfer,1,1,1,1,0,1,0,15,2,1,0,0,1,0,0,0,1,0,0
4581,pixel_transfer,1,1,1,1,0,1,0,15,2,1,0,0,1,0,0,0,1,0,0
4582,pixel_transfer,1,1,1,1,0,1,0,15,3,1,0,0,1,0,0,0,1,0,0
4583,pixel_transfer,1,1,1,1,0,1,0,15,3,1,0,1,1,0,0,0,1,0,0
4584,pixel_transfer,1,1,1,1,0,1,0,15,3,1,0,1,1,0,0,0,1,0,0
4585,pixel_transfer,1,1,1,1,0,1,0,15,2,1,0,1,1,0,0,0,1,0,0
4586,pixel_transfer,1,1,1,1,0,1,0,15,2,1,0,0,1,0,0,0,1,0,0
4587,pixel_transfer,1,1,1,1,0,1,0,15,2,1,0,0,1,0,0,0,1,0,0
4588,pixel_transfer,1,1,1,1,0,1,0,15,3,1,0,0,1,0,0,1,1,0,0
4589,pixel_transfer,1,1,1,1,0,1,0,15,2,1,0,1,1,0,0,1,1,0,0
4590,pixel_transfer,1,1,1,1,0,1,0,15,2,1,0,0,1,0,0,0,1,0,0
4591,pixel_transfer,1,1,1,1,0,1,0,15,3,1,0,0,1,0,0,0,1,0,0
4592,pixel_transfer,1,1,1,1,0,1,0,15,2,1,0,1,1,0,0,0,1,0,0
4593,pixel_transfer,1,1,1,1,0,1,0,15,2,1,0,0,1,0,0,0,1,0,0
4594,pixel_transfer,1,1,1,1,0,1,0,15,3,1,0,0,1,0,0,0,1,0,0
4595,pixel_transfer,1,1,1,1,0,1,0,15,2,1,0,1,1,0,0,0,1,0,0
4596,pixel_transfer,1,1,1,1,0,1,0,15,2,1,0,0,1,0,0,0,1,0,0
4597,pixel_transfer,1,1,1,1,0,1,0,15,3,1,0,0,1,0,0,1,1,0,0
4598,pixel_transfer,1,1,1,1,0,1,0,15,3,1,0,1,1,0,0,1,1,0,0
4599,pixel_transfer,1,1,1,1,0,1,0,15,2,1,0,1,1,0,0,0,1,0,0
4600,pixel_transfer,1,1,1,1,0,1,1,15,2,1,0,0,1,0,0,0,1,0,0
4601,pixel_transfer,1,1,1,1,0,2,0,15,2,1,0,0,1,0,0,0,1,0,0
4602,pixel_transfer,1,1,1,1,0,2,0,15,3,1,0,0,1,0,0,0,1,0,0
4603,pixel_transfer,1,1,1,1,0,2,0,15,3,1,0,1,1,0,0,0,1,0,0
4604,pixel_transfer,1,1,1,1,0,2,0,15,3,1,0,1,1,0,0,0,1,0,0
4605,pixel_transfer,1,1,1,1,0,2,0,15,2,1,0,1,1,0,0,0,1,0,0
4606,pixel_transfer,1,1,1,1,0,2,0,15,2,1,0,0,1,0,0,0,1,0,0
4607,pixel_transfer,1,1,1,1,0,2,0,15,2,1,0,0,1,0,0,0,1,0,0
4608,pixel_transfer,1,1,1,1,0,2,0,15,2,1,0,0,1,0,0,1,1,0,0
4609,pixel_transfer,1,1,1,1,0,2,0,15,3,1,0,0,1,0,0,1,1,0,0
4610,pixel_transfer,1,1,1,1,0,2,0,15,3,1,0,1,1,0,0,0,1,0,0
4611,pixel_transfer,1,1,1,1,0,2,0,15,2,1,0,1,1,0,0,0,1,0,0
4612,pixel_transfer,1,1,1,1,0,2,0,15,2,1,0,0,1,0,0,0,1,0,0
4613,pixel_transfer,1,1,1,1,0,2,0,15,2,1,0,0,1,0,0,0,1,0,0
4614,pixel_transfer,1,1,1,1,0,2,0,15,2,1,0,0,1,0,0,0,1,0,0
4615,pixel_transfer,1,1,1,1,0,2,0,15,3,1,0,0,1,0,0,0,1,0,0
4616,pixel_transfer,1,1,1,1,0,2,0,15,2,1,0,1,1,0,0,1,1,0,0
4617,pixel_transfer,1,1,1,1,0,2,0,15,2,1,0,0,1,0,0,1,1,0,0
4618,pixel_transfer,1,1,1,1,0,2,0,15,2,1,0,0,1,0,0,0,1,0,0
4619,pixel_transfer,1,1,1,1,0,2,0,15,2,1,0,0,1,0,0,0,1,0,0
4620,pixel_transfer,1,1,1,1,0,2,0,15,2,1,0,0,1,0,0,0,1,0,0
4621,pixel_transfer,1,1,1,1,0,2,0,15,2,1,0,0,1,0,0,0,1,0,0
4622,pixel_transfer,1,1,1,1,0,2,0,15,2,1,0,0,1,0,0,0,1,0,0
4623,pixel_transfer,1,1,1,1,0,2,0,15,2,1,0,0,1,0,0,0,1,0,0
4624,line_marker,0,1,0,1,1,2,2,15,2,1,0,0,1,0,0,0,1,0,0
4625,pixel_transfer,1,1,1,1,0,0,0,15,2,1,0,0,1,0,0,0,1,0,0
4626,pixel_transfer,1,1,1,1,0,1,0,15,3,1,0,0,1,0,0,0,1,0,0
4627,pixel_transfer,1,1,1,1,0,1,0,15,2,1,0,1,1,0,0,0,1,0,0
4628,pixel_transfer,1,1,1,1,0,1,0,15,2,1,0,0,1,0,0,0,1,0,0
4629,pixel_transfer,1,1,1,1,0,1,0,15,3,1,0,0,1,0,0,0,1,0,0
4630,pixel_transfer,1,1,1,1,0,1,0,15,2,1,0,1,1,0,0,0,1,0,0
4631,pixel_transfer,1,1,1,1,0,1,0,15,2,1,0,0,1,0,0,0,1,0,0
4632,pixel_transfer,1,1,1,1,0,1,0,15,3,1,0,0,1,0,0,0,1,0,0
4633,pixel_transfer,1,1,1,1,0,1,0,15,2,1,0,1,1,0,0,0,1,0,0
4634,pixel_transfer,1,1,1,1,0,1,0,15,2,1,0,0,1,0,0,0,1,0,0
4635,pixel_transfer,1,1,1,1,0,1,0,15,2,1,0,0,1,0,0,0,1,0,0
4636,pixel_transfer,1,1,1,1,0,1,0,15,3,1,0,0,1,0,0,0,1,0,0
4637,pixel_transfer,1,1,1,1,0,1,0,15,3,1,0,1,1,0,0,0,1,0,0
4638,pixel_transfer,1,1,1,1,0,1,0,15,2,1,0,1,1,0,0,1,1,0,0
4639,pixel_transfer,1,1,1,1,0,1,0,15,2,1,0,0,1,0,0,1,1,0,0
4640,pixel_transfer,1,1,1,1,0,1,0,15,3,1,0,0,1,0,0,0,1,0,0
4641,pixel_transfer,1,1,1,1,0,1,0,15,2,1,0,1,1,0,0,0,1,0,0
4642,pixel_transfer,1,1,1,1,0,1,0,15,2,1,0,0,1,0,0,0,1,0,0
4643,pixel_transfer,1,1,1,1,0,1,0,15,3,1,0,0,1,0,0,0,1,0,0
4644,pixel_transfer,1,1,1,1,0,1,0,15,3,1,0,1,1,0,0,0,1,0,0
4645,pixel_transfer,1,1,1,1,0,1,0,15,2,1,0,1,1,0,0,0,1,0,0
4646,pixel_transfer,1,1,1,1,0,1,0,15,2,1,0,0,1,0,0,0,1,0,0
4647,pixel_transfer,1,1,1,1,0,1,0,15,3,1,0,0,1,0,0,0,1,0,0
4648,pixel_transfer,1,1,1,1,0,1,0,15,3,1,0,1,1,0,0,0,1,0,0
4649,pixel_transfer,1,1,1,1,0,1,1,15,2,1,0,1,1,0,0,1,1,0,0
4650,pixel_transfer,1,1,1,1,0,2,0,15,2,1,0,0,1,0,0,1,1,0,0
4651,pixel_transfer,1,1,1,1,0,2,0,15,2,1,0,0,1,0,0,0,1,0,0
4652,pixel_transfer,1,1,1,1,0,2,0,15,2,1,0,0,1,0,0,0,1,0,0
4653,pixel_transfer,1,1,1,1,0,2,0,15,2,1,0,0,1,0,0,0,1,0,0
4654,pixel_transfer,1,1,1,1,0,2,0,15,2,1,0,0,1,0,0,0,1,0,0
4655,pixel_transfer,1,1,1,1,0,2,0,15,2,1,0,0,1,0,0,0,1,0,0
4656,pixel_transfer,1,1,1,1,0,2,0,15,2,1,0,0,1,0,0,0,1,0,0
4657,pixel_transfer,1,1,1,1,0,2,0,15,2,1,0,0,1,0,0,0,1,0,0
4658,pixel_transfer,1,1,1,1,0,2,0,15,2,1,0,0,1,0,0,0,1,0,0
4659,pixel_transfer,1,1,1,1,0,2,0,15,2,1,0,0,1,0,0,0,1,0,0
4660,pixel_transfer,1,1,1,1,0,2,0,15,2,1,0,0,1,0,0,0,1,0,0
4661,pixel_transfer,1,1,1,1,0,2,0,15,2,1,0,0,1,0,0,0,1,0,0
4662,pixel_transfer,1,1,1,1,0,2,0,15,3,1,0,0,1,0,0,0,1,0,0
4663,pixel_transfer,1,1,1,1,0,2,0,15,3,1,0,1,1,0,0,0,1,0,0
4664,pixel_transfer,1,1,1,1,0,2,0,15,3,1,0,1,1,0,0,0,1,0,0
4665,pixel_transfer,1,1,1,1,0,2,0,15,2,1,0,1,1,0,0,0,1,0,0
4666,pixel_transfer,1,1,1,1,0,2,0,15,2,1,0,0,1,0,0,0,1,0,0
4667,pixel_transfer,1,1,1,1,0,2,0,15,2,1,0,0,1,0,0,0,1,0,0
4668,pixel_transfer,1,1,1,1,0,2,0,15,2,1,0,0,1,0,0,1,1,0,0
4669,pixel_transfer,1,1,1,1,0,2,0,15,3,1,0,0,1,0,0,1,1,0,0
4670,pixel_transfer,1,1,1,1,0,2,0,15,3,1,0,1,1,0,0,0,1,0,0
4671,pixel_transfer,1,1,1,1,0,2,0,15,2,1,0,1,1,0,0,0,1,0,0
4672,pixel_transfer,1,1,1,1,0,2,0,15,2,1,0,0,1,0,0,0,1,0,0
4673,line_marker,0,1,0,1,1,2,2,15,3,1,0,0,1,0,0,0,1,0,0
4674,pixel_transfer,1,1,1,1,0,0,0,15,2,1,0,1,1,0,0,0,1,0,0
4675,pixel_transfer,1,1,1,1,0,1,0,15,2,1,0,0,1,0,0,0,1,0,0
4676,pixel_transfer,1,1,1,1,0,1,0,15,2,1,0,0,1,0,0,1,1,0,0
4677,pixel_transfer,1,1,1,1,0,1,0,15,2,1,0,0,1,0,0,1,1,0,0
4678,pixel_transfer,1,1,1,1,0,1,0,15,2,1,0,0,1,0,0,0,1,0,0
4679,pixel_transfer,1,1,1,1,0,1,0,15,2,1,0,0,1,0,0,0,1,0,0
4680,pixel_transfer,1,1,1,1,0,1,0,15,2,1,0,0,1,0,0,0,1,0,0
4681,pixel_transfer,1,1,1,1,0,1,0,15,2,1,0,0,1,0,0,0,1,0,0
4682,pixel_transfer,1,1,1,1,0,1,0,15,2,1,0,0,1,0,0,0,1,0,0
4683,pixel_transfer,1,1,1,1,0,1,0,15,2,1,0,0,1,0,0,0,1,0,0
4684,pixel_transfer,1,1,1,1,0,1,0,15,2,1,0,0,1,0,0,0,1,0,0
4685,pixel_transfer,1,1,1,1,0,1,0,15,3,1,0,0,1,0,0,0,1,0,0
4686,pixel_transfer,1,1,1,1,0,1,0,15,2,1,0,1,1,0,0,0,1,0,0
4687,pixel_transfer,1,1,1,1,0,1,0,15,2,1,0,0,1,0,0,0,1,0,0
4688,pixel_transfer,1,1,1,1,0,1,0,15,3,1,0,0,1,0,0,0,1,0,0
4689,pixel_transfer,1,1,1,1,0,1,0,15,3,1,0,1,1,0,0,0,1,0,0
4690,pixel_transfer,1,1,1,1,0,1,0,15,2,1,0,1,1,0,0,0,1,0,0
4691,pixel_transfer,1,1,1,1,0,1,0,15,2,1,0,0,1,0,0,0,1,0,0
4692,pixel_transfer,1,1,1,1,0,1,0,15,3,1,0,0,1,0,0,0,1,0,0
4693,pixel_transfer,1,1,1,1,0,1,0,15,2,1,0,1,1,0,0,0,1,0,0
4694,pixel_transfer,1,1,1,1,0,1,0,15,2,1,0,0,1,0,0,0,1,0,0
4695,pixel_transfer,1,1,1,1,0,1,0,15,3,1,0,0,1,0,0,1,1,0,0
4696,pixel_transfer,1,1,1,1,0,1,0,15,3,1,0,1,1,0,0,1,1,0,0
4697,pixel_transfer,1,1,1,1,0,1,0,15,2,1,0,1,1,0,0,0,1,0,0
4698,pixel_transfer,1,1,1,1,0,1,1,15,2,1,0,0,1,0,0,0,1,0,0
4699,pixel_transfer,1,1,1,1,0,2,0,15,3,1,0,0,1,0,0,0,1,0,0
4700,pixel_transfer,1,1,1,1,0,2,0,15,2,1,0,1,1,0,0,0,1,0,0
4701,pixel_transfer,1,1,1,1,0,2,0,15,2,1,0,0,1,0,0,0,1,0,0
4702,pixel_transfer,1,1,1,1,0,2,0,15,3,1,0,0,1,0,0,0,1,0,0
4703,pixel_transfer,1,1,1,1,0,2,0,15,3,1,0,1,1,0,0,0,1,0,0
4704,pixel_transfer,1,1,1,1,0,2,0,15,2,1,0,1,1,0,0,0,1,0,0
4705,pixel_transfer,1,1,1,1,0,2,0,15,2,1,0,0,1,0,0,1,1,0,0
4706,pixel_transfer,1,1,1,1,0,2,0,15,3,1,0,0,1,0,0,1,1,0,0
4707,pixel_transfer,1,1,1,1,0,2,0,15,2,1,0,1,1,0,0,0,1,0,0
4708,pixel_transfer,1,1,1,1,0,2,0,15,2,1,0,0,1,0,0,0,1,0,0
4709,pixel_transfer,1,1,1,1,0,2,0,15,3,1,0,0,1,0,0,0,1,0,0
4710,pixel_transfer,1,1,1,1,0,2,0,15,2,1,0,1,1,0,0,0,1,0,0
4711,pixel_transfer,1,1,1,1,0,2,0,15,2,1,0,0,1,0,0,0,1,0,0
4712,pixel_transfer,1,1,1,1,0,2,0,15,3,1,0,0,1,0,0,0,1,0,0
4713,pixel_transfer,1,1,1,1,0,2,0,15,3,1,0,1,1,0,0,0,1,0,0
4714,pixel_transfer,1,1,1,1,0,2,0,15,2,1,0,1,1,0,0,0,1,0,0
4715,pixel_transfer,1,1,1,1,0,2,0,15,2,1,0,0,1,0,0,1,1,0,0
4716,pixel_transfer,1,1,1,1,0,2,0,15,3,1,0,0,1,0,0,1,1,0,0
4717,pixel_transfer,1,1,1,1,0,2,0,15,2,1,0,1,1,0,0,0,1,0,0
4718,pixel_transfer,1,1,1,1,0,2,0,15,2,1,0,0,1,0,0,0,1,0,0
4719,pixel_transfer,1,1,1,1,0,2,0,15,2,1,0,0,1,0,0,0,1,0,0
4720,pixel_transfer,1,1,1,1,0,2,0,15,2,1,0,0,1,0,0,0,1,0,0
4721,pixel_transfer,1,1,1,1,0,2,0,15,2,1,0,0,1,0,0,0,1,0,0
4722,line_marker,0,1,0,1,1,2,2,15,2,1,0,0,1,0,0,0,1,0,0
4723,pixel_transfer,1,1,1,1,0,0,0,15,3,1,0,0,1,0,0,0,1,0,0
4724,pixel_transfer,1,1,1,1,0,1,0,15,3,1,0,1,1,0,0,0,1,0,0
4725,pixel_transfer,1,1,1,1,0,1,0,15,2,1,0,1,1,0,0,0,1,0,0
4726,pixel_transfer,1,1,1,1,0,1,0,15,2,1,0,0,1,0,0,0,1,0,0
4727,pixel_transfer,1,1,1,1,0,1,0,15,3,1,0,0,1,0,0,0,1,0,0
4728,pixel_transfer,1,1,1,1,0,1,0,15,2,1,0,1,1,0,0,0,1,0,0
4729,pixel_transfer,1,1,1,1,0,1,0,15,2,1,0,0,1,0,0,1,1,0,0
4730,pixel_transfer,1,1,1,1,0,1,0,15,3,1,0,0,1,0,0,1,1,0,0
4731,pixel_transfer,1,1,1,1,0,1,0,15,3,1,0,1,1,0,0,0,1,0,0
4732,pixel_transfer,1,1,1,1,0,1,0,15,2,1,0,1,1,0,0,0,1,0,0
4733,pixel_transfer,1,1,1,1,0,1,0,15,2,1,0,0,1,0,0,0,1,0,0
4734,pixel_transfer,1,1,1,1,0,1,0,15,2,1,0,0,1,0,0,0,1,0,0
4735,pixel_transfer,1,1,1,1,0,1,0,15,2,1,0,0,1,0,0,0,1,0,0
4736,pixel_transfer,1,1,1,1,0,1,0,15,3,1,0,0,1,0,0,0,1,0,0
4737,pixel_transfer,1,1,1,1,0,1,0,15,3,1,0,1,1,0,0,1,1,0,0
4738,pixel_transfer,1,1,1,1,0,1,0,15,3,1,0,1,1,0,0,1,1,0,0
4739,pixel_transfer,1,1,1,1,0,1,0,15,2,1,0,1,1,0,0,0,1,0,0
4740,pixel_transfer,1,1,1,1,0,1,0,15,2,1,0,0,1,0,0,0,1,0,0
4741,pixel_transfer,1,1,1,1,0,1,0,15,2,1,0,0,1,0,0,0,1,0,0
4742,pixel_transfer,1,1,1,1,0,1,0,15,2,1,0,0,1,0,0,0,1,0,0
4743,pixel_transfer,1,1,1,1,0,1,0,15,3,1,0,0,1,0,0,0,1,0,0
4744,pixel_transfer,1,1,1,1,0,1,0,15,3,1,0,1,1,0,0,0,1,0,0
4745,pixel_transfer,1,1,1,1,0,1,0,15,2,1,0,1,1,0,0,0,1,0,0
4746,pixel_transfer,1,1,1,1,0,1,0,15,2,1,0,0,1,0,0,0,1,0,0
4747,pixel_transfer,1,1,1,1,0,1,1,15,3,1,0,0,1,0,0,0,1,0,0
4748,pixel_transfer,1,1,1,1,0,2,0,15,3,1,0,1,1,0,0,0,1,0,0
4749,pixel_transfer,1,1,1,1,0,2,0,15,2,1,0,1,1,0,0,1,1,0,0
4750,pixel_transfer,1,1,1,1,0,2,0,15,2,1,0,0,1,0,0,1,1,0,0
4751,pixel_transfer,1,1,1,1,0,2,0,15,3,1,0,0,1,0,0,0,1,0,0
4752,pixel_transfer,1,1,1,1,0,2,0,15,2,1,0,1,1,0,0,0,1,0,0
4753,pixel_transfer,1,1,1,1,0,2,0,15,2,1,0,0,1,0,0,0,1,0,0
4754,pixel_transfer,1,1,1,1,0,2,0,15,3,1,0,0,1,0,0,0,1,0,0
4755,pixel_transfer,1,1,1,1,0,2,0,15,3,1,0,1,1,0,0,0,1,0,0
4756,pixel_transfer,1,1,1,1,0,2,0,15,2,1,0,1,1,0,0,0,1,0,0
4757,pixel_transfer,1,1,1,1,0,2,0,15,2,1,0,0,1,0,0,1,1,0,0
4758,pixel_transfer,1,1,1,1,0,2,0,15,2,1,0,0,1,0,0,1,1,0,0
4759,pixel_transfer,1,1,1,1,0,2,0,15,2,1,0,0,1,0,0,0,1,0,0
4760,pixel_transfer,1,1,1,1,0,2,0,15,2,1,0,0,1,0,0,0,1,0,0
4761,pixel_transfer,1,1,1,1,0,2,0,15,2,1,0,0,1,0,0,0,1,0,0
4762,pixel_transfer,1,1,1,1,0,2,0,15,2,1,0,0,1,0,0,0,1,0,0
4763,pixel_transfer,1,1,1,1,0,2,0,15,2,1,0,0,1,0,0,0,1,0,0
4764,pixel_transfer,1,1,1,1,0,2,0,15,2,1,0,0,1,0,0,0,1,0,0
4765,pixel_transfer,1,1,1,1,0,2,0,15,3,1,0,0,1,0,0,0,1,0,0
4766,pixel_transfer,1,1,1,1,0,2,0,15,3,1,0,1,1,0,0,0,1,0,0
4767,pixel_transfer,1,1,1,1,0,2,0,15,2,1,0,1,1,0,0,0,1,0,0
4768,pixel_transfer,1,1,1,1,0,2,0,15,2,1,0,0,1,0,0,0,1,0,0
4769,pixel_transfer,1,1,1,1,0,2,0,15,3,1,0,0,1,0,0,0,1,0,0
4770,pixel_transfer,1,1,1,1,0,2,0,15,2,1,0,1,1,0,0,0,1,0,0
4771,line_marker,0,1,0,1,1,2,2,15,2,1,0,0,1,0,0,0,1,0,0
4772,pixel_transfer,1,1,1,1,0,0,0,15,3,1,0,0,1,0,0,1,1,0,0
4773,pixel_transfer,1,1,1,1,0,1,0,15,2,1,0,1,1,0,0,1,1,0,0
4774,pixel_transfer,1,1,1,1,0,1,0,15,2,1,0,0,1,0,0,0,1,0,0
4775,pixel_transfer,1,1,1,1,0,1,0,15,3,1,0,0,1,0,0,0,1,0,0
4776,pixel_transfer,1,1,1,1,0,1,0,15,2,1,0,1,1,0,0,0,1,0,0
4777,pixel_transfer,1,1,1,1,0,1,0,15,2,1,0,0,1,0,0,0,1,0,0
4778,pixel_transfer,1,1,1,1,0,1,0,15,3,1,0,0,1,0,0,0,1,0,0
4779,pixel_transfer,1,1,1,1,0,1,0,15,2,1,0,1,1,0,0,0,1,0,0
4780,pixel_transfer,1,1,1,1,0,1,0,15,2,1,0,0,1,0,0,0,1,0,0
4781,pixel_transfer,1,1,1,1,0,1,0,15,2,1,0,0,1,0,0,0,1,0,0
4782,pixel_transfer,1,1,1,1,0,1,0,15,3,1,0,0,1,0,0,0,1,0,0
4783,pixel_transfer,1,1,1,1,0,1,0,15,3,1,0,1,1,0,0,0,1,0,0
4784,pixel_transfer,1,1,1,1,0,1,0,15,2,1,0,1,1,0,0,1,1,0,0
4785,pixel_transfer,1,1,1,1,0,1,0,15,2,1,0,0,1,0,0,1,1,0,0
4786,pixel_transfer,1,1,1,1,0,1,0,15,3,1,0,0,1,0,0,0,1,0,0
4787,pixel_transfer,1,1,1,1,0,1,0,15,3,1,0,1,1,0,0,0,1,0,0
4788,pixel_transfer,1,1,1,1,0,1,0,15,2,1,0,1,1,0,0,0,1,0,0
4789,pixel_transfer,1,1,1,1,0,1,0,15,2,1,0,0,1,0,0,0,1,0,0
4790,pixel_transfer,1,1,1,1,0,1,0,15,3,1,0,0,1,0,0,0,1,0,0
4791,pixel_transfer,1,1,1,1,0,1,0,15,2,1,0,1,1,0,0,0,1,0,0
4792,pixel_transfer,1,1,1,1,0,1,0,15,2,1,0,0,1,0,0,0,1,0,0
4793,pixel_transfer,1,1,1,1,0,1,0,15,3,1,0,0,1,0,0,1,1,0,0
4794,pixel_transfer,1,1,1,1,0,1,0,15,2,1,0,1,1,0,0,1,1,0,0
4795,pixel_transfer,1,1,1,1,0,1,0,15,2,1,0,0,1,0,0,0,1,0,0
4796,pixel_transfer,1,1,1,1,0,1,1,15,2,1,0,0,1,0,0,0,1,0,0
4797,pixel_transfer,1,1,1,1,0,2,0,15,2,1,0,0,1,0,0,0,1,0,0
4798,pixel_transfer,1,1,1,1,0,2,0,15,2,1,0,0,1,0,0,0,1,0,0
4799,pixel_transfer,1,1,1,1,0,2,0,15,2,1,0,0,1,0,0,0,1,0,0
4800,pixel_transfer,1,1,1,1,0,2,0,15,2,1,0,0,1,0,0,0,1,0,0
4801,pixel_transfer,1,1,1,1,0,2,0,15,2,1,0,0,1,0,0,0,1,0,0
4802,pixel_transfer,1,1,1,1,0,2,0,15,2,1,0,0,1,0,0,0,1,0,0
4803,pixel_transfer,1,1,1,1,0,2,0,15,2,1,0,0,1,0,0,0,1,0,0
4804,pixel_transfer,1,1,1,1,0,2,0,15,2,1,0,0,1,0,0,0,1,0,0
4805,pixel_transfer,1,1,1,1,0,2,0,15,2,1,0,0,1,0,0,0,1,0,0
4806,pixel_transfer,1,1,1,1,0,2,0,15,2,1,0,0,1,0,0,0,1,0,0
4807,pixel_transfer,1,1,1,1,0,2,0,15,2,1,0,0,1,0,0,0,1,0,0
4808,pixel_transfer,1,1,1,1,0,2,0,15,3,1,0,0,1,0,0,0,1,0,0
4809,pixel_transfer,1,1,1,1,0,2,0,15,3,1,0,1,1,0,0,0,1,0,0
4810,pixel_transfer,1,1,1,1,0,2,0,15,2,1,0,1,1,0,0,0,1,0,0
4811,pixel_transfer,1,1,1,1,0,2,0,15,2,1,0,0,1,0,0,0,1,0,0
4812,pixel_transfer,1,1,1,1,0,2,0,15,2,1,0,0,1,0,0,0,1,0,0
4813,pixel_transfer,1,1,1,1,0,2,0,15,3,1,0,0,1,0,0,0,1,0,0
4814,pixel_transfer,1,1,1,1,0,2,0,15,3,1,0,1,1,0,0,0,1,0,0
4815,pixel_transfer,1,1,1,1,0,2,0,15,2,1,0,1,1,0,0,1,1,0,0
4816,pixel_transfer,1,1,1,1,0,2,0,15,2,1,0,0,1,0,0,1,1,0,0
4817,pixel_transfer,1,1,1,1,0,2,0,15,3,1,0,0,1,0,0,0,1,0,0
4818,pixel_transfer,1,1,1,1,0,2,0,15,2,1,0,1,1,0,0,0,1,0,0
4819,pixel_transfer,1,1,1,1,0,2,0,15,2,1,0,0,1,0,0,0,1,0,0
4820,line_marker,0,1,0,1,1,2,2,15,3,1,0,0,1,0,0,0,1,0,0
4821,pixel_transfer,1,1,1,1,0,0,0,15,2,1,0,1,1,0,0,0,1,0,0
4822,pixel_transfer,1,1,1,1,0,1,0,15,2,1,0,0,1,0,0,0,1,0,0
4823,pixel_transfer,1,1,1,1,0,1,0,15,3,1,0,0,1,0,0,0,1,0,0
4824,pixel_transfer,1,1,1,1,0,1,0,15,3,1,0,1,1,0,0,0,1,0,0
4825,pixel_transfer,1,1,1,1,0,1,0,15,2,1,0,1,1,0,0,0,1,0,0
4826,pixel_transfer,1,1,1,1,0,1,0,15,2,1,0,0,1,0,0,1,1,0,0
4827,pixel_transfer,1,1,1,1,0,1,0,15,3,1,0,0,1,0,0,1,1,0,0
4828,pixel_transfer,1,1,1,1,0,1,0,15,3,1,0,1,1,0,0,0,1,0,0
4829,pixel_transfer,1,1,1,1,0,1,0,15,2,1,0,1,1,0,0,0,1,0,0
4830,pixel_transfer,1,1,1,1,0,1,0,15,2,1,0,0,1,0,0,0,1,0,0
4831,pixel_transfer,1,1,1,1,0,1,0,15,2,1,0,0,1,0,0,0,1,0,0
4832,pixel_transfer,1,1,1,1,0,1,0,15,3,1,0,0,1,0,0,0,1,0,0
4833,pixel_transfer,1,1,1,1,0,1,0,15,2,1,0,1,1,0,0,0,1,0,0
4834,pixel_transfer,1,1,1,1,0,1,0,15,2,1,0,0,1,0,0,1,1,0,0
4835,pixel_transfer,1,1,1,1,0,1,0,15,3,1,0,0,1,0,0,1,1,0,0
4836,pixel_transfer,1,1,1,1,0,1,0,15,2,1,0,1,1,0,0,0,1,0,0
4837,pixel_transfer,1,1,1,1,0,1,0,15,2,1,0,0,1,0,0,0,1,0,0
4838,pixel_transfer,1,1,1,1,0,1,0,15,3,1,0,0,1,0,0,0,1,0,0
4839,pixel_transfer,1,1,1,1,0,1,0,15,3,1,0,1,1,0,0,0,1,0,0
4840,pixel_transfer,1,1,1,1,0,1,0,15,3,1,0,1,1,0,0,0,1,0,0
4841,pixel_transfer,1,1,1,1,0,1,0,15,2,1,0,1,1,0,0,0,1,0,0
4842,pixel_transfer,1,1,1,1,0,1,0,15,2,1,0,0,1,0,0,0,1,0,0
4843,pixel_transfer,1,1,1,1,0,1,0,15,3,1,0,0,1,0,0,0,1,0,0
4844,pixel_transfer,1,1,1,1,0,1,0,15,2,1,0,1,1,0,0,0,1,0,0
4845,pixel_transfer,1,1,1,1,0,1,1,15,2,1,0,0,1,0,0,1,1,0,0
4846,pixel_transfer,1,1,1,1,0,2,0,15,3,1,0,0,1,0,0,1,1,0,0
4847,pixel_transfer,1,1,1,1,0,2,0,15,3,1,0,1,1,0,0,0,1,0,0
4848,pixel_transfer,1,1,1,1,0,2,0,15,2,1,0,1,1,0,0,0,1,0,0
4849,pixel_transfer,1,1,1,1,0,2,0,15,2,1,0,0,1,0,0,0,1,0,0
4850,pixel_transfer,1,1,1,1,0,2,0,15,3,1,0,0,1,0,0,0,1,0,0
4851,pixel_transfer,1,1,1,1,0,2,0,15,2,1,0,1,1,0,0,0,1,0,0
4852,pixel_transfer,1,1,1,1,0,2,0,15,2,1,0,0,1,0,0,0,1,0,0
4853,pixel_transfer,1,1,1,1,0,2,0,15,3,1,0,0,1,0,0,1,1,0,0
4854,pixel_transfer,1,1,1,1,0,2,0,15,3,1,0,1,1,0,0,1,1,0,0
4855,pixel_transfer,1,1,1,1,0,2,0,15,2,1,0,1,1,0,0,0,1,0,0
4856,pixel_transfer,1,1,1,1,0,2,0,15,2,1,0,0,1,0,0,0,1,0,0
4857,pixel_transfer,1,1,1,1,0,2,0,15,2,1,0,0,1,0,0,0,1,0,0
4858,pixel_transfer,1,1,1,1,0,2,0,15,2,1,0,0,1,0,0,0,1,0,0
4859,pixel_transfer,1,1,1,1,0,2,0,15,2,1,0,0,1,0,0,0,1,0,0
4860,pixel_transfer,1,1,1,1,0,2,0,15,2,1,0,0,1,0,0,0,1,0,0
4861,pixel_transfer,1,1,1,1,0,2,0,15,2,1,0,0,1,0,0,0,1,0,0
4862,pixel_transfer,1,1,1,1,0,2,0,15,3,1,0,0,1,0,0,0,1,0,0
4863,pixel_transfer,1,1,1,1,0,2,0,15,2,1,0,1,1,0,0,0,1,0,0
4864,pixel_transfer,1,1,1,1,0,2,0,15,2,1,0,0,1,0,0,0,1,0,0
4865,pixel_transfer,1,1,1,1,0,2,0,15,3,1,0,0,1,0,0,0,1,0,0
4866,pixel_transfer,1,1,1,1,0,2,0,15,2,1,0,1,1,0,0,0,1,0,0
4867,pixel_transfer,1,1,1,1,0,2,0,15,2,1,0,0,1,0,0,0,1,0,0
4868,pixel_transfer,1,1,1,1,0,2,0,15,3,1,0,0,1,0,0,1,1,0,0
4869,line_marker,0,1,0,1,1,2,2,15,2,1,0,1,1,0,0,1,1,0,0
4870,pixel_transfer,1,1,1,1,0,0,0,15,2,1,0,0,1,0,0,0,1,0,0
4871,pixel_transfer,1,1,1,1,0,1,0,15,3,1,0,0,1,0,0,0,1,0,0
4872,pixel_transfer,1,1,1,1,0,1,0,15,2,1,0,1,1,0,0,0,1,0,0
4873,pixel_transfer,1,1,1,1,0,1,0,15,2,1,0,0,1,0,0,0,1,0,0
4874,pixel_transfer,1,1,1,1,0,1,0,15,3,1,0,0,1,0,0,0,1,0,0
4875,pixel_transfer,1,1,1,1,0,1,0,15,2,1,0,1,1,0,0,0,1,0,0
4876,pixel_transfer,1,1,1,1,0,1,0,15,2,1,0,0,1,0,0,0,1,0,0
4877,pixel_transfer,1,1,1,1,0,1,0,15,3,1,0,0,1,0,0,0,1,0,0
4878,pixel_transfer,1,1,1,1,0,1,0,15,3,1,0,1,1,0,0,0,1,0,0
4879,pixel_transfer,1,1,1,1,0,1,0,15,2,1,0,1,1,0,0,0,1,0,0
4880,pixel_transfer,1,1,1,1,0,1,0,15,2,1,0,0,1,0,0,1,1,0,0
4881,pixel_transfer,1,1,1,1,0,1,0,15,3,1,0,0,1,0,0,1,1,0,0
4882,pixel_transfer,1,1,1,1,0,1,0,15,3,1,0,1,1,0,0,0,1,0,0
4883,pixel_transfer,1,1,1,1,0,1,0,15,2,1,0,1,1,0,0,0,1,0,0
4884,pixel_transfer,1,1,1,1,0,1,0,15,2,1,0,0,1,0,0,0,1,0,0
4885,pixel_transfer,1,1,1,1,0,1,0,15,2,1,0,0,1,0,0,0,1,0,0
4886,pixel_transfer,1,1,1,1,0,1,0,15,2,1,0,0,1,0,0,0,1,0,0
4887,pixel_transfer,1,1,1,1,0,1,0,15,2,1,0,0,1,0,0,0,1,0,0
4888,pixel_transfer,1,1,1,1,0,1,0,15,2,1,0,0,1,0,0,1,1,0,0
4889,pixel_transfer,1,1,1,1,0,1,0,15,3,1,0,0,1,0,0,1,1,0,0
4890,pixel_transfer,1,1,1,1,0,1,0,15,2,1,0,1,1,0,0,0,1,0,0
4891,pixel_transfer,1,1,1,1,0,1,0,15,2,1,0,0,1,0,0,0,1,0,0
4892,pixel_transfer,1,1,1,1,0,1,0,15,3,1,0,0,1,0,0,0,1,0,0
4893,pixel_transfer,1,1,1,1,0,1,0,15,3,1,0,1,1,0,0,0,1,0,0
4894,pixel_transfer,1,1,1,1,0,1,1,15,2,1,0,1,1,0,0,0,1,0,0
4895,pixel_transfer,1,1,1,1,0,2,0,15,2,1,0,0,1,0,0,0,1,0,0
4896,pixel_transfer,1,1,1,1,0,2,0,15,2,1,0,0,1,0,0,0,1,0,0
4897,pixel_transfer,1,1,1,1,0,2,0,15,2,1,0,0,1,0,0,0,1,0,0
4898,pixel_transfer,1,1,1,1,0,2,0,15,2,1,0,0,1,0,0,0,1,0,0
4899,pixel_transfer,1,1,1,1,0,2,0,15,2,1,0,0,1,0,0,0,1,0,0
4900,pixel_transfer,1,1,1,1,0,2,0,15,2,1,0,0,1,0,0,0,1,0,0
4901,pixel_transfer,1,1,1,1,0,2,0,15,2,1,0,0,1,0,0,0,1,0,0
4902,pixel_transfer,1,1,1,1,0,2,0,15,2,1,0,0,1,0,0,0,1,0,0
4903,pixel_transfer,1,1,1,1,0,2,0,15,2,1,0,0,1,0,0,0,1,0,0
4904,pixel_transfer,1,1,1,1,0,2,0,15,2,1,0,0,1,0,0,0,1,0,0
4905,pixel_transfer,1,1,1,1,0,2,0,15,2,1,0,0,1,0,0,0,1,0,0
4906,pixel_transfer,1,1,1,1,0,2,0,15,2,1,0,0,1,0,0,0,1,0,0
4907,pixel_transfer,1,1,1,1,0,2,0,15,2,1,0,0,1,0,0,0,1,0,0
4908,pixel_transfer,1,1,1,1,0,2,0,15,2,1,0,0,1,0,0,0,1,0,0
4909,pixel_transfer,1,1,1,1,0,2,0,15,2,1,0,0,1,0,0,0,1,0,0
4910,pixel_transfer,1,1,1,1,0,2,0,15,2,1,0,0,1,0,0,0,1,0,0
4911,pixel_transfer,1,1,1,1,0,2,0,15,2,1,0,0,1,0,0,0,1,0,0
4912,pixel_transfer,1,1,1,1,0,2,0,15,2,1,0,0,1,0,0,0,1,0,0
4913,pixel_transfer,1,1,1,1,0,2,0,15,2,1,0,0,1,0,0,0,1,0,0
4914,pixel_transfer,1,1,1,1,0,2,0,15,2,1,0,0,1,0,0,0,1,0,0
4915,pixel_transfer,1,1,1,1,0,2,0,15,2,1,0,0,1,0,0,0,1,0,0
4916,pixel_transfer,1,1,1,1,0,2,0,15,3,1,0,0,1,0,0,0,1,0,0
4917,pixel_transfer,1,1,1,1,0,2,0,15,2,1,0,1,1,0,0,0,1,0,0
4918,line_marker,0,1,0,1,1,2,2,15,2,1,0,0,1,0,0,0,1,0,0
4919,pixel_transfer,1,1,1,1,0,0,0,15,3,1,0,0,1,0,0,0,1,0,0
4920,pixel_transfer,1,1,1,1,0,1,0,15,3,1,0,1,1,0,0,0,1,0,0
4921,pixel_transfer,1,1,1,1,0,1,0,15,2,1,0,1,1,0,0,0,1,0,0
4922,pixel_transfer,1,1,1,1,0,1,0,15,2,1,0,0,1,0,0,1,1,0,0
4923,pixel_transfer,1,1,1,1,0,1,0,15,2,1,0,0,1,0,0,1,1,0,0
4924,pixel_transfer,1,1,1,1,0,1,0,15,2,1,0,0,1,0,0,0,1,0,0
4925,pixel_transfer,1,1,1,1,0,1,0,15,3,1,0,0,1,0,0,0,1,0,0
4926,pixel_transfer,1,1,1,1,0,1,0,15,2,1,0,1,1,0,0,0,1,0,0
4927,pixel_transfer,1,1,1,1,0,1,0,15,2,1,0,0,1,0,0,0,1,0,0
4928,pixel_transfer,1,1,1,1,0,1,0,15,3,1,0,0,1,0,0,0,1,0,0
4929,pixel_transfer,1,1,1,1,0,1,0,15,2,1,0,1,1,0,0,0,1,0,0
4930,pixel_transfer,1,1,1,1,0,1,0,15,2,1,0,0,1,0,0,0,1,0,0
4931,pixel_transfer,1,1,1,1,0,1,0,15,3,1,0,0,1,0,0,0,1,0,0
4932,pixel_transfer,1,1,1,1,0,1,0,15,2,1,0,1,1,0,0,0,1,0,0
4933,pixel_transfer,1,1,1,1,0,1,0,15,2,1,0,0,1,0,0,0,1,0,0
4934,pixel_transfer,1,1,1,1,0,1,0,15,3,1,0,0,1,0,0,1,1,0,0
4935,pixel_transfer,1,1,1,1,0,1,0,15,2,1,0,1,1,0,0,1,1,0,0
4936,pixel_transfer,1,1,1,1,0,1,0,15,2,1,0,0,1,0,0,0,1,0,0
4937,pixel_transfer,1,1,1,1,0,1,0,15,3,1,0,0,1,0,0,0,1,0,0
4938,pixel_transfer,1,1,1,1,0,1,0,15,3,1,0,1,1,0,0,0,1,0,0
4939,pixel_transfer,1,1,1,1,0,1,0,15,2,1,0,1,1,0,0,0,1,0,0
4940,pixel_transfer,1,1,1,1,0,1,0,15,2,1,0,0,1,0,0,0,1,0,0
4941,pixel_transfer,1,1,1,1,0,1,0,15,3,1,0,0,1,0,0,0,1,0,0
4942,pixel_transfer,1,1,1,1,0,1,0,15,3,1,0,1,1,0,0,0,1,0,0
4943,pixel_transfer,1,1,1,1,0,1,1,15,2,1,0,1,1,0,0,0,1,0,0
4944,pixel_transfer,1,1,1,1,0,2,0,15,2,1,0,0,1,0,0,1,1,0,0
4945,pixel_transfer,1,1,1,1,0,2,0,15,3,1,0,0,1,0,0,1,1,0,0
4946,pixel_transfer,1,1,1,1,0,2,0,15,3,1,0,1,1,0,0,0,1,0,0
4947,pixel_transfer,1,1,1,1,0,2,0,15,2,1,0,1,1,0,0,0,1,0,0
4948,pixel_transfer,1,1,1,1,0,2,0,15,2,1,0,0,1,0,0,0,1,0,0
4949,pixel_transfer,1,1,1,1,0,2,0,15,3,1,0,0,1,0,0,0,1,0,0
4950,pixel_transfer,1,1,1,1,0,2,0,15,2,1,0,1,1,0,0,0,1,0,0
4951,pixel_transfer,1,1,1,1,0,2,0,15,2,1,0,0,1,0,0,0,1,0,0
4952,pixel_transfer,1,1,1,1,0,2,0,15,3,1,0,0,1,0,0,1,1,0,0
4953,pixel_transfer,1,1,1,1,0,2,0,15,3,1,0,1,1,0,0,1,1,0,0
4954,pixel_transfer,1,1,1,1,0,2,0,15,2,1,0,1,1,0,0,0,1,0,0
4955,pixel_transfer,1,1,1,1,0,2,0,15,2,1,0,0,1,0,0,0,1,0,0
4956,pixel_transfer,1,1,1,1,0,2,0,15,3,1,0,0,1,0,0,0,1,0,0
4957,pixel_transfer,1,1,1,1,0,2,0,15,2,1,0,1,1,0,0,0,1,0,0
4958,pixel_transfer,1,1,1,1,0,2,0,15,2,1,0,0,1,0,0,0,1,0,0
4959,pixel_transfer,1,1,1,1,0,2,0,15,2,1,0,0,1,0,0,0,1,0,0
4960,pixel_transfer,1,1,1,1,0,2,0,15,3,1,0,0,1,0,0,0,1,0,0
4961,pixel_transfer,1,1,1,1,0,2,0,15,3,1,0,1,1,0,0,0,1,0,0
4962,pixel_transfer,1,1,1,1,0,2,0,15,2,1,0,1,1,0,0,1,1,0,0
4963,pixel_transfer,1,1,1,1,0,2,0,15,2,1,0,0,1,0,0,1,1,0,0
4964,pixel_transfer,1,1,1,1,0,2,0,15,2,1,0,0,1,0,0,0,1,0,0
4965,pixel_transfer,1,1,1,1,0,2,0,15,3,1,0,0,1,0,0,0,1,0,0
4966,pixel_transfer,1,1,1,1,0,2,0,15,2,1,0,1,1,0,0,0,1,0,0
4967,line_marker,0,1,0,1,1,2,2,15,2,1,0,0,1,0,0,0,1,0,0
4968,pixel_transfer,1,1,1,1,0,0,0,15,3,1,0,0,1,0,0,0,1,0,0
4969,pixel_transfer,1,1,1,1,0,1,0,15,2,1,0,1,1,0,0,0,1,0,0
4970,pixel_transfer,1,1,1,1,0,1,0,15,2,1,0,0,1,0,0,0,1,0,0
4971,pixel_transfer,1,1,1,1,0,1,0,15,3,1,0,0,1,0,0,0,1,0,0
4972,pixel_transfer,1,1,1,1,0,1,0,15,2,1,0,1,1,0,0,0,1,0,0
4973,pixel_transfer,1,1,1,1,0,1,0,15,2,1,0,0,1,0,0,0,1,0,0
4974,pixel_transfer,1,1,1,1,0,1,0,15,2,1,0,0,1,0,0,1,1,0,0
4975,pixel_transfer,1,1,1,1,0,1,0,15,2,1,0,0,1,0,0,1,1,0,0
4976,pixel_transfer,1,1,1,1,0,1,0,15,2,1,0,0,1,0,0,0,1,0,0
4977,pixel_transfer,1,1,1,1,0,1,0,15,2,1,0,0,1,0,0,0,1,0,0
4978,pixel_transfer,1,1,1,1,0,1,0,15,2,1,0,0,1,0,0,0,1,0,0
4979,pixel_transfer,1,1,1,1,0,1,0,15,2,1,0,0,1,0,0,0,1,0,0
4980,pixel_transfer,1,1,1,1,0,1,0,15,3,1,0,0,1,0,0,0,1,0,0
4981,pixel_transfer,1,1,1,1,0,1,0,15,3,1,0,1,1,0,0,0,1,0,0
4982,pixel_transfer,1,1,1,1,0,1,0,15,2,1,0,1,1,0,0,0,1,0,0
4983,pixel_transfer,1,1,1,1,0,1,0,15,2,1,0,0,1,0,0,0,1,0,0
4984,pixel_transfer,1,1,1,1,0,1,0,15,3,1,0,0,1,0,0,0,1,0,0
4985,pixel_transfer,1,1,1,1,0,1,0,15,2,1,0,1,1,0,0,0,1,0,0
4986,pixel_transfer,1,1,1,1,0,1,0,15,2,1,0,0,1,0,0,0,1,0,0
4987,pixel_transfer,1,1,1,1,0,1,0,15,3,1,0,0,1,0,0,0,1,0,0
4988,pixel_transfer,1,1,1,1,0,1,0,15,3,1,0,1,1,0,0,0,1,0,0
4989,pixel_transfer,1,1,1,1,0,1,0,15,2,1,0,1,1,0,0,0,1,0,0
4990,pixel_transfer,1,1,1,1,0,1,0,15,2,1,0,0,1,0,0,1,1,0,0
4991,pixel_transfer,1,1,1,1,0,1,0,15,2,1,0,0,1,0,0,1,1,0,0
4992,pixel_transfer,1,1,1,1,0,1,1,15,3,1,0,0,1,0,0,0,1,0,0
4993,pixel_transfer,1,1,1,1,0,2,0,15,2,1,0,1,1,0,0,0,1,0,0
4994,pixel_transfer,1,1,1,1,0,2,0,15,2,1,0,0,1,0,0,0,1,0,0
4995,pixel_transfer,1,1,1,1,0,2,0,15,2,1,0,0,1,0,0,0,1,0,0
4996,pixel_transfer,1,1,1,1,0,2,0,15,2,1,0,0,1,0,0,0,1,0,0
4997,pixel_transfer,1,1,1,1,0,2,0,15,2,1,0,0,1,0,0,0,1,0,0
4998,pixel_transfer,1,1,1,1,0,2,0,15,2,1,0,0,1,0,0,0,1,0,0
4999,pixel_transfer,1,1,1,1,0,2,0,15,2,1,0,0,1,0,0,0,1,0,0
5000,pixel_transfer,1,1,1,1,0,2,0,15,2,1,0,0,1,0,0,0,1,0,0
5001,pixel_transfer,1,1,1,1,0,2,0,15,2,1,0,0,1,0,0,0,1,0,0
5002,pixel_transfer,1,1,1,1,0,2,0,15,2,1,0,0,1,0,0,0,1,0,0
5003,pixel_transfer,1,1,1,1,0,2,0,15,3,1,0,0,1,0,0,0,1,0,0
5004,pixel_transfer,1,1,1,1,0,2,0,15,2,1,0,1,1,0,0,0,1,0,0
5005,pixel_transfer,1,1,1,1,0,2,0,15,2,1,0,0,1,0,0,0,1,0,0
5006,pixel_transfer,1,1,1,1,0,2,0,15,3,1,0,0,1,0,0,0,1,0,0
5007,pixel_transfer,1,1,1,1,0,2,0,15,3,1,0,1,1,0,0,0,1,0,0
5008,pixel_transfer,1,1,1,1,0,2,0,15,2,1,0,1,1,0,0,0,1,0,0
5009,pixel_transfer,1,1,1,1,0,2,0,15,2,1,0,0,1,0,0,1,1,0,0
5010,pixel_transfer,1,1,1,1,0,2,0,15,2,1,0,0,1,0,0,1,1,0,0
5011,pixel_transfer,1,1,1,1,0,2,0,15,3,1,0,0,1,0,0,0,1,0,0
5012,pixel_transfer,1,1,1,1,0,2,0,15,2,1,0,1,1,0,0,0,1,0,0
5013,pixel_transfer,1,1,1,1,0,2,0,15,2,1,0,0,1,0,0,0,1,0,0
5014,pixel_transfer,1,1,1,1,0,2,0,15,3,1,0,0,1,0,0,0,1,0,0
5015,pixel_transfer,1,1,1,1,0,2,0,15,2,1,0,1,1,0,0,0,1,0,0
5016,line_marker,0,1,0,1,1,2,2,15,2,1,0,0,1,0,0,0,1,0,0
5017,pixel_transfer,1,1,1,1,0,0,0,15,3,1,0,0,1,0,0,0,1,0,0
5018,pixel_transfer,1,1,1,1,0,1,0,15,2,1,0,1,1,0,0,0,1,0,0
5019,pixel_transfer,1,1,1,1,0,1,0,15,2,1,0,0,1,0,0,0,1,0,0
5020,pixel_transfer,1,1,1,1,0,1,0,15,3,1,0,0,1,0,0,1,1,0,0
5021,pixel_transfer,1,1,1,1,0,1,0,15,2,1,0,1,1,0,0,1,1,0,0
5022,pixel_transfer,1,1,1,1,0,1,0,15,2,1,0,0,1,0,0,0,1,0,0
5023,pixel_transfer,1,1,1,1,0,1,0,15,3,1,0,0,1,0,0,0,1,0,0
5024,pixel_transfer,1,1,1,1,0,1,0,15,3,1,0,1,1,0,0,0,1,0,0
5025,pixel_transfer,1,1,1,1,0,1,0,15,2,1,0,1,1,0,0,0,1,0,0
5026,pixel_transfer,1,1,1,1,0,1,0,15,2,1,0,0,1,0,0,0,1,0,0
5027,pixel_transfer,1,1,1,1,0,1,0,15,2,1,0,0,1,0,0,0,1,0,0
5028,pixel_transfer,1,1,1,1,0,1,0,15,3,1,0,0,1,0,0,0,1,0,0
5029,pixel_transfer,1,1,1,1,0,1,0,15,3,1,0,1,1,0,0,0,1,0,0
5030,pixel_transfer,1,1,1,1,0,1,0,15,2,1,0,1,1,0,0,1,1,0,0
5031,pixel_transfer,1,1,1,1,0,1,0,15,2,1,0,0,1,0,0,1,1,0,0
5032,pixel_transfer,1,1,1,1,0,1,0,15,3,1,0,0,1,0,0,0,1,0,0
5033,pixel_transfer,1,1,1,1,0,1,0,15,3,1,0,1,1,0,0,0,1,0,0
5034,pixel_transfer,1,1,1,1,0,1,0,15,2,1,0,1,1,0,0,0,1,0,0
5035,pixel_transfer,1,1,1,1,0,1,0,15,2,1,0,0,1,0,0,0,1,0,0
5036,pixel_transfer,1,1,1,1,0,1,0,15,3,1,0,0,1,0,0,0,1,0,0
5037,pixel_transfer,1,1,1,1,0,1,0,15,2,1,0,1,1,0,0,0,1,0,0
5038,pixel_transfer,1,1,1,1,0,1,0,15,2,1,0,0,1,0,0,0,1,0,0
5039,pixel_transfer,1,1,1,1,0,1,0,15,3,1,0,0,1,0,0,1,1,0,0
5040,pixel_transfer,1,1,1,1,0,1,0,15,2,1,0,1,1,0,0,1,1,0,0
5041,pixel_transfer,1,1,1,1,0,1,1,15,2,1,0,0,1,0,0,0,1,0,0
5042,pixel_transfer,1,1,1,1,0,2,0,15,2,1,0,0,1,0,0,0,1,0,0
5043,pixel_transfer,1,1,1,1,0,2,0,15,2,1,0,0,1,0,0,0,1,0,0
5044,pixel_transfer,1,1,1,1,0,2,0,15,3,1,0,0,1,0,0,0,1,0,0
5045,pixel_transfer,1,1,1,1,0,2,0,15,3,1,0,1,1,0,0,0,1,0,0
5046,pixel_transfer,1,1,1,1,0,2,0,15,2,1,0,1,1,0,0,0,1,0,0
5047,pixel_transfer,1,1,1,1,0,2,0,15,2,1,0,0,1,0,0,0,1,0,0
5048,pixel_transfer,1,1,1,1,0,2,0,15,2,1,0,0,1,0,0,0,1,0,0
5049,pixel_transfer,1,1,1,1,0,2,0,15,3,1,0,0,1,0,0,0,1,0,0
5050,pixel_transfer,1,1,1,1,0,2,0,15,2,1,0,1,1,0,0,0,1,0,0
5051,pixel_transfer,1,1,1,1,0,2,0,15,2,1,0,0,1,0,0,1,1,0,0
5052,pixel_transfer,1,1,1,1,0,2,0,15,3,1,0,0,1,0,0,1,1,0,0
5053,pixel_transfer,1,1,1,1,0,2,0,15,2,1,0,1,1,0,0,0,1,0,0
5054,pixel_transfer,1,1,1,1,0,2,0,15,2,1,0,0,1,0,0,0,1,0,0
5055,pixel_transfer,1,1,1,1,0,2,0,15,3,1,0,0,1,0,0,0,1,0,0
5056,pixel_transfer,1,1,1,1,0,2,0,15,2,1,0,1,1,0,0,0,1,0,0
5057,pixel_transfer,1,1,1,1,0,2,0,15,2,1,0,0,1,0,0,0,1,0,0
5058,pixel_transfer,1,1,1,1,0,2,0,15,2,1,0,0,1,0,0,0,1,0,0
5059,pixel_transfer,1,1,1,1,0,2,0,15,2,1,0,0,1,0,0,0,1,0,0
5060,pixel_transfer,1,1,1,1,0,2,0,15,2,1,0,0,1,0,0,0,1,0,0
5061,pixel_transfer,1,1,1,1,0,2,0,15,2,1,0,0,1,0,0,0,1,0,0
5062,pixel_transfer,1,1,1,1,0,2,0,15,2,1,0,0,1,0,0,0,1,0,0
5063,pixel_transfer,1,1,1,1,0,2,0,15,3,1,0,0,1,0,0,0,1,0,0
5064,pixel_transfer,1,1,1,1,0,2,0,15,3,1,0,1,1,0,0,0,1,0,0
5065,line_marker,0,1,0,1,1,2,2,15,2,1,0,1,1,0,0,0,1,0,0
5066,pixel_transfer,1,1,1,1,0,0,0,15,2,1,0,0,1,0,0,0,1,0,0
5067,pixel_transfer,1,1,1,1,0,1,0,15,3,1,0,0,1,0,0,0,1,0,0
5068,pixel_transfer,1,1,1,1,0,1,0,15,2,1,0,1,1,0,0,0,1,0,0
5069,pixel_transfer,1,1,1,1,0,1,0,15,2,1,0,0,1,0,0,1,1,0,0
5070,pixel_transfer,1,1,1,1,0,1,0,15,3,1,0,0,1,0,0,1,1,0,0
5071,pixel_transfer,1,1,1,1,0,1,0,15,2,1,0,1,1,0,0,0,1,0,0
5072,pixel_transfer,1,1,1,1,0,1,0,15,2,1,0,0,1,0,0,0,1,0,0
5073,pixel_transfer,1,1,1,1,0,1,0,15,3,1,0,0,1,0,0,0,1,0,0
5074,pixel_transfer,1,1,1,1,0,1,0,15,2,1,0,1,1,0,0,0,1,0,0
5075,pixel_transfer,1,1,1,1,0,1,0,15,2,1,0,0,1,0,0,0,1,0,0
5076,pixel_transfer,1,1,1,1,0,1,0,15,2,1,0,0,1,0,0,0,1,0,0
5077,pixel_transfer,1,1,1,1,0,1,0,15,2,1,0,0,1,0,0,0,1,0,0
5078,pixel_transfer,1,1,1,1,0,1,0,15,2,1,0,0,1,0,0,0,1,0,0
5079,pixel_transfer,1,1,1,1,0,1,0,15,2,1,0,0,1,0,0,1,1,0,0
5080,pixel_transfer,1,1,1,1,0,1,0,15,2,1,0,0,1,0,0,1,1,0,0
5081,pixel_transfer,1,1,1,1,0,1,0,15,2,1,0,0,1,0,0,0,1,0,0
5082,pixel_transfer,1,1,1,1,0,1,0,15,2,1,0,0,1,0,0,0,1,0,0
5083,pixel_transfer,1,1,1,1,0,1,0,15,2,1,0,0,1,0,0,0,1,0,0
5084,pixel_transfer,1,1,1,1,0,1,0,15,2,1,0,0,1,0,0,0,1,0,0
5085,pixel_transfer,1,1,1,1,0,1,0,15,2,1,0,0,1,0,0,0,1,0,0
5086,pixel_transfer,1,1,1,1,0,1,0,15,2,1,0,0,1,0,0,0,1,0,0
5087,pixel_transfer,1,1,1,1,0,1,0,15,2,1,0,0,1,0,0,0,1,0,0
5088,pixel_transfer,1,1,1,1,0,1,0,15,3,1,0,0,1,0,0,0,1,0,0
5089,pixel_transfer,1,1,1,1,0,1,0,15,3,1,0,1,1,0,0,0,1,0,0
5090,pixel_transfer,1,1,1,1,0,1,1,15,2,1,0,1,1,0,0,0,1,0,0
5091,pixel_transfer,1,1,1,1,0,2,0,15,2,1,0,0,1,0,0,0,1,0,0
5092,pixel_transfer,1,1,1,1,0,2,0,15,3,1,0,0,1,0,0,0,1,0,0
5093,pixel_transfer,1,1,1,1,0,2,0,15,3,1,0,1,1,0,0,0,1,0,0
5094,pixel_transfer,1,1,1,1,0,2,0,15,2,1,0,1,1,0,0,0,1,0,0
5095,pixel_transfer,1,1,1,1,0,2,0,15,2,1,0,0,1,0,0,0,1,0,0
5096,pixel_transfer,1,1,1,1,0,2,0,15,3,1,0,0,1,0,0,0,1,0,0
5097,pixel_transfer,1,1,1,1,0,2,0,15,2,1,0,1,1,0,0,0,1,0,0
5098,pixel_transfer,1,1,1,1,0,2,0,15,2,1,0,0,1,0,0,0,1,0,0
5099,pixel_transfer,1,1,1,1,0,2,0,15,3,1,0,0,1,0,0,1,1,0,0
5100,pixel_transfer,1,1,1,1,0,2,0,15,3,1,0,1,1,0,0,1,1,0,0
5101,pixel_transfer,1,1,1,1,0,2,0,15,2,1,0,1,1,0,0,0,1,0,0
5102,pixel_transfer,1,1,1,1,0,2,0,15,2,1,0,0,1,0,0,0,1,0,0
5103,pixel_transfer,1,1,1,1,0,2,0,15,2,1,0,0,1,0,0,0,1,0,0
5104,pixel_transfer,1,1,1,1,0,2,0,15,2,1,0,0,1,0,0,0,1,0,0
5105,pixel_transfer,1,1,1,1,0,2,0,15,2,1,0,0,1,0,0,0,1,0,0
5106,pixel_transfer,1,1,1,1,0,2,0,15,2,1,0,0,1,0,0,0,1,0,0
5107,pixel_transfer,1,1,1,1,0,2,0,15,2,1,0,0,1,0,0,0,1,0,0
5108,pixel_transfer,1,1,1,1,0,2,0,15,3,1,0,0,1,0,0,0,1,0,0
5109,pixel_transfer,1,1,1,1,0,2,0,15,2,1,0,1,1,0,0,0,1,0,0
5110,pixel_transfer,1,1,1,1,0,2,0,15,2,1,0,0,1,0,0,0,1,0,0
5111,pixel_transfer,1,1,1,1,0,2,0,15,3,1,0,0,1,0,0,0,1,0,0
5112,pixel_transfer,1,1,1,1,0,2,0,15,3,1,0,1,1,0,0,0,1,0,0
5113,pixel_transfer,1,1,1,1,0,2,0,15,2,1,0,1,1,0,0,0,1,0,0
5114,line_marker,0,1,0,1,1,2,2,15,2,1,0,0,1,0,0,1,1,0,0
5115,pixel_transfer,1,1,1,1,0,0,0,15,3,1,0,0,1,0,0,1,1,0,0
5116,pixel_transfer,1,1,1,1,0,1,0,15,2,1,0,1,1,0,0,0,1,0,0
5117,pixel_transfer,1,1,1,1,0,1,0,15,2,1,0,0,1,0,0,0,1,0,0
5118,pixel_transfer,1,1,1,1,0,1,0,15,3,1,0,0,1,0,0,0,1,0,0
5119,pixel_transfer,1,1,1,1,0,1,0,15,2,1,0,1,1,0,0,0,1,0,0
5120,pixel_transfer,1,1,1,1,0,1,0,15,2,1,0,0,1,0,0,0,1,0,0
5121,pixel_transfer,1,1,1,1,0,1,0,15,3,1,0,0,1,0,0,0,1,0,0
5122,pixel_transfer,1,1,1,1,0,1,0,15,2,1,0,1,1,0,0,0,1,0,0
5123,pixel_transfer,1,1,1,1,0,1,0,15,2,1,0,0,1,0,0,0,1,0,0
5124,pixel_transfer,1,1,1,1,0,1,0,15,3,1,0,0,1,0,0,1,1,0,0
5125,pixel_transfer,1,1,1,1,0,1,0,15,3,1,0,1,1,0,0,1,1,0,0
5126,pixel_transfer,1,1,1,1,0,1,0,15,2,1,0,1,1,0,0,0,1,0,0
5127,pixel_transfer,1,1,1,1,0,1,0,15,2,1,0,0,1,0,0,0,1,0,0
5128,pixel_transfer,1,1,1,1,0,1,0,15,3,1,0,0,1,0,0,0,1,0,0
5129,pixel_transfer,1,1,1,1,0,1,0,15,2,1,0,1,1,0,0,0,1,0,0
5130,pixel_transfer,1,1,1,1,0,1,0,15,2,1,0,0,1,0,0,0,1,0,0
5131,pixel_transfer,1,1,1,1,0,1,0,15,3,1,0,0,1,0,0,0,1,0,0
5132,pixel_transfer,1,1,1,1,0,1,0,15,3,1,0,1,1,0,0,0,1,0,0
5133,pixel_transfer,1,1,1,1,0,1,0,15,2,1,0,1,1,0,0,0,1,0,0
5134,pixel_transfer,1,1,1,1,0,1,0,15,2,1,0,0,1,0,0,1,1,0,0
5135,pixel_transfer,1,1,1,1,0,1,0,15,3,1,0,0,1,0,0,1,1,0,0
5136,pixel_transfer,1,1,1,1,0,1,0,15,3,1,0,1,1,0,0,0,1,0,0
5137,pixel_transfer,1,1,1,1,0,1,0,15,2,1,0,1,1,0,0,0,1,0,0
5138,pixel_transfer,1,1,1,1,0,1,0,15,2,1,0,0,1,0,0,0,1,0,0
5139,pixel_transfer,1,1,1,1,0,1,1,15,3,1,0,0,1,0,0,0,1,0,0
5140,pixel_transfer,1,1,1,1,0,2,0,15,2,1,0,1,1,0,0,0,1,0,0
5141,pixel_transfer,1,1,1,1,0,2,0,15,2,1,0,0,1,0,0,0,1,0,0
5142,pixel_transfer,1,1,1,1,0,2,0,15,3,1,0,0,1,0,0,1,1,0,0
5143,pixel_transfer,1,1,1,1,0,2,0,15,3,1,0,1,1,0,0,1,1,0,0
5144,pixel_transfer,1,1,1,1,0,2,0,15,2,1,0,1,1,0,0,0,1,0,0
5145,pixel_transfer,1,1,1,1,0,2,0,15,2,1,0,0,1,0,0,0,1,0,0
5146,pixel_transfer,1,1,1,1,0,2,0,15,2,1,0,0,1,0,0,0,1,0,0
5147,pixel_transfer,1,1,1,1,0,2,0,15,3,1,0,0,1,0,0,0,1,0,0
5148,pixel_transfer,1,1,1,1,0,2,0,15,3,1,0,1,1,0,0,0,1,0,0
5149,pixel_transfer,1,1,1,1,0,2,0,15,2,1,0,1,1,0,0,0,1,0,0
5150,pixel_transfer,1,1,1,1,0,2,0,15,2,1,0,0,1,0,0,0,1,0,0
5151,pixel_transfer,1,1,1,1,0,2,0,15,2,1,0,0,1,0,0,0,1,0,0
5152,pixel_transfer,1,1,1,1,0,2,0,15,2,1,0,0,1,0,0,0,1,0,0
5153,pixel_transfer,1,1,1,1,0,2,0,15,2,1,0,0,1,0,0,1,1,0,0
5154,pixel_transfer,1,1,1,1,0,2,0,15,2,1,0,0,1,0,0,1,1,0,0
5155,pixel_transfer,1,1,1,1,0,2,0,15,2,1,0,0,1,0,0,0,1,0,0
5156,pixel_transfer,1,1,1,1,0,2,0,15,2,1,0,0,1,0,0,0,1,0,0
5157,pixel_transfer,1,1,1,1,0,2,0,15,3,1,0,0,1,0,0,0,1,0,0
5158,pixel_transfer,1,1,1,1,0,2,0,15,2,1,0,1,1,0,0,0,1,0,0
5159,pixel_transfer,1,1,1,1,0,2,0,15,2,1,0,0,1,0,0,0,1,0,0
5160,pixel_transfer,1,1,1,1,0,2,0,15,3,1,0,0,1,0,0,0,1,0,0
5161,pixel_transfer,1,1,1,1,0,2,0,15,3,1,0,1,1,0,0,0,1,0,0
5162,pixel_transfer,1,1,1,1,0,2,0,15,2,1,0,1,1,0,0,0,1,0,0
5163,line_marker,0,1,0,1,1,2,2,15,2,1,0,0,1,0,0,0,1,0,0
5164,pixel_transfer,1,1,1,1,0,0,0,15,3,1,0,0,1,0,0,0,1,0,0
5165,pixel_transfer,1,1,1,1,0,1,0,15,2,1,0,1,1,0,0,0,1,0,0
5166,pixel_transfer,1,1,1,1,0,1,0,15,2,1,0,0,1,0,0,0,1,0,0
5167,pixel_transfer,1,1,1,1,0,1,0,15,3,1,0,0,1,0,0,1,1,0,0
5168,pixel_transfer,1,1,1,1,0,1,0,15,2,1,0,1,1,0,0,1,1,0,0
5169,pixel_transfer,1,1,1,1,0,1,0,15,2,1,0,0,1,0,0,0,1,0,0
5170,pixel_transfer,1,1,1,1,0,1,0,15,3,1,0,0,1,0,0,0,1,0,0
5171,pixel_transfer,1,1,1,1,0,1,0,15,2,1,0,1,1,0,0,0,1,0,0
5172,pixel_transfer,1,1,1,1,0,1,0,15,2,1,0,0,1,0,0,0,1,0,0
5173,pixel_transfer,1,1,1,1,0,1,0,15,3,1,0,0,1,0,0,0,1,0,0
5174,pixel_transfer,1,1,1,1,0,1,0,15,3,1,0,1,1,0,0,0,1,0,0
5175,pixel_transfer,1,1,1,1,0,1,0,15,2,1,0,1,1,0,0,0,1,0,0
5176,pixel_transfer,1,1,1,1,0,1,0,15,2,1,0,0,1,0,0,0,1,0,0
5177,pixel_transfer,1,1,1,1,0,1,0,15,3,1,0,0,1,0,0,0,1,0,0
5178,pixel_transfer,1,1,1,1,0,1,0,15,2,1,0,1,1,0,0,0,1,0,0
5179,pixel_transfer,1,1,1,1,0,1,0,15,2,1,0,0,1,0,0,1,1,0,0
5180,pixel_transfer,1,1,1,1,0,1,0,15,3,1,0,0,1,0,0,1,1,0,0
5181,pixel_transfer,1,1,1,1,0,1,0,15,2,1,0,1,1,0,0,0,1,0,0
5182,pixel_transfer,1,1,1,1,0,1,0,15,2,1,0,0,1,0,0,0,1,0,0
5183,pixel_transfer,1,1,1,1,0,1,0,15,3,1,0,0,1,0,0,0,1,0,0
5184,pixel_transfer,1,1,1,1,0,1,0,15,3,1,0,1,1,0,0,0,1,0,0
5185,pixel_transfer,1,1,1,1,0,1,0,15,2,1,0,1,1,0,0,0,1,0,0
5186,pixel_transfer,1,1,1,1,0,1,0,15,2,1,0,0,1,0,0,0,1,0,0
5187,pixel_transfer,1,1,1,1,0,1,0,15,2,1,0,0,1,0,0,0,1,0,0
5188,pixel_transfer,1,1,1,1,0,1,1,15,2,1,0,0,1,0,0,0,1,0,0
5189,pixel_transfer,1,1,1,1,0,2,0,15,2,1,0,0,1,0,0,1,1,0,0
5190,pixel_transfer,1,1,1,1,0,2,0,15,2,1,0,0,1,0,0,1,1,0,0
5191,pixel_transfer,1,1,1,1,0,2,0,15,3,1,0,0,1,0,0,0,1,0,0
5192,pixel_transfer,1,1,1,1,0,2,0,15,2,1,0,1,1,0,0,0,1,0,0
5193,pixel_transfer,1,1,1,1,0,2,0,15,2,1,0,0,1,0,0,0,1,0,0
5194,pixel_transfer,1,1,1,1,0,2,0,15,3,1,0,0,1,0,0,0,1,0,0
5195,pixel_transfer,1,1,1,1,0,2,0,15,3,1,0,1,1,0,0,0,1,0,0
5196,pixel_transfer,1,1,1,1,0,2,0,15,2,1,0,1,1,0,0,0,1,0,0
5197,pixel_transfer,1,1,1,1,0,2,0,15,2,1,0,0,1,0,0,0,1,0,0
5198,pixel_transfer,1,1,1,1,0,2,0,15,2,1,0,0,1,0,0,0,1,0,0
5199,pixel_transfer,1,1,1,1,0,2,0,15,2,1,0,0,1,0,0,0,1,0,0
5200,pixel_transfer,1,1,1,1,0,2,0,15,2,1,0,0,1,0,0,0,1,0,0
5201,pixel_transfer,1,1,1,1,0,2,0,15,2,1,0,0,1,0,0,1,1,0,0
5202,pixel_transfer,1,1,1,1,0,2,0,15,3,1,0,0,1,0,0,1,1,0,0
5203,pixel_transfer,1,1,1,1,0,2,0,15,3,1,0,1,1,0,0,0,1,0,0
5204,pixel_transfer,1,1,1,1,0,2,0,15,2,1,0,1,1,0,0,0,1,0,0
5205,pixel_transfer,1,1,1,1,0,2,0,15,2,1,0,0,1,0,0,0,1,0,0
5206,pixel_transfer,1,1,1,1,0,2,0,15,2,1,0,0,1,0,0,0,1,0,0
5207,pixel_transfer,1,1,1,1,0,2,0,15,3,1,0,0,1,0,0,0,1,0,0
5208,pixel_transfer,1,1,1,1,0,2,0,15,2,1,0,1,1,0,0,0,1,0,0
5209,pixel_transfer,1,1,1,1,0,2,0,15,2,1,0,0,1,0,0,0,1,0,0
5210,pixel_transfer,1,1,1,1,0,2,0,15,3,1,0,0,1,0,0,0,1,0,0
5211,pixel_transfer,1,1,1,1,0,2,0,15,2,1,0,1,1,0,0,0,1,0,0
5212,line_marker,0,1,0,1,1,2,2,15,2,1,0,0,1,0,0,0,1,0,0
5213,pixel_transfer,1,1,1,1,0,0,0,15,3,1,0,0,1,0,0,0,1,0,0
5214,pixel_transfer,1,1,1,1,0,1,0,15,2,1,0,1,1,0,0,0,1,0,0
5215,pixel_transfer,1,1,1,1,0,1,0,15,2,1,0,0,1,0,0,0,1,0,0
5216,pixel_transfer,1,1,1,1,0,1,0,15,3,1,0,0,1,0,0,1,1,0,0
5217,pixel_transfer,1,1,1,1,0,1,0,15,2,1,0,1,1,0,0,1,1,0,0
5218,pixel_transfer,1,1,1,1,0,1,0,15,2,1,0,0,1,0,0,0,1,0,0
5219,pixel_transfer,1,1,1,1,0,1,0,15,2,1,0,0,1,0,0,0,1,0,0
5220,pixel_transfer,1,1,1,1,0,1,0,15,2,1,0,0,1,0,0,0,1,0,0
5221,pixel_transfer,1,1,1,1,0,1,0,15,2,1,0,0,1,0,0,0,1,0,0
5222,pixel_transfer,1,1,1,1,0,1,0,15,2,1,0,0,1,0,0,0,1,0,0
5223,pixel_transfer,1,1,1,1,0,1,0,15,2,1,0,0,1,0,0,0,1,0,0
5224,pixel_transfer,1,1,1,1,0,1,0,15,2,1,0,0,1,0,0,0,1,0,0
5225,pixel_transfer,1,1,1,1,0,1,0,15,2,1,0,0,1,0,0,0,1,0,0
5226,pixel_transfer,1,1,1,1,0,1,0,15,2,1,0,0,1,0,0,0,1,0,0
5227,pixel_transfer,1,1,1,1,0,1,0,15,2,1,0,0,1,0,0,0,1,0,0
5228,pixel_transfer,1,1,1,1,0,1,0,15,2,1,0,0,1,0,0,0,1,0,0
5229,pixel_transfer,1,1,1,1,0,1,0,15,2,1,0,0,1,0,0,0,1,0,0
5230,pixel_transfer,1,1,1,1,0,1,0,15,2,1,0,0,1,0,0,0,1,0,0
5231,pixel_transfer,1,1,1,1,0,1,0,15,2,1,0,0,1,0,0,0,1,0,0
5232,pixel_transfer,1,1,1,1,0,1,0,15,2,1,0,0,1,0,0,0,1,0,0
5233,pixel_transfer,1,1,1,1,0,1,0,15,2,1,0,0,1,0,0,0,1,0,0
5234,pixel_transfer,1,1,1,1,0,1,0,15,2,1,0,0,1,0,0,0,1,0,0
5235,pixel_transfer,1,1,1,1,0,1,0,15,2,1,0,0,1,0,0,0,1,0,0
5236,pixel_transfer,1,1,1,1,0,1,0,15,2,1,0,0,1,0,0,0,1,0,0
5237,pixel_transfer,1,1,1,1,0,1,1,15,2,1,0,0,1,0,0,0,1,0,0
5238,pixel_transfer,1,1,1,1,0,2,0,15,2,1,0,0,1,0,0,0,1,0,0
5239,pixel_transfer,1,1,1,1,0,2,0,15,2,1,0,0,1,0,0,0,1,0,0
5240,pixel_transfer,1,1,1,1,0,2,0,15,3,1,0,0,1,0,0,0,1,0,0
5241,pixel_transfer,1,1,1,1,0,2,0,15,3,1,0,1,1,0,0,0,1,0,0
5242,pixel_transfer,1,1,1,1,0,2,0,15,2,1,0,1,1,0,0,0,1,0,0
5243,pixel_transfer,1,1,1,1,0,2,0,15,2,1,0,0,1,0,0,0,1,0,0
5244,pixel_transfer,1,1,1,1,0,2,0,15,3,1,0,0,1,0,0,0,1,0,0
5245,pixel_transfer,1,1,1,1,0,2,0,15,3,1,0,1,1,0,0,0,1,0,0
5246,pixel_transfer,1,1,1,1,0,2,0,15,2,1,0,1,1,0,0,0,1,0,0
5247,pixel_transfer,1,1,1,1,0,2,0,15,2,1,0,0,1,0,0,1,1,0,0
5248,pixel_transfer,1,1,1,1,0,2,0,15,3,1,0,0,1,0,0,1,1,0,0
5249,pixel_transfer,1,1,1,1,0,2,0,15,3,1,0,1,1,0,0,0,1,0,0
5250,pixel_transfer,1,1,1,1,0,2,0,15,2,1,0,1,1,0,0,0,1,0,0
5251,pixel_transfer,1,1,1,1,0,2,0,15,2,1,0,0,1,0,0,0,1,0,0
5252,pixel_transfer,1,1,1,1,0,2,0,15,3,1,0,0,1,0,0,0,1,0,0
5253,pixel_transfer,1,1,1,1,0,2,0,15,2,1,0,1,1,0,0,0,1,0,0
5254,pixel_transfer,1,1,1,1,0,2,0,15,2,1,0,0,1,0,0,0,1,0,0
5255,pixel_transfer,1,1,1,1,0,2,0,15,3,1,0,0,1,0,0,1,1,0,0
5256,pixel_transfer,1,1,1,1,0,2,0,15,3,1,0,1,1,0,0,1,1,0,0
5257,pixel_transfer,1,1,1,1,0,2,0,15,3,1,0,1,1,0,0,0,1,0,0
5258,pixel_transfer,1,1,1,1,0,2,0,15,2,1,0,1,1,0,0,0,1,0,0
5259,pixel_transfer,1,1,1,1,0,2,0,15,2,1,0,0,1,0,0,0,1,0,0
5260,pixel_transfer,1,1,1,1,0,2,0,15,3,1,0,0,1,0,0,0,1,0,0
5261,line_marker,0,1,0,1,1,2,2,15,2,1,0,1,1,0,0,0,1,0,0
5262,pixel_transfer,1,1,1,1,0,0,0,15,2,1,0,0,1,0,0,0,1,0,0
5263,pixel_transfer,1,1,1,1,0,1,0,15,3,1,0,0,1,0,0,1,1,0,0
5264,pixel_transfer,1,1,1,1,0,1,0,15,2,1,0,1,1,0,0,1,1,0,0
5265,pixel_transfer,1,1,1,1,0,1,0,15,2,1,0,0,1,0,0,0,1,0,0
5266,pixel_transfer,1,1,1,1,0,1,0,15,3,1,0,0,1,0,0,0,1,0,0
5267,pixel_transfer,1,1,1,1,0,1,0,15,2,1,0,1,1,0,0,0,1,0,0
5268,pixel_transfer,1,1,1,1,0,1,0,15,2,1,0,0,1,0,0,0,1,0,0
5269,pixel_transfer,1,1,1,1,0,1,0,15,3,1,0,0,1,0,0,0,1,0,0
5270,pixel_transfer,1,1,1,1,0,1,0,15,3,1,0,1,1,0,0,0,1,0,0
5271,pixel_transfer,1,1,1,1,0,1,0,15,2,1,0,1,1,0,0,0,1,0,0
5272,pixel_transfer,1,1,1,1,0,1,0,15,2,1,0,0,1,0,0,0,1,0,0
5273,pixel_transfer,1,1,1,1,0,1,0,15,3,1,0,0,1,0,0,0,1,0,0
5274,pixel_transfer,1,1,1,1,0,1,0,15,2,1,0,1,1,0,0,0,1,0,0
5275,pixel_transfer,1,1,1,1,0,1,0,15,2,1,0,0,1,0,0,1,1,0,0
5276,pixel_transfer,1,1,1,1,0,1,0,15,3,1,0,0,1,0,0,1,1,0,0
5277,pixel_transfer,1,1,1,1,0,1,0,15,2,1,0,1,1,0,0,0,1,0,0
5278,pixel_transfer,1,1,1,1,0,1,0,15,2,1,0,0,1,0,0,0,1,0,0
5279,pixel_transfer,1,1,1,1,0,1,0,15,3,1,0,0,1,0,0,0,1,0,0
5280,pixel_transfer,1,1,1,1,0,1,0,15,3,1,0,1,1,0,0,0,1,0,0
5281,pixel_transfer,1,1,1,1,0,1,0,15,2,1,0,1,1,0,0,0,1,0,0
5282,pixel_transfer,1,1,1,1,0,1,0,15,2,1,0,0,1,0,0,0,1,0,0
5283,pixel_transfer,1,1,1,1,0,1,0,15,3,1,0,0,1,0,0,0,1,0,0
5284,pixel_transfer,1,1,1,1,0,1,0,15,3,1,0,1,1,0,0,0,1,0,0
5285,pixel_transfer,1,1,1,1,0,1,0,15,2,1,0,1,1,0,0,1,1,0,0
5286,pixel_transfer,1,1,1,1,0,1,1,15,2,1,0,0,1,0,0,1,1,0,0
5287,pixel_transfer,1,1,1,1,0,2,0,15,2,1,0,0,1,0,0,0,1,0,0
5288,pixel_transfer,1,1,1,1,0,2,0,15,2,1,0,0,1,0,0,0,1,0,0
5289,pixel_transfer,1,1,1,1,0,2,0,15,3,1,0,0,1,0,0,0,1,0,0
5290,pixel_transfer,1,1,1,1,0,2,0,15,3,1,0,1,1,0,0,0,1,0,0
5291,pixel_transfer,1,1,1,1,0,2,0,15,2,1,0,1,1,0,0,0,1,0,0
5292,pixel_transfer,1,1,1,1,0,2,0,15,2,1,0,0,1,0,0,0,1,0,0
5293,pixel_transfer,1,1,1,1,0,2,0,15,3,1,0,0,1,0,0,0,1,0,0
5294,pixel_transfer,1,1,1,1,0,2,0,15,2,1,0,1,1,0,0,0,1,0,0
5295,pixel_transfer,1,1,1,1,0,2,0,15,2,1,0,0,1,0,0,1,1,0,0
5296,pixel_transfer,1,1,1,1,0,2,0,15,2,1,0,0,1,0,0,1,1,0,0
5297,pixel_transfer,1,1,1,1,0,2,0,15,3,1,0,0,1,0,0,0,1,0,0
5298,pixel_transfer,1,1,1,1,0,2,0,15,2,1,0,1,1,0,0,0,1,0,0
5299,pixel_transfer,1,1,1,1,0,2,0,15,2,1,0,0,1,0,0,0,1,0,0
5300,pixel_transfer,1,1,1,1,0,2,0,15,3,1,0,0,1,0,0,0,1,0,0
5301,pixel_transfer,1,1,1,1,0,2,0,15,2,1,0,1,1,0,0,0,1,0,0
5302,pixel_transfer,1,1,1,1,0,2,0,15,2,1,0,0,1,0,0,0,1,0,0
5303,pixel_transfer,1,1,1,1,0,2,0,15,3,1,0,0,1,0,0,0,1,0,0
5304,pixel_transfer,1,1,1,1,0,2,0,15,2,1,0,1,1,0,0,0,1,0,0
5305,pixel_transfer,1,1,1,1,0,2,0,15,2,1,0,0,1,0,0,0,1,0,0
5306,pixel_transfer,1,1,1,1,0,2,0,15,3,1,0,0,1,0,0,1,1,0,0
5307,pixel_transfer,1,1,1,1,0,2,0,15,2,1,0,1,1,0,0,1,1,0,0
5308,pixel_transfer,1,1,1,1,0,2,0,15,2,1,0,0,1,0,0,0,1,0,0
5309,pixel_transfer,1,1,1,1,0,2,0,15,3,1,0,0,1,0,0,0,1,0,0
5310,line_marker,0,1,0,1,1,2,2,15,3,1,0,1,1,0,0,0,1,0,0
5311,pixel_transfer,1,1,1,1,0,0,0,15,2,1,0,1,1,0,0,0,1,0,0
5312,pixel_transfer,1,1,1,1,0,1,0,15,2,1,0,0,1,0,0,0,1,0,0
5313,pixel_transfer,1,1,1,1,0,1,0,15,2,1,0,0,1,0,0,0,1,0,0
5314,pixel_transfer,1,1,1,1,0,1,0,15,2,1,0,0,1,0,0,0,1,0,0
5315,pixel_transfer,1,1,1,1,0,1,0,15,3,1,0,0,1,0,0,0,1,0,0
5316,pixel_transfer,1,1,1,1,0,1,0,15,3,1,0,1,1,0,0,1,1,0,0
5317,pixel_transfer,1,1,1,1,0,1,0,15,2,1,0,1,1,0,0,1,1,0,0
5318,pixel_transfer,1,1,1,1,0,1,0,15,2,1,0,0,1,0,0,0,1,0,0
5319,pixel_transfer,1,1,1,1,0,1,0,15,3,1,0,0,1,0,0,0,1,0,0
5320,pixel_transfer,1,1,1,1,0,1,0,15,3,1,0,1,1,0,0,0,1,0,0
5321,pixel_transfer,1,1,1,1,0,1,0,15,3,1,0,1,1,0,0,0,1,0,0
5322,pixel_transfer,1,1,1,1,0,1,0,15,2,1,0,1,1,0,0,0,1,0,0
5323,pixel_transfer,1,1,1,1,0,1,0,15,2,1,0,0,1,0,0,0,1,0,0
5324,pixel_transfer,1,1,1,1,0,1,0,15,2,1,0,0,1,0,0,0,1,0,0
5325,pixel_transfer,1,1,1,1,0,1,0,15,2,1,0,0,1,0,0,0,1,0,0
5326,pixel_transfer,1,1,1,1,0,1,0,15,2,1,0,0,1,0,0,1,1,0,0
5327,pixel_transfer,1,1,1,1,0,1,0,15,2,1,0,0,1,0,0,1,1,0,0
5328,pixel_transfer,1,1,1,1,0,1,0,15,2,1,0,0,1,0,0,0,1,0,0
5329,pixel_transfer,1,1,1,1,0,1,0,15,2,1,0,0,1,0,0,0,1,0,0
5330,pixel_transfer,1,1,1,1,0,1,0,15,2,1,0,0,1,0,0,0,1,0,0
5331,pixel_transfer,1,1,1,1,0,1,0,15,2,1,0,0,1,0,0,0,1,0,0
5332,pixel_transfer,1,1,1,1,0,1,0,15,2,1,0,0,1,0,0,0,1,0,0
5333,pixel_transfer,1,1,1,1,0,1,0,15,2,1,0,0,1,0,0,0,1,0,0
5334,pixel_transfer,1,1,1,1,0,1,0,15,2,1,0,0,1,0,0,0,1,0,0
5335,pixel_transfer,1,1,1,1,0,1,1,15,2,1,0,0,1,0,0,0,1,0,0
5336,pixel_transfer,1,1,1,1,0,2,0,15,2,1,0,0,1,0,0,0,1,0,0
5337,pixel_transfer,1,1,1,1,0,2,0,15,2,1,0,0,1,0,0,0,1,0,0
5338,pixel_transfer,1,1,1,1,0,2,0,15,2,1,0,0,1,0,0,0,1,0,0
5339,pixel_transfer,1,1,1,1,0,2,0,15,2,1,0,0,1,0,0,0,1,0,0
5340,pixel_transfer,1,1,1,1,0,2,0,15,2,1,0,0,1,0,0,0,1,0,0
5341,pixel_transfer,1,1,1,1,0,2,0,15,2,1,0,0,1,0,0,0,1,0,0
5342,pixel_transfer,1,1,1,1,0,2,0,15,2,1,0,0,1,0,0,0,1,0,0
5343,pixel_transfer,1,1,1,1,0,2,0,15,2,1,0,0,1,0,0,0,1,0,0
5344,pixel_transfer,1,1,1,1,0,2,0,15,2,1,0,0,1,0,0,0,1,0,0
5345,pixel_transfer,1,1,1,1,0,2,0,15,2,1,0,0,1,0,0,0,1,0,0
5346,pixel_transfer,1,1,1,1,0,2,0,15,2,1,0,0,1,0,0,0,1,0,0
5347,pixel_transfer,1,1,1,1,0,2,0,15,3,1,0,0,1,0,0,0,1,0,0
5348,pixel_transfer,1,1,1,1,0,2,0,15,3,1,0,1,1,0,0,0,1,0,0
5349,pixel_transfer,1,1,1,1,0,2,0,15,3,1,0,1,1,0,0,0,1,0,0
5350,pixel_transfer,1,1,1,1,0,2,0,15,2,1,0,1,1,0,0,0,1,0,0
5351,pixel_transfer,1,1,1,1,0,2,0,15,2,1,0,0,1,0,0,0,1,0,0
5352,pixel_transfer,1,1,1,1,0,2,0,15,2,1,0,0,1,0,0,0,1,0,0
5353,pixel_transfer,1,1,1,1,0,2,0,15,3,1,0,0,1,0,0,0,1,0,0
5354,pixel_transfer,1,1,1,1,0,2,0,15,2,1,0,1,1,0,0,0,1,0,0
5355,pixel_transfer,1,1,1,1,0,2,0,15,2,1,0,0,1,0,0,1,1,0,0
5356,pixel_transfer,1,1,1,1,0,2,0,15,3,1,0,0,1,0,0,1,1,0,0
5357,pixel_transfer,1,1,1,1,0,2,0,15,2,1,0,1,1,0,0,0,1,0,0
5358,pixel_transfer,1,1,1,1,0,2,0,15,2,1,0,0,1,0,0,0,1,0,0
5359,line_marker,0,1,0,1,1,2,2,15,3,1,0,0,1,0,0,0,1,0,0
5360,pixel_transfer,1,1,1,1,0,0,0,15,3,1,0,1,1,0,0,0,1,0,0
5361,pixel_transfer,1,1,1,1,0,1,0,15,2,1,0,1,1,0,0,0,1,0,0
5362,pixel_transfer,1,1,1,1,0,1,0,15,2,1,0,0,1,0,0,0,1,0,0
5363,pixel_transfer,1,1,1,1,0,1,0,15,3,1,0,0,1,0,0,0,1,0,0
5364,pixel_transfer,1,1,1,1,0,1,0,15,3,1,0,1,1,0,0,0,1,0,0
5365,pixel_transfer,1,1,1,1,0,1,0,15,2,1,0,1,1,0,0,0,1,0,0
5366,pixel_transfer,1,1,1,1,0,1,0,15,2,1,0,0,1,0,0,1,1,0,0
5367,pixel_transfer,1,1,1,1,0,1,0,15,2,1,0,0,1,0,0,1,1,0,0
5368,pixel_transfer,1,1,1,1,0,1,0,15,3,1,0,0,1,0,0,0,1,0,0
5369,pixel_transfer,1,1,1,1,0,1,0,15,3,1,0,1,1,0,0,0,1,0,0
5370,pixel_transfer,1,1,1,1,0,1,0,15,2,1,0,1,1,0,0,0,1,0,0
5371,pixel_transfer,1,1,1,1,0,1,0,15,2,1,0,0,1,0,0,0,1,0,0
5372,pixel_transfer,1,1,1,1,0,1,0,15,3,1,0,0,1,0,0,0,1,0,0
5373,pixel_transfer,1,1,1,1,0,1,0,15,2,1,0,1,1,0,0,0,1,0,0
5374,pixel_transfer,1,1,1,1,0,1,0,15,2,1,0,0,1,0,0,0,1,0,0
5375,pixel_transfer,1,1,1,1,0,1,0,15,3,1,0,0,1,0,0,1,1,0,0
5376,pixel_transfer,1,1,1,1,0,1,0,15,2,1,0,1,1,0,0,1,1,0,0
5377,pixel_transfer,1,1,1,1,0,1,0,15,2,1,0,0,1,0,0,0,1,0,0
5378,pixel_transfer,1,1,1,1,0,1,0,15,3,1,0,0,1,0,0,0,1,0,0
5379,pixel_transfer,1,1,1,1,0,1,0,15,3,1,0,1,1,0,0,0,1,0,0
5380,pixel_transfer,1,1,1,1,0,1,0,15,2,1,0,1,1,0,0,0,1,0,0
5381,pixel_transfer,1,1,1,1,0,1,0,15,2,1,0,0,1,0,0,0,1,0,0
5382,pixel_transfer,1,1,1,1,0,1,0,15,3,1,0,0,1,0,0,0,1,0,0
5383,pixel_transfer,1,1,1,1,0,1,0,15,3,1,0,1,1,0,0,0,1,0,0
5384,pixel_transfer,1,1,1,1,0,1,1,15,2,1,0,1,1,0,0,0,1,0,0
5385,pixel_transfer,1,1,1,1,0,2,0,15,2,1,0,0,1,0,0,1,1,0,0
5386,pixel_transfer,1,1,1,1,0,2,0,15,3,1,0,0,1,0,0,1,1,0,0
5387,pixel_transfer,1,1,1,1,0,2,0,15,2,1,0,1,1,0,0,0,1,0,0
5388,pixel_transfer,1,1,1,1,0,2,0,15,2,1,0,0,1,0,0,0,1,0,0
5389,pixel_transfer,1,1,1,1,0,2,0,15,3,1,0,0,1,0,0,0,1,0,0
5390,pixel_transfer,1,1,1,1,0,2,0,15,3,1,0,1,1,0,0,0,1,0,0
5391,pixel_transfer,1,1,1,1,0,2,0,15,2,1,0,1,1,0,0,0,1,0,0
5392,pixel_transfer,1,1,1,1,0,2,0,15,2,1,0,0,1,0,0,0,1,0,0
5393,pixel_transfer,1,1,1,1,0,2,0,15,3,1,0,0,1,0,0,0,1,0,0
5394,pixel_transfer,1,1,1,1,0,2,0,15,2,1,0,1,1,0,0,0,1,0,0
5395,pixel_transfer,1,1,1,1,0,2,0,15,2,1,0,0,1,0,0,1,1,0,0
5396,pixel_transfer,1,1,1,1,0,2,0,15,3,1,0,0,1,0,0,1,1,0,0
5397,pixel_transfer,1,1,1,1,0,2,0,15,2,1,0,1,1,0,0,0,1,0,0
5398,pixel_transfer,1,1,1,1,0,2,0,15,2,1,0,0,1,0,0,0,1,0,0
5399,pixel_transfer,1,1,1,1,0,2,0,15,2,1,0,0,1,0,0,0,1,0,0
5400,pixel_transfer,1,1,1,1,0,2,0,15,3,1,0,0,1,0,0,0,1,0,0
5401,pixel_transfer,1,1,1,1,0,2,0,15,2,1,0,1,1,0,0,0,1,0,0
5402,pixel_transfer,1,1,1,1,0,2,0,15,2,1,0,0,1,0,0,0,1,0,0
5403,pixel_transfer,1,1,1,1,0,2,0,15,3,1,0,0,1,0,0,0,1,0,0
5404,pixel_transfer,1,1,1,1,0,2,0,15,3,1,0,1,1,0,0,0,1,0,0
5405,pixel_transfer,1,1,1,1,0,2,0,15,2,1,0,1,1,0,0,0,1,0,0
5406,pixel_transfer,1,1,1,1,0,2,0,15,2,1,0,0,1,0,0,1,1,0,0
5407,pixel_transfer,1,1,1,1,0,2,0,15,3,1,0,0,1,0,0,1,1,0,0
5408,line_marker,0,1,0,1,1,2,2,15,2,1,0,1,1,0,0,0,1,0,0
5409,pixel_transfer,1,1,1,1,0,0,0,15,2,1,0,0,1,0,0,0,1,0,0
5410,pixel_transfer,1,1,1,1,0,1,0,15,3,1,0,0,1,0,0,0,1,0,0
5411,pixel_transfer,1,1,1,1,0,1,0,15,2,1,0,1,1,0,0,0,1,0,0
5412,pixel_transfer,1,1,1,1,0,1,0,15,2,1,0,0,1,0,0,0,1,0,0
5413,pixel_transfer,1,1,1,1,0,1,0,15,3,1,0,0,1,0,0,0,1,0,0
5414,pixel_transfer,1,1,1,1,0,1,0,15,3,1,0,1,1,0,0,0,1,0,0
5415,pixel_transfer,1,1,1,1,0,1,0,15,3,1,0,1,1,0,0,0,1,0,0
5416,pixel_transfer,1,1,1,1,0,1,0,15,2,1,0,1,1,0,0,1,1,0,0
5417,pixel_transfer,1,1,1,1,0,1,0,15,2,1,0,0,1,0,0,1,1,0,0
5418,pixel_transfer,1,1,1,1,0,1,0,15,3,1,0,0,1,0,0,0,1,0,0
5419,pixel_transfer,1,1,1,1,0,1,0,15,2,1,0,1,1,0,0,0,1,0,0
5420,pixel_transfer,1,1,1,1,0,1,0,15,2,1,0,0,1,0,0,0,1,0,0
5421,pixel_transfer,1,1,1,1,0,1,0,15,2,1,0,0,1,0,0,0,1,0,0
5422,pixel_transfer,1,1,1,1,0,1,0,15,2,1,0,0,1,0,0,0,1,0,0
5423,pixel_transfer,1,1,1,1,0,1,0,15,2,1,0,0,1,0,0,0,1,0,0
5424,pixel_transfer,1,1,1,1,0,1,0,15,2,1,0,0,1,0,0,1,1,0,0
5425,pixel_transfer,1,1,1,1,0,1,0,15,3,1,0,0,1,0,0,1,1,0,0
5426,pixel_transfer,1,1,1,1,0,1,0,15,2,1,0,1,1,0,0,0,1,0,0
5427,pixel_transfer,1,1,1,1,0,1,0,15,2,1,0,0,1,0,0,0,1,0,0
5428,pixel_transfer,1,1,1,1,0,1,0,15,2,1,0,0,1,0,0,0,1,0,0
5429,pixel_transfer,1,1,1,1,0,1,0,15,3,1,0,0,1,0,0,0,1,0,0
5430,pixel_transfer,1,1,1,1,0,1,0,15,3,1,0,1,1,0,0,0,1,0,0
5431,pixel_transfer,1,1,1,1,0,1,0,15,2,1,0,1,1,0,0,0,1,0,0
5432,pixel_transfer,1,1,1,1,0,1,0,15,2,1,0,0,1,0,0,0,1,0,0
5433,pixel_transfer,1,1,1,1,0,1,1,15,2,1,0,0,1,0,0,0,1,0,0
5434,pixel_transfer,1,1,1,1,0,2,0,15,3,1,0,0,1,0,0,0,1,0,0
5435,pixel_transfer,1,1,1,1,0,2,0,15,2,1,0,1,1,0,0,0,1,0,0
5436,pixel_transfer,1,1,1,1,0,2,0,15,2,1,0,0,1,0,0,0,1,0,0
5437,pixel_transfer,1,1,1,1,0,2,0,15,3,1,0,0,1,0,0,0,1,0,0
5438,pixel_transfer,1,1,1,1,0,2,0,15,2,1,0,1,1,0,0,0,1,0,0
5439,pixel_transfer,1,1,1,1,0,2,0,15,2,1,0,0,1,0,0,0,1,0,0
5440,pixel_transfer,1,1,1,1,0,2,0,15,3,1,0,0,1,0,0,1,1,0,0
5441,pixel_transfer,1,1,1,1,0,2,0,15,3,1,0,1,1,0,0,1,1,0,0
5442,pixel_transfer,1,1,1,1,0,2,0,15,2,1,0,1,1,0,0,0,1,0,0
5443,pixel_transfer,1,1,1,1,0,2,0,15,2,1,0,0,1,0,0,0,1,0,0
5444,pixel_transfer,1,1,1,1,0,2,0,15,3,1,0,0,1,0,0,0,1,0,0
5445,pixel_transfer,1,1,1,1,0,2,0,15,2,1,0,1,1,0,0,0,1,0,0
5446,pixel_transfer,1,1,1,1,0,2,0,15,2,1,0,0,1,0,0,0,1,0,0
5447,pixel_transfer,1,1,1,1,0,2,0,15,3,1,0,0,1,0,0,0,1,0,0
5448,pixel_transfer,1,1,1,1,0,2,0,15,2,1,0,1,1,0,0,0,1,0,0
5449,pixel_transfer,1,1,1,1,0,2,0,15,2,1,0,0,1,0,0,0,1,0,0
5450,pixel_transfer,1,1,1,1,0,2,0,15,3,1,0,0,1,0,0,1,1,0,0
5451,pixel_transfer,1,1,1,1,0,2,0,15,3,1,0,1,1,0,0,1,1,0,0
5452,pixel_transfer,1,1,1,1,0,2,0,15,2,1,0,1,1,0,0,0,1,0,0
5453,pixel_transfer,1,1,1,1,0,2,0,15,2,1,0,0,1,0,0,0,1,0,0
5454,pixel_transfer,1,1,1,1,0,2,0,15,3,1,0,0,1,0,0,0,1,0,0
5455,pixel_transfer,1,1,1,1,0,2,0,15,2,1,0,1,1,0,0,0,1,0,0
5456,pixel_transfer,1,1,1,1,0,2,0,15,2,1,0,0,1,0,0,0,1,0,0
5457,line_marker,0,1,0,1,1,2,2,15,3,1,0,0,1,0,0,0,1,0,0
5458,pixel_transfer,1,1,1,1,0,0,0,15,3,1,0,1,1,0,0,0,1,0,0
5459,pixel_transfer,1,1,1,1,0,1,0,15,2,1,0,1,1,0,0,0,1,0,0
5460,pixel_transfer,1,1,1,1,0,1,0,15,2,1,0,0,1,0,0,1,1,0,0
5461,pixel_transfer,1,1,1,1,0,1,0,15,3,1,0,0,1,0,0,1,1,0,0
5462,pixel_transfer,1,1,1,1,0,1,0,15,3,1,0,1,1,0,0,0,1,0,0
5463,pixel_transfer,1,1,1,1,0,1,0,15,3,1,0,1,1,0,0,0,1,0,0
5464,pixel_transfer,1,1,1,1,0,1,0,15,2,1,0,1,1,0,0,0,1,0,0
5465,pixel_transfer,1,1,1,1,0,1,0,15,2,1,0,0,1,0,0,0,1,0,0
5466,pixel_transfer,1,1,1,1,0,1,0,15,2,1,0,0,1,0,0,0,1,0,0
5467,pixel_transfer,1,1,1,1,0,1,0,15,2,1,0,0,1,0,0,0,1,0,0
5468,pixel_transfer,1,1,1,1,0,1,0,15,2,1,0,0,1,0,0,1,1,0,0
5469,pixel_transfer,1,1,1,1,0,1,0,15,2,1,0,0,1,0,0,1,1,0,0
5470,pixel_transfer,1,1,1,1,0,1,0,15,2,1,0,0,1,0,0,0,1,0,0
5471,pixel_transfer,1,1,1,1,0,1,0,15,2,1,0,0,1,0,0,0,1,0,0
5472,pixel_transfer,1,1,1,1,0,1,0,15,2,1,0,0,1,0,0,0,1,0,0
5473,pixel_transfer,1,1,1,1,0,1,0,15,2,1,0,0,1,0,0,0,1,0,0
5474,pixel_transfer,1,1,1,1,0,1,0,15,2,1,0,0,1,0,0,0,1,0,0
5475,pixel_transfer,1,1,1,1,0,1,0,15,2,1,0,0,1,0,0,0,1,0,0
5476,pixel_transfer,1,1,1,1,0,1,0,15,2,1,0,0,1,0,0,0,1,0,0
5477,pixel_transfer,1,1,1,1,0,1,0,15,2,1,0,0,1,0,0,0,1,0,0
5478,pixel_transfer,1,1,1,1,0,1,0,15,2,1,0,0,1,0,0,0,1,0,0
5479,pixel_transfer,1,1,1,1,0,1,0,15,2,1,0,0,1,0,0,0,1,0,0
5480,pixel_transfer,1,1,1,1,0,1,0,15,2,1,0,0,1,0,0,0,1,0,0
5481,pixel_transfer,1,1,1,1,0,1,0,15,2,1,0,0,1,0,0,0,1,0,0
5482,pixel_transfer,1,1,1,1,0,1,1,15,3,1,0,0,1,0,0,0,1,0,0
5483,pixel_transfer,1,1,1,1,0,2,0,15,2,1,0,1,1,0,0,0,1,0,0
5484,pixel_transfer,1,1,1,1,0,2,0,15,2,1,0,0,1,0,0,0,1,0,0
5485,pixel_transfer,1,1,1,1,0,2,0,15,3,1,0,0,1,0,0,0,1,0,0
5486,pixel_transfer,1,1,1,1,0,2,0,15,3,1,0,1,1,0,0,0,1,0,0
5487,pixel_transfer,1,1,1,1,0,2,0,15,2,1,0,1,1,0,0,0,1,0,0
5488,pixel_transfer,1,1,1,1,0,2,0,15,2,1,0,0,1,0,0,0,1,0,0
5489,pixel_transfer,1,1,1,1,0,2,0,15,3,1,0,0,1,0,0,0,1,0,0
5490,pixel_transfer,1,1,1,1,0,2,0,15,2,1,0,1,1,0,0,0,1,0,0
5491,pixel_transfer,1,1,1,1,0,2,0,15,2,1,0,0,1,0,0,0,1,0,0
5492,pixel_transfer,1,1,1,1,0,2,0,15,3,1,0,0,1,0,0,1,1,0,0
5493,pixel_transfer,1,1,1,1,0,2,0,15,3,1,0,1,1,0,0,1,1,0,0
5494,pixel_transfer,1,1,1,1,0,2,0,15,2,1,0,1,1,0,0,0,1,0,0
5495,pixel_transfer,1,1,1,1,0,2,0,15,2,1,0,0,1,0,0,0,1,0,0
5496,pixel_transfer,1,1,1,1,0,2,0,15,3,1,0,0,1,0,0,0,1,0,0
5497,pixel_transfer,1,1,1,1,0,2,0,15,3,1,0,1,1,0,0,0,1,0,0
5498,pixel_transfer,1,1,1,1,0,2,0,15,2,1,0,1,1,0,0,0,1,0,0
5499,pixel_transfer,1,1,1,1,0,2,0,15,2,1,0,0,1,0,0,0,1,0,0
5500,pixel_transfer,1,1,1,1,0,2,0,15,3,1,0,0,1,0,0,0,1,0,0
5501,pixel_transfer,1,1,1,1,0,2,0,15,2,1,0,1,1,0,0,0,1,0,0
5502,pixel_transfer,1,1,1,1,0,2,0,15,2,1,0,0,1,0,0,1,1,0,0
5503,pixel_transfer,1,1,1,1,0,2,0,15,3,1,0,0,1,0,0,1,1,0,0
5504,pixel_transfer,1,1,1,1,0,2,0,15,3,1,0,1,1,0,0,0,1,0,0
5505,pixel_transfer,1,1,1,1,0,2,0,15,2,1,0,1,1,0,0,0,1,0,0
5506,line_marker,0,1,0,1,1,2,2,15,2,1,0,0,1,0,0,0,1,0,0
5507,pixel_transfer,1,1,1,1,0,0,0,15,3,1,0,0,1,0,0,0,1,0,0
5508,pixel_transfer,1,1,1,1,0,1,0,15,2,1,0,1,1,0,0,0,1,0,0
5509,pixel_transfer,1,1,1,1,0,1,0,15,2,1,0,0,1,0,0,0,1,0,0
5510,pixel_transfer,1,1,1,1,0,1,0,15,3,1,0,0,1,0,0,1,1,0,0
5511,pixel_transfer,1,1,1,1,0,1,0,15,2,1,0,1,1,0,0,1,1,0,0
5512,pixel_transfer,1,1,1,1,0,1,0,15,2,1,0,0,1,0,0,0,1,0,0
5513,pixel_transfer,1,1,1,1,0,1,0,15,3,1,0,0,1,0,0,0,1,0,0
5514,pixel_transfer,1,1,1,1,0,1,0,15,3,1,0,1,1,0,0,0,1,0,0
5515,pixel_transfer,1,1,1,1,0,1,0,15,2,1,0,1,1,0,0,0,1,0,0
5516,pixel_transfer,1,1,1,1,0,1,0,15,2,1,0,0,1,0,0,0,1,0,0
5517,pixel_transfer,1,1,1,1,0,1,0,15,3,1,0,0,1,0,0,0,1,0,0
5518,pixel_transfer,1,1,1,1,0,1,0,15,3,1,0,1,1,0,0,0,1,0,0
5519,pixel_transfer,1,1,1,1,0,1,0,15,3,1,0,1,1,0,0,0,1,0,0
5520,pixel_transfer,1,1,1,1,0,1,0,15,2,1,0,1,1,0,0,1,1,0,0
5521,pixel_transfer,1,1,1,1,0,1,0,15,2,1,0,0,1,0,0,1,1,0,0
5522,pixel_transfer,1,1,1,1,0,1,0,15,2,1,0,0,1,0,0,0,1,0,0
5523,pixel_transfer,1,1,1,1,0,1,0,15,3,1,0,0,1,0,0,0,1,0,0
5524,pixel_transfer,1,1,1,1,0,1,0,15,2,1,0,1,1,0,0,0,1,0,0
5525,pixel_transfer,1,1,1,1,0,1,0,15,2,1,0,0,1,0,0,0,1,0,0
5526,pixel_transfer,1,1,1,1,0,1,0,15,3,1,0,0,1,0,0,0,1,0,0
5527,pixel_transfer,1,1,1,1,0,1,0,15,2,1,0,1,1,0,0,0,1,0,0
5528,pixel_transfer,1,1,1,1,0,1,0,15,2,1,0,0,1,0,0,0,1,0,0
5529,pixel_transfer,1,1,1,1,0,1,0,15,2,1,0,0,1,0,0,1,1,0,0
5530,pixel_transfer,1,1,1,1,0,1,0,15,2,1,0,0,1,0,0,1,1,0,0
5531,pixel_transfer,1,1,1,1,0,1,1,15,2,1,0,0,1,0,0,0,1,0,0
5532,pixel_transfer,1,1,1,1,0,2,0,15,2,1,0,0,1,0,0,0,1,0,0
5533,pixel_transfer,1,1,1,1,0,2,0,15,3,1,0,0,1,0,0,0,1,0,0
5534,pixel_transfer,1,1,1,1,0,2,0,15,2,1,0,1,1,0,0,0,1,0,0
5535,pixel_transfer,1,1,1,1,0,2,0,15,2,1,0,0,1,0,0,0,1,0,0
5536,pixel_transfer,1,1,1,1,0,2,0,15,3,1,0,0,1,0,0,0,1,0,0
5537,pixel_transfer,1,1,1,1,0,2,0,15,2,1,0,1,1,0,0,0,1,0,0
5538,pixel_transfer,1,1,1,1,0,2,0,15,2,1,0,0,1,0,0,0,1,0,0
5539,pixel_transfer,1,1,1,1,0,2,0,15,3,1,0,0,1,0,0,0,1,0,0
5540,pixel_transfer,1,1,1,1,0,2,0,15,2,1,0,1,1,0,0,0,1,0,0
5541,pixel_transfer,1,1,1,1,0,2,0,15,2,1,0,0,1,0,0,0,1,0,0
5542,pixel_transfer,1,1,1,1,0,2,0,15,3,1,0,0,1,0,0,0,1,0,0
5543,pixel_transfer,1,1,1,1,0,2,0,15,2,1,0,1,1,0,0,0,1,0,0
5544,pixel_transfer,1,1,1,1,0,2,0,15,2,1,0,0,1,0,0,0,1,0,0
5545,pixel_transfer,1,1,1,1,0,2,0,15,3,1,0,0,1,0,0,1,1,0,0
5546,pixel_transfer,1,1,1,1,0,2,0,15,2,1,0,1,1,0,0,1,1,0,0
5547,pixel_transfer,1,1,1,1,0,2,0,15,2,1,0,0,1,0,0,0,1,0,0
5548,pixel_transfer,1,1,1,1,0,2,0,15,3,1,0,0,1,0,0,0,1,0,0
5549,pixel_transfer,1,1,1,1,0,2,0,15,3,1,0,1,1,0,0,0,1,0,0
5550,pixel_transfer,1,1,1,1,0,2,0,15,2,1,0,1,1,0,0,0,1,0,0
5551,pixel_transfer,1,1,1,1,0,2,0,15,2,1,0,0,1,0,0,0,1,0,0
5552,pixel_transfer,1,1,1,1,0,2,0,15,3,1,0,0,1,0,0,0,1,0,0
5553,pixel_transfer,1,1,1,1,0,2,0,15,3,1,0,1,1,0,0,0,1,0,0
5554,pixel_transfer,1,1,1,1,0,2,0,15,2,1,0,1,1,0,0,0,1,0,0
5555,line_marker,0,1,0,1,1,2,2,15,2,1,0,0,1,0,0,1,1,0,0
5556,pixel_transfer,1,1,1,1,0,0,0,15,3,1,0,0,1,0,0,1,1,0,0
5557,pixel_transfer,1,1,1,1,0,1,0,15,3,1,0,1,1,0,0,0,1,0,0
5558,pixel_transfer,1,1,1,1,0,1,0,15,2,1,0,1,1,0,0,0,1,0,0
5559,pixel_transfer,1,1,1,1,0,1,0,15,2,1,0,0,1,0,0,0,1,0,0
5560,pixel_transfer,1,1,1,1,0,1,0,15,2,1,0,0,1,0,0,0,1,0,0
5561,pixel_transfer,1,1,1,1,0,1,0,15,3,1,0,0,1,0,0,0,1,0,0
5562,pixel_transfer,1,1,1,1,0,1,0,15,2,1,0,1,1,0,0,0,1,0,0
5563,pixel_transfer,1,1,1,1,0,1,0,15,2,1,0,0,1,0,0,1,1,0,0
5564,pixel_transfer,1,1,1,1,0,1,0,15,3,1,0,0,1,0,0,1,1,0,0
5565,pixel_transfer,1,1,1,1,0,1,0,15,3,1,0,1,1,0,0,0,1,0,0
5566,pixel_transfer,1,1,1,1,0,1,0,15,2,1,0,1,1,0,0,0,1,0,0
5567,pixel_transfer,1,1,1,1,0,1,0,15,2,1,0,0,1,0,0,0,1,0,0
5568,pixel_transfer,1,1,1,1,0,1,0,15,3,1,0,0,1,0,0,0,1,0,0
5569,pixel_transfer,1,1,1,1,0,1,0,15,2,1,0,1,1,0,0,0,1,0,0
5570,pixel_transfer,1,1,1,1,0,1,0,15,2,1,0,0,1,0,0,0,1,0,0
5571,pixel_transfer,1,1,1,1,0,1,0,15,3,1,0,0,1,0,0,0,1,0,0
5572,pixel_transfer,1,1,1,1,0,1,0,15,2,1,0,1,1,0,0,0,1,0,0
5573,pixel_transfer,1,1,1,1,0,1,0,15,2,1,0,0,1,0,0,0,1,0,0
5574,pixel_transfer,1,1,1,1,0,1,0,15,2,1,0,0,1,0,0,1,1,0,0
5575,pixel_transfer,1,1,1,1,0,1,0,15,3,1,0,0,1,0,0,1,1,0,0
5576,pixel_transfer,1,1,1,1,0,1,0,15,2,1,0,1,1,0,0,0,1,0,0
5577,pixel_transfer,1,1,1,1,0,1,0,15,2,1,0,0,1,0,0,0,1,0,0
5578,pixel_transfer,1,1,1,1,0,1,0,15,2,1,0,0,1,0,0,0,1,0,0
5579,pixel_transfer,1,1,1,1,0,1,0,15,2,1,0,0,1,0,0,0,1,0,0
5580,pixel_transfer,1,1,1,1,0,1,1,15,3,1,0,0,1,0,0,0,1,0,0
5581,pixel_transfer,1,1,1,1,0,2,0,15,3,1,0,1,1,0,0,0,1,0,0
5582,pixel_transfer,1,1,1,1,0,2,0,15,2,1,0,1,1,0,0,0,1,0,0
5583,pixel_transfer,1,1,1,1,0,2,0,15,2,1,0,0,1,0,0,0,1,0,0
5584,pixel_transfer,1,1,1,1,0,2,0,15,3,1,0,0,1,0,0,0,1,0,0
5585,pixel_transfer,1,1,1,1,0,2,0,15,2,1,0,1,1,0,0,0,1,0,0
5586,pixel_transfer,1,1,1,1,0,2,0,15,2,1,0,0,1,0,0,0,1,0,0
5587,pixel_transfer,1,1,1,1,0,2,0,15,3,1,0,0,1,0,0,1,1,0,0
5588,pixel_transfer,1,1,1,1,0,2,0,15,3,1,0,1,1,0,0,1,1,0,0
5589,pixel_transfer,1,1,1,1,0,2,0,15,2,1,0,1,1,0,0,0,1,0,0
5590,pixel_transfer,1,1,1,1,0,2,0,15,2,1,0,0,1,0,0,0,1,0,0
5591,pixel_transfer,1,1,1,1,0,2,0,15,3,1,0,0,1,0,0,0,1,0,0
5592,pixel_transfer,1,1,1,1,0,2,0,15,2,1,0,1,1,0,0,0,1,0,0
5593,pixel_transfer,1,1,1,1,0,2,0,15,2,1,0,0,1,0,0,0,1,0,0
5594,pixel_transfer,1,1,1,1,0,2,0,15,3,1,0,0,1,0,0,0,1,0,0
5595,pixel_transfer,1,1,1,1,0,2,0,15,3,1,0,1,1,0,0,0,1,0,0
5596,pixel_transfer,1,1,1,1,0,2,0,15,3,1,0,1,1,0,0,0,1,0,0
5597,pixel_transfer,1,1,1,1,0,2,0,15,2,1,0,1,1,0,0,1,1,0,0
5598,pixel_transfer,1,1,1,1,0,2,0,15,2,1,0,0,1,0,0,1,1,0,0
5599,pixel_transfer,1,1,1,1,0,2,0,15,3,1,0,0,1,0,0,0,1,0,0
5600,pixel_transfer,1,1,1,1,0,2,0,15,3,1,0,1,1,0,0,0,1,0,0
5601,pixel_transfer,1,1,1,1,0,2,0,15,2,1,0,1,1,0,0,0,1,0,0
5602,pixel_transfer,1,1,1,1,0,2,0,15,2,1,0,0,1,0,0,0,1,0,0
5603,pixel_transfer,1,1,1,1,0,2,0,15,2,1,0,0,1,0,0,0,1,0,0
5604,line_marker,0,1,0,1,1,2,2,15,2,1,0,0,1,0,0,0,1,0,0
5605,pixel_transfer,1,1,1,1,0,0,0,15,3,1,0,0,1,0,0,1,1,0,0
5606,pixel_transfer,1,1,1,1,0,1,0,15,2,1,0,1,1,0,0,1,1,0,0
5607,pixel_transfer,1,1,1,1,0,1,0,15,2,1,0,0,1,0,0,0,1,0,0
5608,pixel_transfer,1,1,1,1,0,1,0,15,3,1,0,0,1,0,0,0,1,0,0
5609,pixel_transfer,1,1,1,1,0,1,0,15,3,1,0,1,1,0,0,0,1,0,0
5610,pixel_transfer,1,1,1,1,0,1,0,15,2,1,0,1,1,0,0,0,1,0,0
5611,pixel_transfer,1,1,1,1,0,1,0,15,2,1,0,0,1,0,0,0,1,0,0
5612,pixel_transfer,1,1,1,1,0,1,0,15,2,1,0,0,1,0,0,0,1,0,0
5613,pixel_transfer,1,1,1,1,0,1,0,15,2,1,0,0,1,0,0,0,1,0,0
5614,pixel_transfer,1,1,1,1,0,1,0,15,2,1,0,0,1,0,0,0,1,0,0
5615,pixel_transfer,1,1,1,1,0,1,0,15,2,1,0,0,1,0,0,1,1,0,0
5616,pixel_transfer,1,1,1,1,0,1,0,15,2,1,0,0,1,0,0,1,1,0,0
5617,pixel_transfer,1,1,1,1,0,1,0,15,2,1,0,0,1,0,0,0,1,0,0
5618,pixel_transfer,1,1,1,1,0,1,0,15,2,1,0,0,1,0,0,0,1,0,0
5619,pixel_transfer,1,1,1,1,0,1,0,15,2,1,0,0,1,0,0,0,1,0,0
5620,pixel_transfer,1,1,1,1,0,1,0,15,2,1,0,0,1,0,0,0,1,0,0
5621,pixel_transfer,1,1,1,1,0,1,0,15,2,1,0,0,1,0,0,0,1,0,0
5622,pixel_transfer,1,1,1,1,0,1,0,15,2,1,0,0,1,0,0,0,1,0,0
5623,pixel_transfer,1,1,1,1,0,1,0,15,2,1,0,0,1,0,0,0,1,0,0
5624,pixel_transfer,1,1,1,1,0,1,0,15,2,1,0,0,1,0,0,0,1,0,0
5625,pixel_transfer,1,1,1,1,0,1,0,15,2,1,0,0,1,0,0,0,1,0,0
5626,pixel_transfer,1,1,1,1,0,1,0,15,3,1,0,0,1,0,0,0,1,0,0
5627,pixel_transfer,1,1,1,1,0,1,0,15,2,1,0,1,1,0,0,0,1,0,0
5628,pixel_transfer,1,1,1,1,0,1,0,15,2,1,0,0,1,0,0,0,1,0,0
5629,pixel_transfer,1,1,1,1,0,1,1,15,3,1,0,0,1,0,0,0,1,0,0
5630,pixel_transfer,1,1,1,1,0,2,0,15,2,1,0,1,1,0,0,0,1,0,0
5631,pixel_transfer,1,1,1,1,0,2,0,15,2,1,0,0,1,0,0,0,1,0,0
5632,pixel_transfer,1,1,1,1,0,2,0,15,3,1,0,0,1,0,0,0,1,0,0
5633,pixel_transfer,1,1,1,1,0,2,0,15,2,1,0,1,1,0,0,0,1,0,0
5634,pixel_transfer,1,1,1,1,0,2,0,15,2,1,0,0,1,0,0,0,1,0,0
5635,pixel_transfer,1,1,1,1,0,2,0,15,3,1,0,0,1,0,0,0,1,0,0
5636,pixel_transfer,1,1,1,1,0,2,0,15,2,1,0,1,1,0,0,0,1,0,0
5637,pixel_transfer,1,1,1,1,0,2,0,15,2,1,0,0,1,0,0,0,1,0,0
5638,pixel_transfer,1,1,1,1,0,2,0,15,3,1,0,0,1,0,0,0,1,0,0
5639,pixel_transfer,1,1,1,1,0,2,0,15,3,1,0,1,1,0,0,0,1,0,0
5640,pixel_transfer,1,1,1,1,0,2,0,15,2,1,0,1,1,0,0,0,1,0,0
5641,pixel_transfer,1,1,1,1,0,2,0,15,2,1,0,0,1,0,0,1,1,0,0
5642,pixel_transfer,1,1,1,1,0,2,0,15,3,1,0,0,1,0,0,1,1,0,0
5643,pixel_transfer,1,1,1,1,0,2,0,15,2,1,0,1,1,0,0,0,1,0,0
5644,pixel_transfer,1,1,1,1,0,2,0,15,2,1,0,0,1,0,0,0,1,0,0
5645,pixel_transfer,1,1,1,1,0,2,0,15,3,1,0,0,1,0,0,0,1,0,0
5646,pixel_transfer,1,1,1,1,0,2,0,15,3,1,0,1,1,0,0,0,1,0,0
5647,pixel_transfer,1,1,1,1,0,2,0,15,2,1,0,1,1,0,0,0,1,0,0
5648,pixel_transfer,1,1,1,1,0,2,0,15,2,1,0,0,1,0,0,0,1,0,0
5649,pixel_transfer,1,1,1,1,0,2,0,15,3,1,0,0,1,0,0,0,1,0,0
5650,pixel_transfer,1,1,1,1,0,2,0,15,2,1,0,1,1,0,0,0,1,0,0
5651,pixel_transfer,1,1,1,1,0,2,0,15,2,1,0,0,1,0,0,1,1,0,0
5652,pixel_transfer,1,1,1,1,0,2,0,15,3,1,0,0,1,0,0,1,1,0,0
5653,line_marker,0,1,0,1,1,2,2,15,2,1,0,1,1,0,0,0,1,0,0
5654,pixel_transfer,1,1,1,1,0,0,0,15,2,1,0,0,1,0,0,0,1,0,0
5655,pixel_transfer,1,1,1,1,0,1,0,15,3,1,0,0,1,0,0,0,1,0,0
5656,pixel_transfer,1,1,1,1,0,1,0,15,3,1,0,1,1,0,0,0,1,0,0
5657,pixel_transfer,1,1,1,1,0,1,0,15,3,1,0,1,1,0,0,0,1,0,0
5658,pixel_transfer,1,1,1,1,0,1,0,15,2,1,0,1,1,0,0,0,1,0,0
5659,pixel_transfer,1,1,1,1,0,1,0,15,2,1,0,0,1,0,0,0,1,0,0
5660,pixel_transfer,1,1,1,1,0,1,0,15,3,1,0,0,1,0,0,0,1,0,0
5661,pixel_transfer,1,1,1,1,0,1,0,15,2,1,0,1,1,0,0,1,1,0,0
5662,pixel_transfer,1,1,1,1,0,1,0,15,2,1,0,0,1,0,0,1,1,0,0
5663,pixel_transfer,1,1,1,1,0,1,0,15,2,1,0,0,1,0,0,0,1,0,0
5664,pixel_transfer,1,1,1,1,0,1,0,15,2,1,0,0,1,0,0,0,1,0,0
5665,pixel_transfer,1,1,1,1,0,1,0,15,2,1,0,0,1,0,0,0,1,0,0
5666,pixel_transfer,1,1,1,1,0,1,0,15,2,1,0,0,1,0,0,0,1,0,0
5667,pixel_transfer,1,1,1,1,0,1,0,15,2,1,0,0,1,0,0,0,1,0,0
5668,pixel_transfer,1,1,1,1,0,1,0,15,2,1,0,0,1,0,0,0,1,0,0
5669,pixel_transfer,1,1,1,1,0,1,0,15,2,1,0,0,1,0,0,0,1,0,0
5670,pixel_transfer,1,1,1,1,0,1,0,15,2,1,0,0,1,0,0,0,1,0,0
5671,pixel_transfer,1,1,1,1,0,1,0,15,2,1,0,0,1,0,0,0,1,0,0
5672,pixel_transfer,1,1,1,1,0,1,0,15,2,1,0,0,1,0,0,0,1,0,0
5673,pixel_transfer,1,1,1,1,0,1,0,15,3,1,0,0,1,0,0,0,1,0,0
5674,pixel_transfer,1,1,1,1,0,1,0,15,2,1,0,1,1,0,0,0,1,0,0
5675,pixel_transfer,1,1,1,1,0,1,0,15,2,1,0,0,1,0,0,0,1,0,0
5676,pixel_transfer,1,1,1,1,0,1,0,15,3,1,0,0,1,0,0,0,1,0,0
5677,pixel_transfer,1,1,1,1,0,1,0,15,3,1,0,1,1,0,0,0,1,0,0
5678,pixel_transfer,1,1,1,1,0,1,1,15,2,1,0,1,1,0,0,0,1,0,0
5679,pixel_transfer,1,1,1,1,0,2,0,15,2,1,0,0,1,0,0,1,1,0,0
5680,pixel_transfer,1,1,1,1,0,2,0,15,2,1,0,0,1,0,0,1,1,0,0
5681,pixel_transfer,1,1,1,1,0,2,0,15,2,1,0,0,1,0,0,0,1,0,0
5682,pixel_transfer,1,1,1,1,0,2,0,15,3,1,0,0,1,0,0,0,1,0,0
5683,pixel_transfer,1,1,1,1,0,2,0,15,3,1,0,1,1,0,0,0,1,0,0
5684,pixel_transfer,1,1,1,1,0,2,0,15,2,1,0,1,1,0,0,0,1,0,0
5685,pixel_transfer,1,1,1,1,0,2,0,15,2,1,0,0,1,0,0,0,1,0,0
5686,pixel_transfer,1,1,1,1,0,2,0,15,2,1,0,0,1,0,0,0,1,0,0
5687,pixel_transfer,1,1,1,1,0,2,0,15,2,1,0,0,1,0,0,0,1,0,0
5688,pixel_transfer,1,1,1,1,0,2,0,15,3,1,0,0,1,0,0,0,1,0,0
5689,pixel_transfer,1,1,1,1,0,2,0,15,2,1,0,1,1,0,0,1,1,0,0
5690,pixel_transfer,1,1,1,1,0,2,0,15,2,1,0,0,1,0,0,1,1,0,0
5691,pixel_transfer,1,1,1,1,0,2,0,15,3,1,0,0,1,0,0,0,1,0,0
5692,pixel_transfer,1,1,1,1,0,2,0,15,3,1,0,1,1,0,0,0,1,0,0
5693,pixel_transfer,1,1,1,1,0,2,0,15,2,1,0,1,1,0,0,0,1,0,0
5694,pixel_transfer,1,1,1,1,0,2,0,15,2,1,0,0,1,0,0,0,1,0,0
5695,pixel_transfer,1,1,1,1,0,2,0,15,3,1,0,0,1,0,0,0,1,0,0
5696,pixel_transfer,1,1,1,1,0,2,0,15,2,1,0,1,1,0,0,0,1,0,0
5697,pixel_transfer,1,1,1,1,0,2,0,15,2,1,0,0,1,0,0,0,1,0,0
5698,pixel_transfer,1,1,1,1,0,2,0,15,3,1,0,0,1,0,0,0,1,0,0
5699,pixel_transfer,1,1,1,1,0,2,0,15,2,1,0,1,1,0,0,0,1,0,0
5700,pixel_transfer,1,1,1,1,0,2,0,15,2,1,0,0,1,0,0,0,1,0,0
5701,pixel_transfer,1,1,1,1,0,2,0,15,3,1,0,0,1,0,0,1,1,0,0
5702,line_marker,0,1,0,1,1,2,2,15,2,1,0,1,1,0,0,1,1,0,0
5703,pixel_transfer,1,1,1,1,0,0,0,15,2,1,0,0,1,0,0,0,1,0,0
5704,pixel_transfer,1,1,1,1,0,1,0,15,3,1,0,0,1,0,0,0,1,0,0
5705,pixel_transfer,1,1,1,1,0,1,0,15,3,1,0,1,1,0,0,0,1,0,0
5706,pixel_transfer,1,1,1,1,0,1,0,15,3,1,0,1,1,0,0,0,1,0,0
5707,pixel_transfer,1,1,1,1,0,1,0,15,2,1,0,1,1,0,0,0,1,0,0
5708,pixel_transfer,1,1,1,1,0,1,0,15,2,1,0,0,1,0,0,0,1,0,0
5709,pixel_transfer,1,1,1,1,0,1,0,15,2,1,0,0,1,0,0,0,1,0,0
5710,pixel_transfer,1,1,1,1,0,1,0,15,2,1,0,0,1,0,0,0,1,0,0
5711,pixel_transfer,1,1,1,1,0,1,0,15,2,1,0,0,1,0,0,1,1,0,0
5712,pixel_transfer,1,1,1,1,0,1,0,15,2,1,0,0,1,0,0,1,1,0,0
5713,pixel_transfer,1,1,1,1,0,1,0,15,2,1,0,0,1,0,0,0,1,0,0
5714,pixel_transfer,1,1,1,1,0,1,0,15,2,1,0,0,1,0,0,0,1,0,0
5715,pixel_transfer,1,1,1,1,0,1,0,15,2,1,0,0,1,0,0,0,1,0,0
5716,pixel_transfer,1,1,1,1,0,1,0,15,2,1,0,0,1,0,0,0,1,0,0
5717,pixel_transfer,1,1,1,1,0,1,0,15,3,1,0,0,1,0,0,0,1,0,0
5718,pixel_transfer,1,1,1,1,0,1,0,15,2,1,0,1,1,0,0,0,1,0,0
5719,pixel_transfer,1,1,1,1,0,1,0,15,2,1,0,0,1,0,0,0,1,0,0
5720,pixel_transfer,1,1,1,1,0,1,0,15,2,1,0,0,1,0,0,0,1,0,0
5721,pixel_transfer,1,1,1,1,0,1,0,15,3,1,0,0,1,0,0,0,1,0,0
5722,pixel_transfer,1,1,1,1,0,1,0,15,3,1,0,1,1,0,0,0,1,0,0
5723,pixel_transfer,1,1,1,1,0,1,0,15,2,1,0,1,1,0,0,0,1,0,0
5724,pixel_transfer,1,1,1,1,0,1,0,15,2,1,0,0,1,0,0,0,1,0,0
5725,pixel_transfer,1,1,1,1,0,1,0,15,2,1,0,0,1,0,0,0,1,0,0
5726,pixel_transfer,1,1,1,1,0,1,0,15,3,1,0,0,1,0,0,0,1,0,0
5727,pixel_transfer,1,1,1,1,0,1,1,15,2,1,0,1,1,0,0,0,1,0,0
5728,pixel_transfer,1,1,1,1,0,2,0,15,2,1,0,0,1,0,0,1,1,0,0
5729,pixel_transfer,1,1,1,1,0,2,0,15,3,1,0,0,1,0,0,1,1,0,0
5730,pixel_transfer,1,1,1,1,0,2,0,15,3,1,0,1,1,0,0,0,1,0,0
5731,pixel_transfer,1,1,1,1,0,2,0,15,2,1,0,1,1,0,0,0,1,0,0
5732,pixel_transfer,1,1,1,1,0,2,0,15,2,1,0,0,1,0,0,0,1,0,0
5733,pixel_transfer,1,1,1,1,0,2,0,15,3,1,0,0,1,0,0,0,1,0,0
5734,pixel_transfer,1,1,1,1,0,2,0,15,2,1,0,1,1,0,0,0,1,0,0
5735,pixel_transfer,1,1,1,1,0,2,0,15,2,1,0,0,1,0,0,0,1,0,0
5736,pixel_transfer,1,1,1,1,0,2,0,15,3,1,0,0,1,0,0,0,1,0,0
5737,pixel_transfer,1,1,1,1,0,2,0,15,2,1,0,1,1,0,0,0,1,0,0
5738,pixel_transfer,1,1,1,1,0,2,0,15,2,1,0,0,1,0,0,0,1,0,0
5739,pixel_transfer,1,1,1,1,0,2,0,15,3,1,0,0,1,0,0,1,1,0,0
5740,pixel_transfer,1,1,1,1,0,2,0,15,2,1,0,1,1,0,0,1,1,0,0
5741,pixel_transfer,1,1,1,1,0,2,0,15,2,1,0,0,1,0,0,0,1,0,0
5742,pixel_transfer,1,1,1,1,0,2,0,15,2,1,0,0,1,0,0,0,1,0,0
5743,pixel_transfer,1,1,1,1,0,2,0,15,2,1,0,0,1,0,0,0,1,0,0
5744,pixel_transfer,1,1,1,1,0,2,0,15,2,1,0,0,1,0,0,0,1,0,0
5745,pixel_transfer,1,1,1,1,0,2,0,15,3,1,0,0,1,0,0,0,1,0,0
5746,pixel_transfer,1,1,1,1,0,2,0,15,2,1,0,1,1,0,0,0,1,0,0
5747,pixel_transfer,1,1,1,1,0,2,0,15,2,1,0,0,1,0,0,0,1,0,0
5748,pixel_transfer,1,1,1,1,0,2,0,15,3,1,0,0,1,0,0,0,1,0,0
5749,pixel_transfer,1,1,1,1,0,2,0,15,3,1,0,1,1,0,0,0,1,0,0
5750,pixel_transfer,1,1,1,1,0,2,0,15,2,1,0,1,1,0,0,0,1,0,0
5751,line_marker,0,1,0,1,1,2,2,15,2,1,0,0,1,0,0,0,1,0,0
5752,pixel_transfer,1,1,1,1,0,0,0,15,3,1,0,0,1,0,0,0,1,0,0
5753,pixel_transfer,1,1,1,1,0,1,0,15,2,1,0,1,1,0,0,0,1,0,0
5754,pixel_transfer,1,1,1,1,0,1,0,15,2,1,0,0,1,0,0,1,1,0,0
5755,pixel_transfer,1,1,1,1,0,1,0,15,2,1,0,0,1,0,0,1,1,0,0
5756,pixel_transfer,1,1,1,1,0,1,0,15,2,1,0,0,1,0,0,0,1,0,0
5757,pixel_transfer,1,1,1,1,0,1,0,15,2,1,0,0,1,0,0,0,1,0,0
5758,pixel_transfer,1,1,1,1,0,1,0,15,2,1,0,0,1,0,0,0,1,0,0
5759,pixel_transfer,1,1,1,1,0,1,0,15,2,1,0,0,1,0,0,0,1,0,0
5760,pixel_transfer,1,1,1,1,0,1,0,15,2,1,0,0,1,0,0,0,1,0,0
5761,pixel_transfer,1,1,1,1,0,1,0,15,2,1,0,0,1,0,0,0,1,0,0
5762,pixel_transfer,1,1,1,1,0,1,0,15,2,1,0,0,1,0,0,0,1,0,0
5763,pixel_transfer,1,1,1,1,0,1,0,15,3,1,0,0,1,0,0,0,1,0,0
5764,pixel_transfer,1,1,1,1,0,1,0,15,3,1,0,1,1,0,0,0,1,0,0
5765,pixel_transfer,1,1,1,1,0,1,0,15,2,1,0,1,1,0,0,0,1,0,0
5766,pixel_transfer,1,1,1,1,0,1,0,15,2,1,0,0,1,0,0,0,1,0,0
5767,pixel_transfer,1,1,1,1,0,1,0,15,3,1,0,0,1,0,0,0,1,0,0
5768,pixel_transfer,1,1,1,1,0,1,0,15,2,1,0,1,1,0,0,0,1,0,0
5769,pixel_transfer,1,1,1,1,0,1,0,15,2,1,0,0,1,0,0,0,1,0,0
5770,pixel_transfer,1,1,1,1,0,1,0,15,3,1,0,0,1,0,0,1,1,0,0
5771,pixel_transfer,1,1,1,1,0,1,0,15,3,1,0,1,1,0,0,1,1,0,0
5772,pixel_transfer,1,1,1,1,0,1,0,15,2,1,0,1,1,0,0,0,1,0,0
5773,pixel_transfer,1,1,1,1,0,1,0,15,2,1,0,0,1,0,0,0,1,0,0
5774,pixel_transfer,1,1,1,1,0,1,0,15,2,1,0,0,1,0,0,0,1,0,0
5775,pixel_transfer,1,1,1,1,0,1,0,15,3,1,0,0,1,0,0,0,1,0,0
5776,pixel_transfer,1,1,1,1,0,1,1,15,3,1,0,1,1,0,0,0,1,0,0
5777,pixel_transfer,1,1,1,1,0,2,0,15,2,1,0,1,1,0,0,0,1,0,0
5778,pixel_transfer,1,1,1,1,0,2,0,15,2,1,0,0,1,0,0,0,1,0,0
5779,pixel_transfer,1,1,1,1,0,2,0,15,3,1,0,0,1,0,0,0,1,0,0
5780,pixel_transfer,1,1,1,1,0,2,0,15,2,1,0,1,1,0,0,0,1,0,0
5781,pixel_transfer,1,1,1,1,0,2,0,15,2,1,0,0,1,0,0,1,1,0,0
5782,pixel_transfer,1,1,1,1,0,2,0,15,3,1,0,0,1,0,0,1,1,0,0
5783,pixel_transfer,1,1,1,1,0,2,0,15,3,1,0,1,1,0,0,0,1,0,0
5784,pixel_transfer,1,1,1,1,0,2,0,15,2,1,0,1,1,0,0,0,1,0,0
5785,pixel_transfer,1,1,1,1,0,2,0,15,2,1,0,0,1,0,0,0,1,0,0
5786,pixel_transfer,1,1,1,1,0,2,0,15,3,1,0,0,1,0,0,0,1,0,0
5787,pixel_transfer,1,1,1,1,0,2,0,15,2,1,0,1,1,0,0,0,1,0,0
5788,pixel_transfer,1,1,1,1,0,2,0,15,2,1,0,0,1,0,0,0,1,0,0
5789,pixel_transfer,1,1,1,1,0,2,0,15,3,1,0,0,1,0,0,1,1,0,0
5790,pixel_transfer,1,1,1,1,0,2,0,15,2,1,0,1,1,0,0,1,1,0,0
5791,pixel_transfer,1,1,1,1,0,2,0,15,2,1,0,0,1,0,0,0,1,0,0
5792,pixel_transfer,1,1,1,1,0,2,0,15,2,1,0,0,1,0,0,0,1,0,0
5793,pixel_transfer,1,1,1,1,0,2,0,15,3,1,0,0,1,0,0,0,1,0,0
5794,pixel_transfer,1,1,1,1,0,2,0,15,2,1,0,1,1,0,0,0,1,0,0
5795,pixel_transfer,1,1,1,1,0,2,0,15,2,1,0,0,1,0,0,0,1,0,0
5796,pixel_transfer,1,1,1,1,0,2,0,15,3,1,0,0,1,0,0,0,1,0,0
5797,pixel_transfer,1,1,1,1,0,2,0,15,2,1,0,1,1,0,0,0,1,0,0
5798,pixel_transfer,1,1,1,1,0,2,0,15,2,1,0,0,1,0,0,0,1,0,0
5799,pixel_transfer,1,1,1,1,0,2,0,15,3,1,0,0,1,0,0,0,1,0,0
5800,line_marker,0,1,0,1,1,2,2,15,3,1,0,1,1,0,0,0,1,0,0
5801,pixel_transfer,1,1,1,1,0,0,0,15,2,1,0,1,1,0,0,0,1,0,0
5802,pixel_transfer,1,1,1,1,0,1,0,15,2,1,0,0,1,0,0,1,1,0,0
5803,pixel_transfer,1,1,1,1,0,1,0,15,2,1,0,0,1,0,0,1,1,0,0
5804,pixel_transfer,1,1,1,1,0,1,0,15,2,1,0,0,1,0,0,0,1,0,0
5805,pixel_transfer,1,1,1,1,0,1,0,15,2,1,0,0,1,0,0,0,1,0,0
5806,pixel_transfer,1,1,1,1,0,1,0,15,2,1,0,0,1,0,0,0,1,0,0
5807,pixel_transfer,1,1,1,1,0,1,0,15,2,1,0,0,1,0,0,0,1,0,0
5808,pixel_transfer,1,1,1,1,0,1,0,15,2,1,0,0,1,0,0,0,1,0,0
5809,pixel_transfer,1,1,1,1,0,1,0,15,3,1,0,0,1,0,0,0,1,0,0
5810,pixel_transfer,1,1,1,1,0,1,0,15,2,1,0,1,1,0,0,0,1,0,0
5811,pixel_transfer,1,1,1,1,0,1,0,15,2,1,0,0,1,0,0,0,1,0,0
5812,pixel_transfer,1,1,1,1,0,1,0,15,3,1,0,0,1,0,0,0,1,0,0
5813,pixel_transfer,1,1,1,1,0,1,0,15,3,1,0,1,1,0,0,0,1,0,0
5814,pixel_transfer,1,1,1,1,0,1,0,15,2,1,0,1,1,0,0,0,1,0,0
5815,pixel_transfer,1,1,1,1,0,1,0,15,2,1,0,0,1,0,0,0,1,0,0
5816,pixel_transfer,1,1,1,1,0,1,0,15,2,1,0,0,1,0,0,0,1,0,0
5817,pixel_transfer,1,1,1,1,0,1,0,15,2,1,0,0,1,0,0,0,1,0,0
5818,pixel_transfer,1,1,1,1,0,1,0,15,3,1,0,0,1,0,0,1,1,0,0
5819,pixel_transfer,1,1,1,1,0,1,0,15,3,1,0,1,1,0,0,1,1,0,0
5820,pixel_transfer,1,1,1,1,0,1,0,15,2,1,0,1,1,0,0,0,1,0,0
5821,pixel_transfer,1,1,1,1,0,1,0,15,2,1,0,0,1,0,0,0,1,0,0
5822,pixel_transfer,1,1,1,1,0,1,0,15,2,1,0,0,1,0,0,0,1,0,0
5823,pixel_transfer,1,1,1,1,0,1,0,15,2,1,0,0,1,0,0,0,1,0,0
5824,pixel_transfer,1,1,1,1,0,1,0,15,2,1,0,0,1,0,0,0,1,0,0
5825,pixel_transfer,1,1,1,1,0,1,1,15,2,1,0,0,1,0,0,0,1,0,0
5826,pixel_transfer,1,1,1,1,0,2,0,15,3,1,0,0,1,0,0,0,1,0,0
5827,pixel_transfer,1,1,1,1,0,2,0,15,2,1,0,1,1,0,0,0,1,0,0
5828,pixel_transfer,1,1,1,1,0,2,0,15,2,1,0,0,1,0,0,0,1,0,0
5829,pixel_transfer,1,1,1,1,0,2,0,15,3,1,0,0,1,0,0,0,1,0,0
5830,pixel_transfer,1,1,1,1,0,2,0,15,2,1,0,1,1,0,0,0,1,0,0
5831,pixel_transfer,1,1,1,1,0,2,0,15,2,1,0,0,1,0,0,0,1,0,0
5832,pixel_transfer,1,1,1,1,0,2,0,15,3,1,0,0,1,0,0,1,1,0,0
5833,pixel_transfer,1,1,1,1,0,2,0,15,3,1,0,1,1,0,0,1,1,0,0
5834,pixel_transfer,1,1,1,1,0,2,0,15,2,1,0,1,1,0,0,0,1,0,0
5835,pixel_transfer,1,1,1,1,0,2,0,15,2,1,0,0,1,0,0,0,1,0,0
5836,pixel_transfer,1,1,1,1,0,2,0,15,2,1,0,0,1,0,0,0,1,0,0
5837,pixel_transfer,1,1,1,1,0,2,0,15,2,1,0,0,1,0,0,0,1,0,0
5838,pixel_transfer,1,1,1,1,0,2,0,15,3,1,0,0,1,0,0,0,1,0,0
5839,pixel_transfer,1,1,1,1,0,2,0,15,2,1,0,1,1,0,0,0,1,0,0
5840,pixel_transfer,1,1,1,1,0,2,0,15,2,1,0,0,1,0,0,0,1,0,0
5841,pixel_transfer,1,1,1,1,0,2,0,15,2,1,0,0,1,0,0,0,1,0,0
5842,pixel_transfer,1,1,1,1,0,2,0,15,3,1,0,0,1,0,0,0,1,0,0
5843,pixel_transfer,1,1,1,1,0,2,0,15,2,1,0,1,1,0,0,0,1,0,0
5844,pixel_transfer,1,1,1,1,0,2,0,15,2,1,0,0,1,0,0,1,1,0,0
5845,pixel_transfer,1,1,1,1,0,2,0,15,3,1,0,0,1,0,0,1,1,0,0
5846,pixel_transfer,1,1,1,1,0,2,0,15,2,1,0,1,1,0,0,0,1,0,0
5847,pixel_transfer,1,1,1,1,0,2,0,15,2,1,0,0,1,0,0,0,1,0,0
5848,pixel_transfer,1,1,1,1,0,2,0,15,3,1,0,0,1,0,0,0,1,0,0
5849,output_drain,0,1,0,1,0,2,2,15,2,1,0,1,1,0,0,0,1,0,0
5852,output_drain,0,1,0,1,0,0,0,15,3,1,0,0,1,0,0,0,1,0,0
5853,output_drain,0,1,0,1,0,0,0,15,2,1,0,1,1,0,0,0,1,0,0
5858,output_drain,0,1,0,1,0,0,0,15,2,1,0,0,1,0,0,1,1,0,0
5859,output_drain,0,1,0,1,0,0,0,15,2,1,0,0,1,0,0,1,1,0,0
5861,output_drain,0,1,0,1,0,0,0,15,3,1,0,0,1,0,0,0,1,0,0
5862,output_drain,0,1,0,1,0,0,0,15,2,1,0,1,1,0,0,0,1,0,0
5864,output_drain,0,1,0,1,0,0,0,15,3,1,0,0,1,0,0,0,1,0,0
5865,output_drain,0,1,0,1,0,0,0,15,3,1,0,1,1,0,0,0,1,0,0
5866,output_drain,0,1,0,1,0,0,0,15,2,1,0,1,1,0,0,0,1,0,0
5868,output_drain,0,1,0,1,0,0,0,15,3,1,0,0,1,0,0,0,1,0,0
5869,output_drain,0,1,0,1,0,0,0,15,2,1,0,1,1,0,0,0,1,0,0
5871,output_drain,0,1,0,1,0,0,0,15,3,1,0,0,1,0,0,0,1,0,0
5872,output_drain,0,1,0,1,0,0,0,15,2,1,0,1,1,0,0,0,1,0,0
5874,output_drain,0,1,0,1,0,0,0,15,2,1,0,0,1,0,0,1,1,0,0
5875,output_drain,0,1,0,1,0,0,0,15,2,1,0,0,1,0,0,1,1,0,0
