cycle,phase,split_status,split_bypass,split_axi_enable,split_dsc_enable,hybrid_status,hybrid_bypass,hybrid_axi_enable,hybrid_dsc_enable,input_ready,output_valid,output_line,output_frame,output_data
1,reset_asserted,0,1,0,0,0,1,0,0,1,0,0,0,0000000000000000000000000000000000000000000000000
446,command_sync,8,0,0,0,8,0,0,0,1,0,0,0,0000000000000000000000000000000000000000000000000
448,command_sync,8,0,0,0,8,0,0,0,0,0,0,0,0000000000000000000000000000000000000000000000000
555,wait_encoder_ready,8,0,1,0,8,0,1,0,0,0,0,0,0000000000000000000000000000000000000000000000000
556,wait_encoder_ready,8,0,1,1,8,0,1,1,1,0,0,1,0000000000000000000000000000000000000000000000000
557,line_marker,8,0,1,1,8,0,1,1,1,0,0,0,0000000000000000000000000000000000000000000000000
736,pixel_transfer,8,0,1,1,8,0,1,1,1,1,0,0,050079de8a00effff80ffff5f6b5b6bb3160488c3c743c000
737,pixel_transfer,8,0,1,1,8,0,1,1,1,0,0,0,050079de8a00effff80ffff5f6b5b6bb3160488c3c743c000
740,pixel_transfer,8,0,1,1,8,0,1,1,1,1,0,0,0dbc721942958000ad5ffffbff28088834e746b5b6b5b6b5b
741,pixel_transfer,8,0,1,1,8,0,1,1,1,0,0,0,0dbc721942958000ad5ffffbff28088834e746b5b6b5b6b5b
744,pixel_transfer,8,0,1,1,8,0,1,1,1,1,0,0,0fe0c4e2feceeb55338e824a2baddf6f7dbdb4394863a9023
745,pixel_transfer,8,0,1,1,8,0,1,1,1,0,0,0,0fe0c4e2feceeb55338e824a2baddf6f7dbdb4394863a9023
748,pixel_transfer,8,0,1,1,8,0,1,1,1,1,0,0,0cc04802f809d7573ddde7f1f92a407e4617707fcfe5b5b5b
749,pixel_transfer,8,0,1,1,8,0,1,1,1,0,0,0,0cc04802f809d7573ddde7f1f92a407e4617707fcfe5b5b5b
753,line_marker,8,0,1,1,8,0,1,1,1,0,1,0,0cc04802f809d7573ddde7f1f92a407e4617707fcfe5b5b5b
754,pixel_transfer,8,0,1,1,8,0,1,1,1,0,0,0,0cc04802f809d7573ddde7f1f92a407e4617707fcfe5b5b5b
763,pixel_transfer,8,0,1,1,8,0,1,1,1,1,0,0,0a884834e74d0ff2ff8ff410188c0d226500003e218e48002
764,pixel_transfer,8,0,1,1,8,0,1,1,1,0,0,0,0a884834e74d0ff2ff8ff410188c0d226500003e218e48002
767,pixel_transfer,8,0,1,1,8,0,1,1,1,1,0,0,00d75401ce6c67e6b6d6b6d6b122580ffffff6d7b7bfb0e30
768,pixel_transfer,8,0,1,1,8,0,1,1,1,0,0,0,00d75401ce6c67e6b6d6b6d6b122580ffffff6d7b7bfb0e30
771,pixel_transfer,8,0,1,1,8,0,1,1,1,1,0,0,00c59000002703dbfff2b6c0ba4848c2441040cfcffff2f79
772,pixel_transfer,8,0,1,1,8,0,1,1,1,0,0,0,00c59000002703dbfff2b6c0ba4848c2441040cfcffff2f79
775,pixel_transfer,8,0,1,1,8,0,1,1,1,1,0,0,074220ec838e805e700c02fd0605773bd76bf44271da2686a
776,pixel_transfer,8,0,1,1,8,0,1,1,1,0,0,0,074220ec838e805e700c02fd0605773bd76bf44271da2686a
780,pixel_transfer,8,0,1,1,8,0,1,1,1,0,1,0,074220ec838e805e700c02fd0605773bd76bf44271da2686a
781,pixel_transfer,8,0,1,1,8,0,1,1,1,0,0,0,074220ec838e805e700c02fd0605773bd76bf44271da2686a
790,pixel_transfer,8,0,1,1,8,0,1,1,1,1,0,0,010431db3424addfb7ed2290555a2490c6586281a4a342595
791,pixel_transfer,8,0,1,1,8,0,1,1,1,0,0,0,010431db3424addfb7ed2290555a2490c6586281a4a342595
794,pixel_transfer,8,0,1,1,8,0,1,1,1,1,0,0,0a0d01ac0c3bd191191283242270000340d030f9bf360efbf
795,pixel_transfer,8,0,1,1,8,0,1,1,1,0,0,0,0a0d01ac0c3bd191191283242270000340d030f9bf360efbf
798,pixel_transfer,8,0,1,1,8,0,1,1,1,1,0,0,048643ec70780e3708a0ca801723f25550d9174070fb35af0
799,pixel_transfer,8,0,1,1,8,0,1,1,1,0,0,0,048643ec70780e3708a0ca801723f25550d9174070fb35af0
802,line_marker,8,0,1,1,8,0,1,1,1,1,0,0,0940b05a36c10d79dd38e785720ef7b710e1ea15c112112a0
803,pixel_transfer,8,0,1,1,8,0,1,1,1,0,0,0,0940b05a36c10d79dd38e785720ef7b710e1ea15c112112a0
807,pixel_transfer,8,0,1,1,8,0,1,1,1,0,1,0,0940b05a36c10d79dd38e785720ef7b710e1ea15c112112a0
808,pixel_transfer,8,0,1,1,8,0,1,1,1,0,0,0,0940b05a36c10d79dd38e785720ef7b710e1ea15c112112a0
817,pixel_transfer,8,0,1,1,8,0,1,1,1,1,0,0,06f2dc00778effffdd63dd0dd2142be75541ddeeff789929c
818,pixel_transfer,8,0,1,1,8,0,1,1,1,0,0,0,06f2dc00778effffdd63dd0dd2142be75541ddeeff789929c
821,pixel_transfer,8,0,1,1,8,0,1,1,1,1,0,0,0d1811823a994f7d154057fb708c00b780040aa22528a902a
822,pixel_transfer,8,0,1,1,8,0,1,1,1,0,0,0,0d1811823a994f7d154057fb708c00b780040aa22528a902a
825,pixel_transfer,8,0,1,1,8,0,1,1,1,1,0,0,0ae4d972a2256d5c3072182df3a4324464610ee00005b2b00
826,pixel_transfer,8,0,1,1,8,0,1,1,1,0,0,0,0ae4d972a2256d5c3072182df3a4324464610ee00005b2b00
829,pixel_transfer,8,0,1,1,8,0,1,1,1,1,0,0,06af0cfaaf14ee8114d1181bd8757126880ef12472e008869
830,pixel_transfer,8,0,1,1,8,0,1,1,1,0,0,0,06af0cfaaf14ee8114d1181bd8757126880ef12472e008869
834,pixel_transfer,8,0,1,1,8,0,1,1,1,0,1,0,06af0cfaaf14ee8114d1181bd8757126880ef12472e008869
835,pixel_transfer,8,0,1,1,8,0,1,1,1,0,0,0,06af0cfaaf14ee8114d1181bd8757126880ef12472e008869
844,pixel_transfer,8,0,1,1,8,0,1,1,1,1,0,0,07bef071fe05d0706042228283a5da18a061153635d4d25cd
845,pixel_transfer,8,0,1,1,8,0,1,1,1,0,0,0,07bef071fe05d0706042228283a5da18a061153635d4d25cd
848,pixel_transfer,8,0,1,1,8,0,1,1,1,1,0,0,07de3154348eb73bd39c0a901100134a38d3172a16190803b
849,pixel_transfer,8,0,1,1,8,0,1,1,1,0,0,0,07de3154348eb73bd39c0a901100134a38d3172a16190803b
852,pixel_transfer,8,0,1,1,8,0,1,1,1,1,0,0,07cc8573c7a78a6d7dbf54590cf413ea000909b95d387ef79
853,pixel_transfer,8,0,1,1,8,0,1,1,1,0,0,0,07cc8573c7a78a6d7dbf54590cf413ea000909b95d387ef79
856,pixel_transfer,8,0,1,1,8,0,1,1,1,1,0,0,03ad28cd0557f0b9ab78bd27e8494edbace49dd019d7f3fe8
857,pixel_transfer,8,0,1,1,8,0,1,1,1,0,0,0,03ad28cd0557f0b9ab78bd27e8494edbace49dd019d7f3fe8
861,pixel_transfer,8,0,1,1,8,0,1,1,1,0,1,0,03ad28cd0557f0b9ab78bd27e8494edbace49dd019d7f3fe8
862,pixel_transfer,8,0,1,1,8,0,1,1,1,0,0,0,03ad28cd0557f0b9ab78bd27e8494edbace49dd019d7f3fe8
871,pixel_transfer,8,0,1,1,8,0,1,1,1,1,0,0,02822e412403954e7eb57c98fe6298a481314f0f853f0e13a
872,pixel_transfer,8,0,1,1,8,0,1,1,1,0,0,0,02822e412403954e7eb57c98fe6298a481314f0f853f0e13a
875,pixel_transfer,8,0,1,1,8,0,1,1,1,1,0,0,040805f42142472aceb013d41abc165e58e29891c00906d1d
876,pixel_transfer,8,0,1,1,8,0,1,1,1,0,0,0,040805f42142472aceb013d41abc165e58e29891c00906d1d
879,pixel_transfer,8,0,1,1,8,0,1,1,1,1,0,0,09d723ad7d5372ef887f2af86ca979844d841cc95837fcea7
880,pixel_transfer,8,0,1,1,8,0,1,1,1,0,0,0,09d723ad7d5372ef887f2af86ca979844d841cc95837fcea7
883,pixel_transfer,8,0,1,1,8,0,1,1,1,1,0,0,020143c3e407384205fe075b89eaf71d11279cad31639d1e9
884,pixel_transfer,8,0,1,1,8,0,1,1,1,0,0,0,020143c3e407384205fe075b89eaf71d11279cad31639d1e9
888,pixel_transfer,8,0,1,1,8,0,1,1,1,0,1,0,020143c3e407384205fe075b89eaf71d11279cad31639d1e9
889,pixel_transfer,8,0,1,1,8,0,1,1,1,0,0,0,020143c3e407384205fe075b89eaf71d11279cad31639d1e9
898,pixel_transfer,8,0,1,1,8,0,1,1,1,1,0,0,0941284ae3d422d821200dba38f5a4b45863ae26faa53fe8f
899,pixel_transfer,8,0,1,1,8,0,1,1,1,0,0,0,0941284ae3d422d821200dba38f5a4b45863ae26faa53fe8f
902,pixel_transfer,8,0,1,1,8,0,1,1,1,1,0,0,0fe2112078e3f081957f2f57c36245cd047f1f8994400e0ee
903,pixel_transfer,8,0,1,1,8,0,1,1,1,0,0,0,0fe2112078e3f081957f2f57c36245cd047f1f8994400e0ee
906,pixel_transfer,8,0,1,1,8,0,1,1,1,1,0,0,0d21000be4111388c1e1f9b7c603d25a22e973475990621fb
907,pixel_transfer,8,0,1,1,8,0,1,1,1,0,0,0,0d21000be4111388c1e1f9b7c603d25a22e973475990621fb
910,pixel_transfer,8,0,1,1,8,0,1,1,1,1,0,0,0254180440a82484302dc9980f8134842e644100499a80c81
911,pixel_transfer,8,0,1,1,8,0,1,1,1,0,0,0,0254180440a82484302dc9980f8134842e644100499a80c81
915,pixel_transfer,8,0,1,1,8,0,1,1,1,0,1,0,0254180440a82484302dc9980f8134842e644100499a80c81
916,pixel_transfer,8,0,1,1,8,0,1,1,1,0,0,0,0254180440a82484302dc9980f8134842e644100499a80c81
925,pixel_transfer,8,0,1,1,8,0,1,1,1,1,0,0,0f6284df9bd2823c40830428ef417a16b803f71841818e789
926,pixel_transfer,8,0,1,1,8,0,1,1,1,0,0,0,0f6284df9bd2823c40830428ef417a16b803f71841818e789
929,pixel_transfer,8,0,1,1,8,0,1,1,1,1,0,0,00788e23fdaacead91f651fa5487891841cf1249a471e9470
930,pixel_transfer,8,0,1,1,8,0,1,1,1,0,0,0,00788e23fdaacead91f651fa5487891841cf1249a471e9470
933,pixel_transfer,8,0,1,1,8,0,1,1,1,1,0,0,00777dfcb701d117175e48a0be9c723174071118cd29b5a1d
934,pixel_transfer,8,0,1,1,8,0,1,1,1,0,0,0,00777dfcb701d117175e48a0be9c723174071118cd29b5a1d
937,pixel_transfer,8,0,1,1,8,0,1,1,1,1,0,0,04c9083c48150db440497c44154b5933a2428e82328ce70f5
938,pixel_transfer,8,0,1,1,8,0,1,1,1,0,0,0,04c9083c48150db440497c44154b5933a2428e82328ce70f5
942,pixel_transfer,8,0,1,1,8,0,1,1,1,0,1,0,04c9083c48150db440497c44154b5933a2428e82328ce70f5
943,pixel_transfer,8,0,1,1,8,0,1,1,1,0,0,0,04c9083c48150db440497c44154b5933a2428e82328ce70f5
952,pixel_transfer,8,0,1,1,8,0,1,1,1,1,0,0,01902f7a43204e832d4ecddadac26d0aaa09dde3d10f91ae4
953,pixel_transfer,8,0,1,1,8,0,1,1,1,0,0,0,01902f7a43204e832d4ecddadac26d0aaa09dde3d10f91ae4
956,pixel_transfer,8,0,1,1,8,0,1,1,1,1,0,0,033664ba97ab700903344419b29057dd076252166e8b20565
957,pixel_transfer,8,0,1,1,8,0,1,1,1,0,0,0,033664ba97ab700903344419b29057dd076252166e8b20565
960,pixel_transfer,8,0,1,1,8,0,1,1,1,1,0,0,0112280bafbe3e2802e030012940ce9e625e9c7039aa1c0c3
961,pixel_transfer,8,0,1,1,8,0,1,1,1,0,0,0,0112280bafbe3e2802e030012940ce9e625e9c7039aa1c0c3
964,pixel_transfer,8,0,1,1,8,0,1,1,1,1,0,0,04ce18aceb3236b824203e215a0ee8c150cc8d8e48344c691
965,pixel_transfer,8,0,1,1,8,0,1,1,1,0,0,0,04ce18aceb3236b824203e215a0ee8c150cc8d8e48344c691
969,pixel_transfer,8,0,1,1,8,0,1,1,1,0,1,0,04ce18aceb3236b824203e215a0ee8c150cc8d8e48344c691
970,pixel_transfer,8,0,1,1,8,0,1,1,1,0,0,0,04ce18aceb3236b824203e215a0ee8c150cc8d8e48344c691
979,pixel_transfer,8,0,1,1,8,0,1,1,1,1,0,0,08908d0c44481558b5a0519924b4101590a169d53da133ba7
980,pixel_transfer,8,0,1,1,8,0,1,1,1,0,0,0,08908d0c44481558b5a0519924b4101590a169d53da133ba7
983,pixel_transfer,8,0,1,1,8,0,1,1,1,1,0,0,07a9d40e48d120086206088b8004d342c07b60549ad428d2a
984,pixel_transfer,8,0,1,1,8,0,1,1,1,0,0,0,07a9d40e48d120086206088b8004d342c07b60549ad428d2a
987,pixel_transfer,8,0,1,1,8,0,1,1,1,1,0,0,0c4e37828ffe67e03120440e5e04f665988971c55901fce3c
988,pixel_transfer,8,0,1,1,8,0,1,1,1,0,0,0,0c4e37828ffe67e03120440e5e04f665988971c55901fce3c
991,pixel_transfer,8,0,1,1,8,0,1,1,1,1,0,0,08e28100adf1813412540d079bb70e30a9902b4741164a9a2
992,pixel_transfer,8,0,1,1,8,0,1,1,1,0,0,0,08e28100adf1813412540d079bb70e30a9902b4741164a9a2
996,pixel_transfer,8,0,1,1,8,0,1,1,1,0,1,0,08e28100adf1813412540d079bb70e30a9902b4741164a9a2
997,pixel_transfer,8,0,1,1,8,0,1,1,1,0,0,0,08e28100adf1813412540d079bb70e30a9902b4741164a9a2
1006,pixel_transfer,8,0,1,1,8,0,1,1,1,1,0,0,00180bd0f00f8eb0814f4d0117bdf14f4409fec0436712890
1007,pixel_transfer,8,0,1,1,8,0,1,1,1,0,0,0,00180bd0f00f8eb0814f4d0117bdf14f4409fec0436712890
1010,pixel_transfer,8,0,1,1,8,0,1,1,1,1,0,0,064e9c0bf0088520a0521729e80de14438fc34188450119a1
1011,pixel_transfer,8,0,1,1,8,0,1,1,1,0,0,0,064e9c0bf0088520a0521729e80de14438fc34188450119a1
1014,pixel_transfer,8,0,1,1,8,0,1,1,1,1,0,0,03d7a70c939f5f58f99d7e7e7f81ae4e33b1313511717dd00
1015,pixel_transfer,8,0,1,1,8,0,1,1,1,0,0,0,03d7a70c939f5f58f99d7e7e7f81ae4e33b1313511717dd00
1018,pixel_transfer,8,0,1,1,8,0,1,1,1,1,0,0,0d0081c215f011e05dc957cc1067900c0831047c8eb77a18f
1019,pixel_transfer,8,0,1,1,8,0,1,1,1,0,0,0,0d0081c215f011e05dc957cc1067900c0831047c8eb77a18f
1023,pixel_transfer,8,0,1,1,8,0,1,1,1,0,1,0,0d0081c215f011e05dc957cc1067900c0831047c8eb77a18f
1024,pixel_transfer,8,0,1,1,8,0,1,1,1,0,0,0,0d0081c215f011e05dc957cc1067900c0831047c8eb77a18f
1033,pixel_transfer,8,0,1,1,8,0,1,1,1,1,0,0,0f8b0efa6f1e5ce20a82f3a82126803950d80ab7b774cff47
1034,pixel_transfer,8,0,1,1,8,0,1,1,1,0,0,0,0f8b0efa6f1e5ce20a82f3a82126803950d80ab7b774cff47
1037,pixel_transfer,8,0,1,1,8,0,1,1,1,1,0,0,00677001c6c0473e9acc15f39037c40c5c11106ffebb5403e
1038,pixel_transfer,8,0,1,1,8,0,1,1,1,0,0,0,00677001c6c0473e9acc15f39037c40c5c11106ffebb5403e
1041,pixel_transfer,8,0,1,1,8,0,1,1,1,1,0,0,04231cc1e1c87f5e79c12a712646a18e481c90220a166283b
1042,pixel_transfer,8,0,1,1,8,0,1,1,1,0,0,0,04231cc1e1c87f5e79c12a712646a18e481c90220a166283b
1045,pixel_transfer,8,0,1,1,8,0,1,1,1,1,0,0,08f7221e145aff3b3689de2823e1567414e5de049cf69e444
1046,pixel_transfer,8,0,1,1,8,0,1,1,1,0,0,0,08f7221e145aff3b3689de2823e1567414e5de049cf69e444
1050,pixel_transfer,8,0,1,1,8,0,1,1,1,0,1,0,08f7221e145aff3b3689de2823e1567414e5de049cf69e444
1051,pixel_transfer,8,0,1,1,8,0,1,1,1,0,0,0,08f7221e145aff3b3689de2823e1567414e5de049cf69e444
1060,pixel_transfer,8,0,1,1,8,0,1,1,1,1,0,0,0a0ff100c01bcf811c28ff07de808e1f0c102db50f40a7884
1061,pixel_transfer,8,0,1,1,8,0,1,1,1,0,0,0,0a0ff100c01bcf811c28ff07de808e1f0c102db50f40a7884
1064,pixel_transfer,8,0,1,1,8,0,1,1,1,1,0,0,0b5a4806984051e3f02ea08178410396dea423da3fc32d420
1065,pixel_transfer,8,0,1,1,8,0,1,1,1,0,0,0,0b5a4806984051e3f02ea08178410396dea423da3fc32d420
1068,pixel_transfer,8,0,1,1,8,0,1,1,1,1,0,0,0b9d089afcb2507f9802a940110c148fff1023c10c2151031
1069,pixel_transfer,8,0,1,1,8,0,1,1,1,0,0,0,0b9d089afcb2507f9802a940110c148fff1023c10c2151031
1072,pixel_transfer,8,0,1,1,8,0,1,1,1,1,0,0,0815240548d4c1e0160ce01d5b0fe3c22ca87125004d1e5ee
1073,pixel_transfer,8,0,1,1,8,0,1,1,1,0,0,0,0815240548d4c1e0160ce01d5b0fe3c22ca87125004d1e5ee
1077,pixel_transfer,8,0,1,1,8,0,1,1,1,0,1,0,0815240548d4c1e0160ce01d5b0fe3c22ca87125004d1e5ee
1078,pixel_transfer,8,0,1,1,8,0,1,1,1,0,0,0,0815240548d4c1e0160ce01d5b0fe3c22ca87125004d1e5ee
1087,pixel_transfer,8,0,1,1,8,0,1,1,1,1,0,0,081652968841624c2be013902de0c70908f2c7c566b3cfd07
1088,pixel_transfer,8,0,1,1,8,0,1,1,1,0,0,0,081652968841624c2be013902de0c70908f2c7c566b3cfd07
1091,pixel_transfer,8,0,1,1,8,0,1,1,1,1,0,0,0ca17d10f11b6b1157804060126c210ca01e03f808894f224
1092,pixel_transfer,8,0,1,1,8,0,1,1,1,0,0,0,0ca17d10f11b6b1157804060126c210ca01e03f808894f224
1095,pixel_transfer,8,0,1,1,8,0,1,1,1,1,0,0,080b3bc6bd62972ff8b9cb202b860222eb0a70cd76141e841
1096,line_marker,8,0,1,1,8,0,1,1,1,0,0,0,080b3bc6bd62972ff8b9cb202b860222eb0a70cd76141e841
1099,pixel_transfer,8,0,1,1,8,0,1,1,1,1,0,0,05e4486923280ca1715a71c075613882a08601080642527b0
1100,pixel_transfer,8,0,1,1,8,0,1,1,1,0,0,0,05e4486923280ca1715a71c075613882a08601080642527b0
1104,pixel_transfer,8,0,1,1,8,0,1,1,1,0,1,0,05e4486923280ca1715a71c075613882a08601080642527b0
1105,pixel_transfer,8,0,1,1,8,0,1,1,1,0,0,0,05e4486923280ca1715a71c075613882a08601080642527b0
1114,pixel_transfer,8,0,1,1,8,0,1,1,1,1,0,0,03221ab2ad001084a92452150c0cc4894608a5552d266d206
1115,pixel_transfer,8,0,1,1,8,0,1,1,1,0,0,0,03221ab2ad001084a92452150c0cc4894608a5552d266d206
1118,pixel_transfer,8,0,1,1,8,0,1,1,1,1,0,0,0685260690c8a42fc180518a79328420450114640cd0843a6
1119,pixel_transfer,8,0,1,1,8,0,1,1,1,0,0,0,0685260690c8a42fc180518a79328420450114640cd0843a6
1122,pixel_transfer,8,0,1,1,8,0,1,1,1,1,0,0,0502582be962a11a22ae8bd8522bd904440d5a00700352351
1123,pixel_transfer,8,0,1,1,8,0,1,1,1,0,0,0,0502582be962a11a22ae8bd8522bd904440d5a00700352351
1126,pixel_transfer,8,0,1,1,8,0,1,1,1,1,0,0,085241105f53fa4d91340c01f164928a240413c368987a23b
1127,pixel_transfer,8,0,1,1,8,0,1,1,1,0,0,0,085241105f53fa4d91340c01f164928a240413c368987a23b
1131,pixel_transfer,8,0,1,1,8,0,1,1,1,0,1,0,085241105f53fa4d91340c01f164928a240413c368987a23b
1132,pixel_transfer,8,0,1,1,8,0,1,1,1,0,0,0,085241105f53fa4d91340c01f164928a240413c368987a23b
1141,pixel_transfer,8,0,1,1,8,0,1,1,1,1,0,0,0e4cd41933802a9e4945444556a7140a81e6001906e110c91
1142,pixel_transfer,8,0,1,1,8,0,1,1,1,0,0,0,0e4cd41933802a9e4945444556a7140a81e6001906e110c91
1145,line_marker,8,0,1,1,8,0,1,1,1,1,0,0,021672231a8999a59d0951424a14644e0fb4ca212089a01a8
1146,pixel_transfer,8,0,1,1,8,0,1,1,1,0,0,0,021672231a8999a59d0951424a14644e0fb4ca212089a01a8
1149,pixel_transfer,8,0,1,1,8,0,1,1,1,1,0,0,0249b37d66cca50858ca0f08734c6a9243200299565c294a8
1150,pixel_transfer,8,0,1,1,8,0,1,1,1,0,0,0,0249b37d66cca50858ca0f08734c6a9243200299565c294a8
1153,pixel_transfer,8,0,1,1,8,0,1,1,1,1,0,0,06ad3b541598d99384e694ad1397a241a8f130601c647003e
1154,pixel_transfer,8,0,1,1,8,0,1,1,1,0,0,0,06ad3b541598d99384e694ad1397a241a8f130601c647003e
1158,pixel_transfer,8,0,1,1,8,0,1,1,1,0,1,0,06ad3b541598d99384e694ad1397a241a8f130601c647003e
1159,pixel_transfer,8,0,1,1,8,0,1,1,1,0,0,0,06ad3b541598d99384e694ad1397a241a8f130601c647003e
1168,pixel_transfer,8,0,1,1,8,0,1,1,1,1,0,0,0764d6130763d170e068abbe40533c82a422585a2bb0bca41
1169,pixel_transfer,8,0,1,1,8,0,1,1,1,0,0,0,0764d6130763d170e068abbe40533c82a422585a2bb0bca41
1172,pixel_transfer,8,0,1,1,8,0,1,1,1,1,0,0,042c03e07010866d47a1009094761e8754d015152aea801d2
1173,pixel_transfer,8,0,1,1,8,0,1,1,1,0,0,0,042c03e07010866d47a1009094761e8754d015152aea801d2
1176,pixel_transfer,8,0,1,1,8,0,1,1,1,1,0,0,09e5462d714dd5999120dc50a00044804c51d02f6834f5483
1177,pixel_transfer,8,0,1,1,8,0,1,1,1,0,0,0,09e5462d714dd5999120dc50a00044804c51d02f6834f5483
1180,pixel_transfer,8,0,1,1,8,0,1,1,1,1,0,0,0fbd3f6f14c52b89f079db59cd962c8d305a1cf0202ff7d3e
1181,pixel_transfer,8,0,1,1,8,0,1,1,1,0,0,0,0fbd3f6f14c52b89f079db59cd962c8d305a1cf0202ff7d3e
1185,pixel_transfer,8,0,1,1,8,0,1,1,1,0,1,0,0fbd3f6f14c52b89f079db59cd962c8d305a1cf0202ff7d3e
1186,pixel_transfer,8,0,1,1,8,0,1,1,1,0,0,0,0fbd3f6f14c52b89f079db59cd962c8d305a1cf0202ff7d3e
1195,pixel_transfer,8,0,1,1,8,0,1,1,1,1,0,0,0efb907c02c42475d50475c60ecc20ea88480f4a88e10894b
1196,pixel_transfer,8,0,1,1,8,0,1,1,1,0,0,0,0efb907c02c42475d50475c60ecc20ea88480f4a88e10894b
1199,pixel_transfer,8,0,1,1,8,0,1,1,1,1,0,0,0860071100dde208823441d8122d20451d9033775eff2a5c3
1200,pixel_transfer,8,0,1,1,8,0,1,1,1,0,0,0,0860071100dde208823441d8122d20451d9033775eff2a5c3
1203,pixel_transfer,8,0,1,1,8,0,1,1,1,1,0,0,0ba24f4fa8210681680df3d0f2207809c737d04ee36000a23
1204,pixel_transfer,8,0,1,1,8,0,1,1,1,0,0,0,0ba24f4fa8210681680df3d0f2207809c737d04ee36000a23
1207,pixel_transfer,8,0,1,1,8,0,1,1,1,1,0,0,0c8c987104eb10cb198989d8823421271693a7a605c871f53
1208,pixel_transfer,8,0,1,1,8,0,1,1,1,0,0,0,0c8c987104eb10cb198989d8823421271693a7a605c871f53
1212,pixel_transfer,8,0,1,1,8,0,1,1,1,0,1,0,0c8c987104eb10cb198989d8823421271693a7a605c871f53
1213,pixel_transfer,8,0,1,1,8,0,1,1,1,0,0,0,0c8c987104eb10cb198989d8823421271693a7a605c871f53
1222,pixel_transfer,8,0,1,1,8,0,1,1,1,1,0,0,0a13c76a0fae0ac884a7f888830efe89e97f352f0f1704049
1223,pixel_transfer,8,0,1,1,8,0,1,1,1,0,0,0,0a13c76a0fae0ac884a7f888830efe89e97f352f0f1704049
1226,pixel_transfer,8,0,1,1,8,0,1,1,1,1,0,0,0c8b18a44ccf3c51d4a13a8cf07343b07809352f1202f15f0
1227,pixel_transfer,8,0,1,1,8,0,1,1,1,0,0,0,0c8b18a44ccf3c51d4a13a8cf07343b07809352f1202f15f0
1230,pixel_transfer,8,0,1,1,8,0,1,1,1,1,0,0,0eaf7075096e2b2700e8a0d0edcffb08b63f90c13c6a1180a
1231,pixel_transfer,8,0,1,1,8,0,1,1,1,0,0,0,0eaf7075096e2b2700e8a0d0edcffb08b63f90c13c6a1180a
1234,pixel_transfer,8,0,1,1,8,0,1,1,1,1,0,0,09b2420a29013007c0b22184091a47e7ad251986300bbc8c2
1235,pixel_transfer,8,0,1,1,8,0,1,1,1,0,0,0,09b2420a29013007c0b22184091a47e7ad251986300bbc8c2
1239,pixel_transfer,8,0,1,1,8,0,1,1,1,0,1,0,09b2420a29013007c0b22184091a47e7ad251986300bbc8c2
1240,pixel_transfer,8,0,1,1,8,0,1,1,1,0,0,0,09b2420a29013007c0b22184091a47e7ad251986300bbc8c2
1249,pixel_transfer,8,0,1,1,8,0,1,1,1,1,0,0,00f7aa886077b03c93fe88ee11f007184f21188e2cb902fcc
1250,pixel_transfer,8,0,1,1,8,0,1,1,1,0,0,0,00f7aa886077b03c93fe88ee11f007184f21188e2cb902fcc
1253,pixel_transfer,8,0,1,1,8,0,1,1,1,1,0,0,022187308fe149fbc050417d93d53107b4cc9879e43d9839e
1254,pixel_transfer,8,0,1,1,8,0,1,1,1,0,0,0,022187308fe149fbc050417d93d53107b4cc9879e43d9839e
1257,pixel_transfer,8,0,1,1,8,0,1,1,1,1,0,0,0f2739cef06e1ef29a9800ec56a383cc8e24008a8146a00f8
1258,pixel_transfer,8,0,1,1,8,0,1,1,1,0,0,0,0f2739cef06e1ef29a9800ec56a383cc8e24008a8146a00f8
1261,pixel_transfer,8,0,1,1,8,0,1,1,1,1,0,0,0fb99a0e0ef57a440090f66ea04e733bdfedca7235080fb63
1262,pixel_transfer,8,0,1,1,8,0,1,1,1,0,0,0,0fb99a0e0ef57a440090f66ea04e733bdfedca7235080fb63
1266,pixel_transfer,8,0,1,1,8,0,1,1,1,0,1,0,0fb99a0e0ef57a440090f66ea04e733bdfedca7235080fb63
1267,pixel_transfer,8,0,1,1,8,0,1,1,1,0,0,0,0fb99a0e0ef57a440090f66ea04e733bdfedca7235080fb63
1276,pixel_transfer,8,0,1,1,8,0,1,1,1,1,0,0,00b094af02c1502b81009fa910d1280530824572d00a50401
1277,pixel_transfer,8,0,1,1,8,0,1,1,1,0,0,0,00b094af02c1502b81009fa910d1280530824572d00a50401
1280,pixel_transfer,8,0,1,1,8,0,1,1,1,1,0,0,09450ef762551fa5b4955ce9ad01b0cba595bd51898a923f0
1281,pixel_transfer,8,0,1,1,8,0,1,1,1,0,0,0,09450ef762551fa5b4955ce9ad01b0cba595bd51898a923f0
1284,pixel_transfer,8,0,1,1,8,0,1,1,1,1,0,0,06550100cc96ef0738c4400dcddbd290074cecd81826f01c9
1285,pixel_transfer,8,0,1,1,8,0,1,1,1,0,0,0,06550100cc96ef0738c4400dcddbd290074cecd81826f01c9
1288,pixel_transfer,8,0,1,1,8,0,1,1,1,1,0,0,0121140ddfd71b1ba9e0c0ac8a5f8f3411ef14a8474f7a410
1289,pixel_transfer,8,0,1,1,8,0,1,1,1,0,0,0,0121140ddfd71b1ba9e0c0ac8a5f8f3411ef14a8474f7a410
1293,pixel_transfer,8,0,1,1,8,0,1,1,1,0,1,0,0121140ddfd71b1ba9e0c0ac8a5f8f3411ef14a8474f7a410
1294,pixel_transfer,8,0,1,1,8,0,1,1,1,0,0,0,0121140ddfd71b1ba9e0c0ac8a5f8f3411ef14a8474f7a410
1303,pixel_transfer,8,0,1,1,8,0,1,1,1,1,0,0,0e012a0802c410511929b9202809b9342b5d301f001e11950
1304,pixel_transfer,8,0,1,1,8,0,1,1,1,0,0,0,0e012a0802c410511929b9202809b9342b5d301f001e11950
1307,pixel_transfer,8,0,1,1,8,0,1,1,1,1,0,0,0aa009d6144032533455ad0132e11d113250a12672442a85a
1308,pixel_transfer,8,0,1,1,8,0,1,1,1,0,0,0,0aa009d6144032533455ad0132e11d113250a12672442a85a
1311,pixel_transfer,8,0,1,1,8,0,1,1,1,1,0,0,028a4c68782920260b730dc876c725220d91d6b4748cc71ac
1312,pixel_transfer,8,0,1,1,8,0,1,1,1,0,0,0,028a4c68782920260b730dc876c725220d91d6b4748cc71ac
1315,pixel_transfer,8,0,1,1,8,0,1,1,1,1,0,0,09d784509fae698e3083d71d7ab38ce0855a9925f01b80121
1316,pixel_transfer,8,0,1,1,8,0,1,1,1,0,0,0,09d784509fae698e3083d71d7ab38ce0855a9925f01b80121
1320,pixel_transfer,8,0,1,1,8,0,1,1,1,0,1,0,09d784509fae698e3083d71d7ab38ce0855a9925f01b80121
1321,pixel_transfer,8,0,1,1,8,0,1,1,1,0,0,0,09d784509fae698e3083d71d7ab38ce0855a9925f01b80121
1330,pixel_transfer,8,0,1,1,8,0,1,1,1,1,0,0,09a2a3d5652404102a206e88a0605cbf710a9ad877a8d08aa
1331,pixel_transfer,8,0,1,1,8,0,1,1,1,0,0,0,09a2a3d5652404102a206e88a0605cbf710a9ad877a8d08aa
1334,pixel_transfer,8,0,1,1,8,0,1,1,1,1,0,0,080308000d0da20c0919ae2e8011901bd8e500b3806194760
1335,pixel_transfer,8,0,1,1,8,0,1,1,1,0,0,0,080308000d0da20c0919ae2e8011901bd8e500b3806194760
1338,pixel_transfer,8,0,1,1,8,0,1,1,1,1,0,0,0128d43e30084018fc69701070fe3000cffc9c0206540034c
1339,pixel_transfer,8,0,1,1,8,0,1,1,1,0,0,0,0128d43e30084018fc69701070fe3000cffc9c0206540034c
1342,pixel_transfer,8,0,1,1,8,0,1,1,1,1,0,0,00c2d875072d7275083e0c7318a2de4e949d23e2fabc4fcff
1343,pixel_transfer,8,0,1,1,8,0,1,1,1,0,0,0,00c2d875072d7275083e0c7318a2de4e949d23e2fabc4fcff
1347,pixel_transfer,8,0,1,1,8,0,1,1,1,0,1,0,00c2d875072d7275083e0c7318a2de4e949d23e2fabc4fcff
1348,pixel_transfer,8,0,1,1,8,0,1,1,1,0,0,0,00c2d875072d7275083e0c7318a2de4e949d23e2fabc4fcff
1357,pixel_transfer,8,0,1,1,8,0,1,1,1,1,0,0,0ff03919403c47395347e1d317a92d37f98c2bda7c673e99d
1358,pixel_transfer,8,0,1,1,8,0,1,1,1,0,0,0,0ff03919403c47395347e1d317a92d37f98c2bda7c673e99d
1361,pixel_transfer,8,0,1,1,8,0,1,1,1,1,0,0,0017befbc07b04010a9f48106775f01f2a73c41396a82a241
1362,pixel_transfer,8,0,1,1,8,0,1,1,1,0,0,0,0017befbc07b04010a9f48106775f01f2a73c41396a82a241
1365,pixel_transfer,8,0,1,1,8,0,1,1,1,1,0,0,0d7ec44042a898a90c0a11e3c0e280772be79b000ed3b6fdf
1366,pixel_transfer,8,0,1,1,8,0,1,1,1,0,0,0,0d7ec44042a898a90c0a11e3c0e280772be79b000ed3b6fdf
1369,pixel_transfer,8,0,1,1,8,0,1,1,1,1,0,0,082d11f36efc142b8890a996234b871518ae523513c7c5f1c
1370,pixel_transfer,8,0,1,1,8,0,1,1,1,0,0,0,082d11f36efc142b8890a996234b871518ae523513c7c5f1c
1374,pixel_transfer,8,0,1,1,8,0,1,1,1,0,1,0,082d11f36efc142b8890a996234b871518ae523513c7c5f1c
1375,pixel_transfer,8,0,1,1,8,0,1,1,1,0,0,0,082d11f36efc142b8890a996234b871518ae523513c7c5f1c
1384,pixel_transfer,8,0,1,1,8,0,1,1,1,1,0,0,008410c150741b1c551c91311ca4f7c8a1375e52f7b6092ca
1385,pixel_transfer,8,0,1,1,8,0,1,1,1,0,0,0,008410c150741b1c551c91311ca4f7c8a1375e52f7b6092ca
1388,pixel_transfer,8,0,1,1,8,0,1,1,1,1,0,0,0408911c16b91fe7efd751071c3790601803849c13c23a7fb
1389,pixel_transfer,8,0,1,1,8,0,1,1,1,0,0,0,0408911c16b91fe7efd751071c3790601803849c13c23a7fb
1392,pixel_transfer,8,0,1,1,8,0,1,1,1,1,0,0,07238ea01000a8c743efca4e280d4fb9782e78a0a1b001641
1393,pixel_transfer,8,0,1,1,8,0,1,1,1,0,0,0,07238ea01000a8c743efca4e280d4fb9782e78a0a1b001641
1396,pixel_transfer,8,0,1,1,8,0,1,1,1,1,0,0,0bb410fa0bb80701df1a1245469220a9ad248184594a09220
1397,pixel_transfer,8,0,1,1,8,0,1,1,1,0,0,0,0bb410fa0bb80701df1a1245469220a9ad248184594a09220
1401,pixel_transfer,8,0,1,1,8,0,1,1,1,0,1,0,0bb410fa0bb80701df1a1245469220a9ad248184594a09220
1402,pixel_transfer,8,0,1,1,8,0,1,1,1,0,0,0,0bb410fa0bb80701df1a1245469220a9ad248184594a09220
1411,pixel_transfer,8,0,1,1,8,0,1,1,1,1,0,0,093c16b34ffa0264a12ff23e8523ae287e1033390fc033aa8
1412,pixel_transfer,8,0,1,1,8,0,1,1,1,0,0,0,093c16b34ffa0264a12ff23e8523ae287e1033390fc033aa8
1415,pixel_transfer,8,0,1,1,8,0,1,1,1,1,0,0,0a83c8862a8bceb5e60cefb808e1070244d385ff97f863a14
1416,pixel_transfer,8,0,1,1,8,0,1,1,1,0,0,0,0a83c8862a8bceb5e60cefb808e1070244d385ff97f863a14
1419,pixel_transfer,8,0,1,1,8,0,1,1,1,1,0,0,0c0fd5d60708a8303acda6270db7ce5b601e5e25140728d39
1420,pixel_transfer,8,0,1,1,8,0,1,1,1,0,0,0,0c0fd5d60708a8303acda6270db7ce5b601e5e25140728d39
1423,pixel_transfer,8,0,1,1,8,0,1,1,1,1,0,0,08ca694aa4566994715d519fc05c4d8748f44e8510c5fcfc9
1424,pixel_transfer,8,0,1,1,8,0,1,1,1,0,0,0,08ca694aa4566994715d519fc05c4d8748f44e8510c5fcfc9
1428,pixel_transfer,8,0,1,1,8,0,1,1,1,0,1,0,08ca694aa4566994715d519fc05c4d8748f44e8510c5fcfc9
1429,pixel_transfer,8,0,1,1,8,0,1,1,1,0,0,0,08ca694aa4566994715d519fc05c4d8748f44e8510c5fcfc9
1438,pixel_transfer,8,0,1,1,8,0,1,1,1,1,0,0,0c929a73425d041118bdaa2202334222149abd188884e1529
1439,line_marker,8,0,1,1,8,0,1,1,1,0,0,0,0c929a73425d041118bdaa2202334222149abd188884e1529
1442,pixel_transfer,8,0,1,1,8,0,1,1,1,1,0,0,0a56844c49a418d5203fabe655e04ee9f194401250340e686
1443,pixel_transfer,8,0,1,1,8,0,1,1,1,0,0,0,0a56844c49a418d5203fabe655e04ee9f194401250340e686
1446,pixel_transfer,8,0,1,1,8,0,1,1,1,1,0,0,071a53bf99c58229178f8a9fc94535210113a14a099a52a10
1447,pixel_transfer,8,0,1,1,8,0,1,1,1,0,0,0,071a53bf99c58229178f8a9fc94535210113a14a099a52a10
1450,pixel_transfer,8,0,1,1,8,0,1,1,1,1,0,0,0ce734494142a8c22f4a088107f5647f4bba0052afb4209c0
1451,pixel_transfer,8,0,1,1,8,0,1,1,1,0,0,0,0ce734494142a8c22f4a088107f5647f4bba0052afb4209c0
1455,pixel_transfer,8,0,1,1,8,0,1,1,1,0,1,0,0ce734494142a8c22f4a088107f5647f4bba0052afb4209c0
1456,pixel_transfer,8,0,1,1,8,0,1,1,1,0,0,0,0ce734494142a8c22f4a088107f5647f4bba0052afb4209c0
1465,pixel_transfer,8,0,1,1,8,0,1,1,1,1,0,0,0f2910e0044534a446a44a2244000a65492a0b82381bc08c8
1466,pixel_transfer,8,0,1,1,8,0,1,1,1,0,0,0,0f2910e0044534a446a44a2244000a65492a0b82381bc08c8
1469,pixel_transfer,8,0,1,1,8,0,1,1,1,1,0,0,01b504056053c6b4ca9a49232954e472552b44004c9b12019
1470,pixel_transfer,8,0,1,1,8,0,1,1,1,0,0,0,01b504056053c6b4ca9a49232954e472552b44004c9b12019
1473,pixel_transfer,8,0,1,1,8,0,1,1,1,1,0,0,053aa8a11ea4ba000a36000bba3a49200c46b679cc7e71350
1474,pixel_transfer,8,0,1,1,8,0,1,1,1,0,0,0,053aa8a11ea4ba000a36000bba3a49200c46b679cc7e71350
1477,pixel_transfer,8,0,1,1,8,0,1,1,1,1,0,0,007959e1173d59807093c1248a260e5fd715358ae7227a982
1478,pixel_transfer,8,0,1,1,8,0,1,1,1,0,0,0,007959e1173d59807093c1248a260e5fd715358ae7227a982
1482,pixel_transfer,8,0,1,1,8,0,1,1,1,0,1,0,007959e1173d59807093c1248a260e5fd715358ae7227a982
1483,pixel_transfer,8,0,1,1,8,0,1,1,1,0,0,0,007959e1173d59807093c1248a260e5fd715358ae7227a982
1492,pixel_transfer,8,0,1,1,8,0,1,1,1,1,0,0,02500dc5c6f063698da80b07cdfa73a14ae3445144450d7c3
1493,pixel_transfer,8,0,1,1,8,0,1,1,1,0,0,0,02500dc5c6f063698da80b07cdfa73a14ae3445144450d7c3
1496,pixel_transfer,8,0,1,1,8,0,1,1,1,1,0,0,0e588e2ca1178103d11e56807a00991abf580d87b10195d71
1497,pixel_transfer,8,0,1,1,8,0,1,1,1,0,0,0,0e588e2ca1178103d11e56807a00991abf580d87b10195d71
1500,pixel_transfer,8,0,1,1,8,0,1,1,1,1,0,0,06594219e3ae2fc7d9c2add3aeb1299822212e201e41dd138
1501,pixel_transfer,8,0,1,1,8,0,1,1,1,0,0,0,06594219e3ae2fc7d9c2add3aeb1299822212e201e41dd138
1504,pixel_transfer,8,0,1,1,8,0,1,1,1,1,0,0,043c1d0f3cd83f610ab3d88009e791efce7896ba0ffcf5074
1505,pixel_transfer,8,0,1,1,8,0,1,1,1,0,0,0,043c1d0f3cd83f610ab3d88009e791efce7896ba0ffcf5074
1509,pixel_transfer,8,0,1,1,8,0,1,1,1,0,1,0,043c1d0f3cd83f610ab3d88009e791efce7896ba0ffcf5074
1510,pixel_transfer,8,0,1,1,8,0,1,1,1,0,0,0,043c1d0f3cd83f610ab3d88009e791efce7896ba0ffcf5074
1519,pixel_transfer,8,0,1,1,8,0,1,1,1,1,0,0,0104185201c4d0fbff00efb5f4224208045d4ec4294611411
1520,pixel_transfer,8,0,1,1,8,0,1,1,1,0,0,0,0104185201c4d0fbff00efb5f4224208045d4ec4294611411
1523,pixel_transfer,8,0,1,1,8,0,1,1,1,1,0,0,0e4d40c4de1506b9a1d841165114c153a1a9f02890480d51c
1524,pixel_transfer,8,0,1,1,8,0,1,1,1,0,0,0,0e4d40c4de1506b9a1d841165114c153a1a9f02890480d51c
1527,pixel_transfer,8,0,1,1,8,0,1,1,1,1,0,0,06ac20716f905c9d7258a8272f3cc0344e9be8c8b226a0a02
1528,pixel_transfer,8,0,1,1,8,0,1,1,1,0,0,0,06ac20716f905c9d7258a8272f3cc0344e9be8c8b226a0a02
1531,pixel_transfer,8,0,1,1,8,0,1,1,1,1,0,0,01f3217863dc60cb38748fbc94b0ef4fcf3d19027f59721b6
1532,pixel_transfer,8,0,1,1,8,0,1,1,1,0,0,0,01f3217863dc60cb38748fbc94b0ef4fcf3d19027f59721b6
1536,pixel_transfer,8,0,1,1,8,0,1,1,1,0,1,0,01f3217863dc60cb38748fbc94b0ef4fcf3d19027f59721b6
1537,line_marker,8,0,1,1,8,0,1,1,1,0,0,0,01f3217863dc60cb38748fbc94b0ef4fcf3d19027f59721b6
1546,pixel_transfer,8,0,1,1,8,0,1,1,1,1,0,0,050479661f640e871c7f2839e2a8d2302007914bc450f9566
1547,pixel_transfer,8,0,1,1,8,0,1,1,1,0,0,0,050479661f640e871c7f2839e2a8d2302007914bc450f9566
1550,pixel_transfer,8,0,1,1,8,0,1,1,1,1,0,0,040a8d61fa074010187c3832c9363f9933f900e24fa302434
1551,pixel_transfer,8,0,1,1,8,0,1,1,1,0,0,0,040a8d61fa074010187c3832c9363f9933f900e24fa302434
1554,pixel_transfer,8,0,1,1,8,0,1,1,1,1,0,0,08a9e293acf4887518c389f4ceaa705982c4348e4c3cf3c10
1555,pixel_transfer,8,0,1,1,8,0,1,1,1,0,0,0,08a9e293acf4887518c389f4ceaa705982c4348e4c3cf3c10
1558,pixel_transfer,8,0,1,1,8,0,1,1,1,1,0,0,06b1b214d641104e82951805e60a328141681ff40041f6a1c
1559,pixel_transfer,8,0,1,1,8,0,1,1,1,0,0,0,06b1b214d641104e82951805e60a328141681ff40041f6a1c
1563,pixel_transfer,8,0,1,1,8,0,1,1,1,0,1,0,06b1b214d641104e82951805e60a328141681ff40041f6a1c
1564,pixel_transfer,8,0,1,1,8,0,1,1,1,0,0,0,06b1b214d641104e82951805e60a328141681ff40041f6a1c
1573,pixel_transfer,8,0,1,1,8,0,1,1,1,1,0,0,097a10c5d279ee4e1073d879ad103591a7aa84400e032410d
1574,pixel_transfer,8,0,1,1,8,0,1,1,1,0,0,0,097a10c5d279ee4e1073d879ad103591a7aa84400e032410d
1577,pixel_transfer,8,0,1,1,8,0,1,1,1,1,0,0,0bf9e4cf975941923940947221c902f80d9f39875545b3030
1578,pixel_transfer,8,0,1,1,8,0,1,1,1,0,0,0,0bf9e4cf975941923940947221c902f80d9f39875545b3030
1581,pixel_transfer,8,0,1,1,8,0,1,1,1,1,0,0,0d8a667fe74940a97f3fa03943029058fe0f12cc3fd712c0c
1582,pixel_transfer,8,0,1,1,8,0,1,1,1,0,0,0,0d8a667fe74940a97f3fa03943029058fe0f12cc3fd712c0c
1585,pixel_transfer,8,0,1,1,8,0,1,1,1,1,0,0,0f08cc116a080c69189608e074a2d62a8a4882ca9981ee01f
1586,line_marker,8,0,1,1,8,0,1,1,1,0,0,0,0f08cc116a080c69189608e074a2d62a8a4882ca9981ee01f
1590,pixel_transfer,8,0,1,1,8,0,1,1,1,0,1,0,0f08cc116a080c69189608e074a2d62a8a4882ca9981ee01f
1591,pixel_transfer,8,0,1,1,8,0,1,1,1,0,0,0,0f08cc116a080c69189608e074a2d62a8a4882ca9981ee01f
1600,pixel_transfer,8,0,1,1,8,0,1,1,1,1,0,0,0403e423980dc10c137c00879774f2a4bde06f9218838ab84
1601,pixel_transfer,8,0,1,1,8,0,1,1,1,0,0,0,0403e423980dc10c137c00879774f2a4bde06f9218838ab84
1604,pixel_transfer,8,0,1,1,8,0,1,1,1,1,0,0,005df8202828fb32945ef36220a7a23ea908b6da6c4814b48
1605,pixel_transfer,8,0,1,1,8,0,1,1,1,0,0,0,005df8202828fb32945ef36220a7a23ea908b6da6c4814b48
1608,pixel_transfer,8,0,1,1,8,0,1,1,1,1,0,0,010b2d808a2185fc0fee23829a8766f4a40de08a5c7912e1e
1609,pixel_transfer,8,0,1,1,8,0,1,1,1,0,0,0,010b2d808a2185fc0fee23829a8766f4a40de08a5c7912e1e
1612,pixel_transfer,8,0,1,1,8,0,1,1,1,1,0,0,00f82ffff01f06c032ae019ba2124b115b4e08246c4c5d710
1613,pixel_transfer,8,0,1,1,8,0,1,1,1,0,0,0,00f82ffff01f06c032ae019ba2124b115b4e08246c4c5d710
1617,pixel_transfer,8,0,1,1,8,0,1,1,1,0,1,0,00f82ffff01f06c032ae019ba2124b115b4e08246c4c5d710
1618,pixel_transfer,8,0,1,1,8,0,1,1,1,0,0,0,00f82ffff01f06c032ae019ba2124b115b4e08246c4c5d710
1627,pixel_transfer,8,0,1,1,8,0,1,1,1,1,0,0,0085c266a47bea0fdcca25c0a003b9504d54d2509346d5250
1628,pixel_transfer,8,0,1,1,8,0,1,1,1,0,0,0,0085c266a47bea0fdcca25c0a003b9504d54d2509346d5250
1631,pixel_transfer,8,0,1,1,8,0,1,1,1,1,0,0,09048448065669d4a42e41ecb38a05254a1742209103b2909
1632,pixel_transfer,8,0,1,1,8,0,1,1,1,0,0,0,09048448065669d4a42e41ecb38a05254a1742209103b2909
1635,line_marker,8,0,1,1,8,0,1,1,1,1,0,0,08d1424353c9391a800b98528c223543c0ac84ab049112264
1636,pixel_transfer,8,0,1,1,8,0,1,1,1,0,0,0,08d1424353c9391a800b98528c223543c0ac84ab049112264
1639,pixel_transfer,8,0,1,1,8,0,1,1,1,1,0,0,0003237603621d5737e519a290815c701882273ce2f67922a
1640,pixel_transfer,8,0,1,1,8,0,1,1,1,0,0,0,0003237603621d5737e519a290815c701882273ce2f67922a
1644,pixel_transfer,8,0,1,1,8,0,1,1,1,0,1,0,0003237603621d5737e519a290815c701882273ce2f67922a
1645,pixel_transfer,8,0,1,1,8,0,1,1,1,0,0,0,0003237603621d5737e519a290815c701882273ce2f67922a
1654,pixel_transfer,8,0,1,1,8,0,1,1,1,1,0,0,0867c78984588fae8740f1194d0b41f3dbc0472e8996ad2b3
1655,pixel_transfer,8,0,1,1,8,0,1,1,1,0,0,0,0867c78984588fae8740f1194d0b41f3dbc0472e8996ad2b3
1658,pixel_transfer,8,0,1,1,8,0,1,1,1,1,0,0,0afc41171096dcf6ba48f240dc4e31b23ef89004f028811a8
1659,pixel_transfer,8,0,1,1,8,0,1,1,1,0,0,0,0afc41171096dcf6ba48f240dc4e31b23ef89004f028811a8
1662,pixel_transfer,8,0,1,1,8,0,1,1,1,1,0,0,0783a753c8a3019fc1ea1b8ef162171480489474ca04ece4f
1663,pixel_transfer,8,0,1,1,8,0,1,1,1,0,0,0,0783a753c8a3019fc1ea1b8ef162171480489474ca04ece4f
1666,pixel_transfer,8,0,1,1,8,0,1,1,1,1,0,0,040e8ff217804157a887ff440841e782c3b2e14d1f500f605
1667,pixel_transfer,8,0,1,1,8,0,1,1,1,0,0,0,040e8ff217804157a887ff440841e782c3b2e14d1f500f605
1671,pixel_transfer,8,0,1,1,8,0,1,1,1,0,1,0,040e8ff217804157a887ff440841e782c3b2e14d1f500f605
1672,pixel_transfer,8,0,1,1,8,0,1,1,1,0,0,0,040e8ff217804157a887ff440841e782c3b2e14d1f500f605
1681,pixel_transfer,8,0,1,1,8,0,1,1,1,1,0,0,021085aba08250b9dea0fa0d47d4160623d47c2fd09a38ea8
1682,pixel_transfer,8,0,1,1,8,0,1,1,1,0,0,0,021085aba08250b9dea0fa0d47d4160623d47c2fd09a38ea8
1685,pixel_transfer,8,0,1,1,8,0,1,1,1,1,0,0,03f8b52a082fec55e1007d239343ab5418f62f225f84133be
1686,pixel_transfer,8,0,1,1,8,0,1,1,1,0,0,0,03f8b52a082fec55e1007d239343ab5418f62f225f84133be
1689,pixel_transfer,8,0,1,1,8,0,1,1,1,1,0,0,091eee46240b1d63142322104f9f0f179fc8764a081c4b2da
1690,pixel_transfer,8,0,1,1,8,0,1,1,1,0,0,0,091eee46240b1d63142322104f9f0f179fc8764a081c4b2da
1693,pixel_transfer,8,0,1,1,8,0,1,1,1,1,0,0,05cb9c3bdc3e560100d88787e10ae180e2809d7ecbb0093c5
1694,pixel_transfer,8,0,1,1,8,0,1,1,1,0,0,0,05cb9c3bdc3e560100d88787e10ae180e2809d7ecbb0093c5
1698,pixel_transfer,8,0,1,1,8,0,1,1,1,0,1,0,05cb9c3bdc3e560100d88787e10ae180e2809d7ecbb0093c5
1699,pixel_transfer,8,0,1,1,8,0,1,1,1,0,0,0,05cb9c3bdc3e560100d88787e10ae180e2809d7ecbb0093c5
1708,pixel_transfer,8,0,1,1,8,0,1,1,1,1,0,0,0082e9b4120f41f806a903f0be08743714327089f3fc2e02e
1709,pixel_transfer,8,0,1,1,8,0,1,1,1,0,0,0,0082e9b4120f41f806a903f0be08743714327089f3fc2e02e
1712,pixel_transfer,8,0,1,1,8,0,1,1,1,1,0,0,0fd67bd83473a5f8d0ae5476a2217fee51f5073fd09028f1e
1713,pixel_transfer,8,0,1,1,8,0,1,1,1,0,0,0,0fd67bd83473a5f8d0ae5476a2217fee51f5073fd09028f1e
1716,pixel_transfer,8,0,1,1,8,0,1,1,1,1,0,0,09c92286a929a24880a02fe7f1086c88648dc20aa16556da3
1717,pixel_transfer,8,0,1,1,8,0,1,1,1,0,0,0,09c92286a929a24880a02fe7f1086c88648dc20aa16556da3
1720,pixel_transfer,8,0,1,1,8,0,1,1,1,1,0,0,08a7c001a6fe1075114030ee4485144d48ca601fcc5880095
1721,pixel_transfer,8,0,1,1,8,0,1,1,1,0,0,0,08a7c001a6fe1075114030ee4485144d48ca601fcc5880095
1725,pixel_transfer,8,0,1,1,8,0,1,1,1,0,1,0,08a7c001a6fe1075114030ee4485144d48ca601fcc5880095
1726,pixel_transfer,8,0,1,1,8,0,1,1,1,0,0,0,08a7c001a6fe1075114030ee4485144d48ca601fcc5880095
1735,pixel_transfer,8,0,1,1,8,0,1,1,1,1,0,0,00e6ac0ff28b4d83be79afa534f246de118f7824d90085046
1736,pixel_transfer,8,0,1,1,8,0,1,1,1,0,0,0,00e6ac0ff28b4d83be79afa534f246de118f7824d90085046
1739,pixel_transfer,8,0,1,1,8,0,1,1,1,1,0,0,0d9d3535fe40fcf3a829128223060115540fb1e0491ecbf77
1740,pixel_transfer,8,0,1,1,8,0,1,1,1,0,0,0,0d9d3535fe40fcf3a829128223060115540fb1e0491ecbf77
1743,pixel_transfer,8,0,1,1,8,0,1,1,1,1,0,0,02244f5c72984208aec4b7184ec098f023221364850e22947
1744,pixel_transfer,8,0,1,1,8,0,1,1,1,0,0,0,02244f5c72984208aec4b7184ec098f023221364850e22947
1747,pixel_transfer,8,0,1,1,8,0,1,1,1,1,0,0,04ad52075985220054410c050dded00d71163ca2509328a58
1748,pixel_transfer,8,0,1,1,8,0,1,1,1,0,0,0,04ad52075985220054410c050dded00d71163ca2509328a58
1752,pixel_transfer,8,0,1,1,8,0,1,1,1,0,1,0,04ad52075985220054410c050dded00d71163ca2509328a58
1753,pixel_transfer,8,0,1,1,8,0,1,1,1,0,0,0,04ad52075985220054410c050dded00d71163ca2509328a58
1762,pixel_transfer,8,0,1,1,8,0,1,1,1,1,0,0,028cc43b90fe05288940420aae67bdb21d04446a634a84447
1763,pixel_transfer,8,0,1,1,8,0,1,1,1,0,0,0,028cc43b90fe05288940420aae67bdb21d04446a634a84447
1766,pixel_transfer,8,0,1,1,8,0,1,1,1,1,0,0,018e77120917184401a890d55550f022451711230359af268
1767,pixel_transfer,8,0,1,1,8,0,1,1,1,0,0,0,018e77120917184401a890d55550f022451711230359af268
1770,pixel_transfer,8,0,1,1,8,0,1,1,1,1,0,0,0956fdf94d166136dbbba2ec90242a84966402a1c48605905
1771,pixel_transfer,8,0,1,1,8,0,1,1,1,0,0,0,0956fdf94d166136dbbba2ec90242a84966402a1c48605905
1774,pixel_transfer,8,0,1,1,8,0,1,1,1,1,0,0,091c72382514ac001e025fd15a47a2fecc3ecaf61555f720f
1775,pixel_transfer,8,0,1,1,8,0,1,1,1,0,0,0,091c72382514ac001e025fd15a47a2fecc3ecaf61555f720f
1779,pixel_transfer,8,0,1,1,8,0,1,1,1,0,1,0,091c72382514ac001e025fd15a47a2fecc3ecaf61555f720f
1780,pixel_transfer,8,0,1,1,8,0,1,1,1,0,0,0,091c72382514ac001e025fd15a47a2fecc3ecaf61555f720f
1789,pixel_transfer,8,0,1,1,8,0,1,1,1,1,0,0,094d3d270cd5824f9ff6bd98033564e890402a28aa8703911
1790,pixel_transfer,8,0,1,1,8,0,1,1,1,0,0,0,094d3d270cd5824f9ff6bd98033564e890402a28aa8703911
1793,pixel_transfer,8,0,1,1,8,0,1,1,1,1,0,0,0cda6249122a4a48fb89a51d05590083344c4071923f41840
1794,pixel_transfer,8,0,1,1,8,0,1,1,1,0,0,0,0cda6249122a4a48fb89a51d05590083344c4071923f41840
1797,pixel_transfer,8,0,1,1,8,0,1,1,1,1,0,0,0d7d0e0065494a694545502d2a830fe294314e0e709328638
1798,pixel_transfer,8,0,1,1,8,0,1,1,1,0,0,0,0d7d0e0065494a694545502d2a830fe294314e0e709328638
1801,pixel_transfer,8,0,1,1,8,0,1,1,1,1,0,0,0fd0fe223ca0753926f5f43d8dc1f22250a9f2af006f3d094
1802,pixel_transfer,8,0,1,1,8,0,1,1,1,0,0,0,0fd0fe223ca0753926f5f43d8dc1f22250a9f2af006f3d094
1806,pixel_transfer,8,0,1,1,8,0,1,1,1,0,1,0,0fd0fe223ca0753926f5f43d8dc1f22250a9f2af006f3d094
1807,pixel_transfer,8,0,1,1,8,0,1,1,1,0,0,0,0fd0fe223ca0753926f5f43d8dc1f22250a9f2af006f3d094
1816,pixel_transfer,8,0,1,1,8,0,1,1,1,1,0,0,0bff5d0156d9ae22bf828688ac43caa2f085a3ab0f781a977
1817,pixel_transfer,8,0,1,1,8,0,1,1,1,0,0,0,0bff5d0156d9ae22bf828688ac43caa2f085a3ab0f781a977
1820,pixel_transfer,8,0,1,1,8,0,1,1,1,1,0,0,0ca56f297d65728b7d8d12d401c1c3c09208f8ec03c8fc7f3
1821,pixel_transfer,8,0,1,1,8,0,1,1,1,0,0,0,0ca56f297d65728b7d8d12d401c1c3c09208f8ec03c8fc7f3
1824,pixel_transfer,8,0,1,1,8,0,1,1,1,1,0,0,051403d61030100f04c1570a6ea889000c20b5c4730d54372
1825,pixel_transfer,8,0,1,1,8,0,1,1,1,0,0,0,051403d61030100f04c1570a6ea889000c20b5c4730d54372
1828,pixel_transfer,8,0,1,1,8,0,1,1,1,1,0,0,018208623081d1b91f00b337b410156882f3de0ae23189b78
1829,pixel_transfer,8,0,1,1,8,0,1,1,1,0,0,0,018208623081d1b91f00b337b410156882f3de0ae23189b78
1833,pixel_transfer,8,0,1,1,8,0,1,1,1,0,1,0,018208623081d1b91f00b337b410156882f3de0ae23189b78
1834,pixel_transfer,8,0,1,1,8,0,1,1,1,0,0,0,018208623081d1b91f00b337b410156882f3de0ae23189b78
1843,pixel_transfer,8,0,1,1,8,0,1,1,1,1,0,0,0f0403a8902d8df3f30fa539c5d097e84ae01022f3a3224c2
1844,pixel_transfer,8,0,1,1,8,0,1,1,1,0,0,0,0f0403a8902d8df3f30fa539c5d097e84ae01022f3a3224c2
1847,pixel_transfer,8,0,1,1,8,0,1,1,1,1,0,0,04f8f2ff1814da5231aa163f97c4145e851e03f80c408f008
1848,pixel_transfer,8,0,1,1,8,0,1,1,1,0,0,0,04f8f2ff1814da5231aa163f97c4145e851e03f80c408f008
1851,pixel_transfer,8,0,1,1,8,0,1,1,1,1,0,0,08928636a1ca0e92f59de222968057d062505c00119015484
1852,pixel_transfer,8,0,1,1,8,0,1,1,1,0,0,0,08928636a1ca0e92f59de222968057d062505c00119015484
1855,pixel_transfer,8,0,1,1,8,0,1,1,1,1,0,0,00d400f248040bfc33bba9eaa033bd711a8380fc01d6f3f7d
1856,pixel_transfer,8,0,1,1,8,0,1,1,1,0,0,0,00d400f248040bfc33bba9eaa033bd711a8380fc01d6f3f7d
1860,pixel_transfer,8,0,1,1,8,0,1,1,1,0,1,0,00d400f248040bfc33bba9eaa033bd711a8380fc01d6f3f7d
1861,pixel_transfer,8,0,1,1,8,0,1,1,1,0,0,0,00d400f248040bfc33bba9eaa033bd711a8380fc01d6f3f7d
1870,pixel_transfer,8,0,1,1,8,0,1,1,1,1,0,0,0c04359fdc157082829464e073f4091d006c90ef9f538f5dd
1871,pixel_transfer,8,0,1,1,8,0,1,1,1,0,0,0,0c04359fdc157082829464e073f4091d006c90ef9f538f5dd
1874,pixel_transfer,8,0,1,1,8,0,1,1,1,1,0,0,041848c13911a6848cc6bc2a955219d8fef1839a90928a9a8
1875,pixel_transfer,8,0,1,1,8,0,1,1,1,0,0,0,041848c13911a6848cc6bc2a955219d8fef1839a90928a9a8
1878,pixel_transfer,8,0,1,1,8,0,1,1,1,1,0,0,00501904941105c925421e82980990ae7200c0732491300c0
1879,pixel_transfer,8,0,1,1,8,0,1,1,1,0,0,0,00501904941105c925421e82980990ae7200c0732491300c0
1882,pixel_transfer,8,0,1,1,8,0,1,1,1,1,0,0,0f05d24c05f818f920404ed4d416fc4227f0281509d95aa02
1883,pixel_transfer,8,0,1,1,8,0,1,1,1,0,0,0,0f05d24c05f818f920404ed4d416fc4227f0281509d95aa02
1887,pixel_transfer,8,0,1,1,8,0,1,1,1,0,1,0,0f05d24c05f818f920404ed4d416fc4227f0281509d95aa02
1888,pixel_transfer,8,0,1,1,8,0,1,1,1,0,0,0,0f05d24c05f818f920404ed4d416fc4227f0281509d95aa02
1897,pixel_transfer,8,0,1,1,8,0,1,1,1,1,0,0,08e4c3abf034aca91401ce44bd98389087aa0e21df8e559bc
1898,pixel_transfer,8,0,1,1,8,0,1,1,1,0,0,0,08e4c3abf034aca91401ce44bd98389087aa0e21df8e559bc
1901,pixel_transfer,8,0,1,1,8,0,1,1,1,1,0,0,0ea08814d5c30809232ea0fb8a3070e201b00e3f020e823df
1902,pixel_transfer,8,0,1,1,8,0,1,1,1,0,0,0,0ea08814d5c30809232ea0fb8a3070e201b00e3f020e823df
1905,pixel_transfer,8,0,1,1,8,0,1,1,1,1,0,0,0b554120ad9920010f1c952456700e908a00000fc501fe823
1906,pixel_transfer,8,0,1,1,8,0,1,1,1,0,0,0,0b554120ad9920010f1c952456700e908a00000fc501fe823
1909,pixel_transfer,8,0,1,1,8,0,1,1,1,1,0,0,022824b50825a94539908808f3837a5242417021490a5a20a
1910,pixel_transfer,8,0,1,1,8,0,1,1,1,0,0,0,022824b50825a94539908808f3837a5242417021490a5a20a
1914,pixel_transfer,8,0,1,1,8,0,1,1,1,0,1,0,022824b50825a94539908808f3837a5242417021490a5a20a
1915,pixel_transfer,8,0,1,1,8,0,1,1,1,0,0,0,022824b50825a94539908808f3837a5242417021490a5a20a
1924,pixel_transfer,8,0,1,1,8,0,1,1,1,1,0,0,09bd29eee36a5a01375e4655028b42081f87dce11ca381201
1925,pixel_transfer,8,0,1,1,8,0,1,1,1,0,0,0,09bd29eee36a5a01375e4655028b42081f87dce11ca381201
1928,pixel_transfer,8,0,1,1,8,0,1,1,1,1,0,0,00be00b739c1408621160cba0d4bba784e81d0590a8201e40
1929,line_marker,8,0,1,1,8,0,1,1,1,0,0,0,00be00b739c1408621160cba0d4bba784e81d0590a8201e40
1932,pixel_transfer,8,0,1,1,8,0,1,1,1,1,0,0,0d61e18da241392189a8007084e22e38b5fe56ce12d68b109
1933,pixel_transfer,8,0,1,1,8,0,1,1,1,0,0,0,0d61e18da241392189a8007084e22e38b5fe56ce12d68b109
1936,pixel_transfer,8,0,1,1,8,0,1,1,1,1,0,0,04af1291d8cf864e2079169dfdaed3ee2ed1187ae60135101
1937,pixel_transfer,8,0,1,1,8,0,1,1,1,0,0,0,04af1291d8cf864e2079169dfdaed3ee2ed1187ae60135101
1941,pixel_transfer,8,0,1,1,8,0,1,1,1,0,1,0,04af1291d8cf864e2079169dfdaed3ee2ed1187ae60135101
1942,pixel_transfer,8,0,1,1,8,0,1,1,1,0,0,0,04af1291d8cf864e2079169dfdaed3ee2ed1187ae60135101
1951,pixel_transfer,8,0,1,1,8,0,1,1,1,1,0,0,00a2a72735a00dd64026246dc0597b18b2b6da420a86e2e0a
1952,pixel_transfer,8,0,1,1,8,0,1,1,1,0,0,0,00a2a72735a00dd64026246dc0597b18b2b6da420a86e2e0a
1955,pixel_transfer,8,0,1,1,8,0,1,1,1,1,0,0,01b9f804042eb8ad60889924d12e3c0267320a02f1405dd04
1956,pixel_transfer,8,0,1,1,8,0,1,1,1,0,0,0,01b9f804042eb8ad60889924d12e3c0267320a02f1405dd04
1959,pixel_transfer,8,0,1,1,8,0,1,1,1,1,0,0,0d2db2f67923aca2690495480c0e15009eaf88d1424ab0484
1960,pixel_transfer,8,0,1,1,8,0,1,1,1,0,0,0,0d2db2f67923aca2690495480c0e15009eaf88d1424ab0484
1963,pixel_transfer,8,0,1,1,8,0,1,1,1,1,0,0,00494c0d46bcef87b8b21c50a547de757a499cd6d721392ce
1964,pixel_transfer,8,0,1,1,8,0,1,1,1,0,0,0,00494c0d46bcef87b8b21c50a547de757a499cd6d721392ce
1968,pixel_transfer,8,0,1,1,8,0,1,1,1,0,1,0,00494c0d46bcef87b8b21c50a547de757a499cd6d721392ce
1969,pixel_transfer,8,0,1,1,8,0,1,1,1,0,0,0,00494c0d46bcef87b8b21c50a547de757a499cd6d721392ce
1978,line_marker,8,0,1,1,8,0,1,1,1,1,0,0,06f91e41ad01133353dbe63846ed1119a1485a5871845a940
1979,pixel_transfer,8,0,1,1,8,0,1,1,1,0,0,0,06f91e41ad01133353dbe63846ed1119a1485a5871845a940
1982,pixel_transfer,8,0,1,1,8,0,1,1,1,1,0,0,04609285510a8e1b82a24230c1d355d6af0a2ca2d7091c2a9
1983,pixel_transfer,8,0,1,1,8,0,1,1,1,0,0,0,04609285510a8e1b82a24230c1d355d6af0a2ca2d7091c2a9
1986,pixel_transfer,8,0,1,1,8,0,1,1,1,1,0,0,0600484210491cb3314150528009f5febca72702648940049
1987,pixel_transfer,8,0,1,1,8,0,1,1,1,0,0,0,0600484210491cb3314150528009f5febca72702648940049
1990,pixel_transfer,8,0,1,1,8,0,1,1,1,1,0,0,080bd73856d013f00c55080a03c900866083ee4219c7bf184
1991,pixel_transfer,8,0,1,1,8,0,1,1,1,0,0,0,080bd73856d013f00c55080a03c900866083ee4219c7bf184
1995,pixel_transfer,8,0,1,1,8,0,1,1,1,0,1,0,080bd73856d013f00c55080a03c900866083ee4219c7bf184
1996,pixel_transfer,8,0,1,1,8,0,1,1,1,0,0,0,080bd73856d013f00c55080a03c900866083ee4219c7bf184
2005,pixel_transfer,8,0,1,1,8,0,1,1,1,1,0,0,0c22d4a71157d83b2f0597a982c1d7435870152003ea22804
2006,pixel_transfer,8,0,1,1,8,0,1,1,1,0,0,0,0c22d4a71157d83b2f0597a982c1d7435870152003ea22804
2009,pixel_transfer,8,0,1,1,8,0,1,1,1,1,0,0,0a9f9401f3989825624bf223a1e7151930ad06a9178425324
2010,pixel_transfer,8,0,1,1,8,0,1,1,1,0,0,0,0a9f9401f3989825624bf223a1e7151930ad06a9178425324
2013,pixel_transfer,8,0,1,1,8,0,1,1,1,1,0,0,02544f98dabbfda2001d243d9f74bf011146fc5b8c000285f
2014,pixel_transfer,8,0,1,1,8,0,1,1,1,0,0,0,02544f98dabbfda2001d243d9f74bf011146fc5b8c000285f
2017,pixel_transfer,8,0,1,1,8,0,1,1,1,1,0,0,00b89001aa10172dc52c7d1f014840501450231fee51f1dcf
2018,pixel_transfer,8,0,1,1,8,0,1,1,1,0,0,0,00b89001aa10172dc52c7d1f014840501450231fee51f1dcf
2022,pixel_transfer,8,0,1,1,8,0,1,1,1,0,1,0,00b89001aa10172dc52c7d1f014840501450231fee51f1dcf
2023,pixel_transfer,8,0,1,1,8,0,1,1,1,0,0,0,00b89001aa10172dc52c7d1f014840501450231fee51f1dcf
2032,pixel_transfer,8,0,1,1,8,0,1,1,1,1,0,0,057d4702500d438a8fff7ee1f8300849128e8f029f7a80608
2033,pixel_transfer,8,0,1,1,8,0,1,1,1,0,0,0,057d4702500d438a8fff7ee1f8300849128e8f029f7a80608
2036,pixel_transfer,8,0,1,1,8,0,1,1,1,1,0,0,00e2073016693021c7400c7d7c1034074fd1b13c1a90f4007
2037,pixel_transfer,8,0,1,1,8,0,1,1,1,0,0,0,00e2073016693021c7400c7d7c1034074fd1b13c1a90f4007
2040,pixel_transfer,8,0,1,1,8,0,1,1,1,1,0,0,0402e3e5150444824129a808890a847a82b500a1212289908
2041,pixel_transfer,8,0,1,1,8,0,1,1,1,0,0,0,0402e3e5150444824129a808890a847a82b500a1212289908
2044,pixel_transfer,8,0,1,1,8,0,1,1,1,1,0,0,0c203c8cf413e0b0aa2aa10421286083e2c518a90f7b71080
2045,pixel_transfer,8,0,1,1,8,0,1,1,1,0,0,0,0c203c8cf413e0b0aa2aa10421286083e2c518a90f7b71080
2049,pixel_transfer,8,0,1,1,8,0,1,1,1,0,1,0,0c203c8cf413e0b0aa2aa10421286083e2c518a90f7b71080
2050,pixel_transfer,8,0,1,1,8,0,1,1,1,0,0,0,0c203c8cf413e0b0aa2aa10421286083e2c518a90f7b71080
2059,pixel_transfer,8,0,1,1,8,0,1,1,1,1,0,0,014bef64c1de9138a1544078ae93a327e28ff503358e400b9
2060,pixel_transfer,8,0,1,1,8,0,1,1,1,0,0,0,014bef64c1de9138a1544078ae93a327e28ff503358e400b9
2063,pixel_transfer,8,0,1,1,8,0,1,1,1,1,0,0,0c0774efc0ba7046200c8508a844a8f5776e4a003140ee472
2064,pixel_transfer,8,0,1,1,8,0,1,1,1,0,0,0,0c0774efc0ba7046200c8508a844a8f5776e4a003140ee472
2067,pixel_transfer,8,0,1,1,8,0,1,1,1,1,0,0,04940560d100a81c7af0c887cf95ca96c8973070400330478
2068,pixel_transfer,8,0,1,1,8,0,1,1,1,0,0,0,04940560d100a81c7af0c887cf95ca96c8973070400330478
2071,pixel_transfer,8,0,1,1,8,0,1,1,1,1,0,0,02502914853a9830a3048a2c00ada88600308f1d18ddefc5c
2072,pixel_transfer,8,0,1,1,8,0,1,1,1,0,0,0,02502914853a9830a3048a2c00ada88600308f1d18ddefc5c
2076,line_marker,8,0,1,1,8,0,1,1,1,0,1,0,02502914853a9830a3048a2c00ada88600308f1d18ddefc5c
2077,pixel_transfer,8,0,1,1,8,0,1,1,1,0,0,0,02502914853a9830a3048a2c00ada88600308f1d18ddefc5c
2086,pixel_transfer,8,0,1,1,8,0,1,1,1,1,0,0,010aa31a382e7667c7d4e241219a2888804d5129af086aaaa
2087,pixel_transfer,8,0,1,1,8,0,1,1,1,0,0,0,010aa31a382e7667c7d4e241219a2888804d5129af086aaaa
2090,pixel_transfer,8,0,1,1,8,0,1,1,1,1,0,0,0125ceaa784083ea66dc79344ef2ac8e7114a0aa04048408a
2091,pixel_transfer,8,0,1,1,8,0,1,1,1,0,0,0,0125ceaa784083ea66dc79344ef2ac8e7114a0aa04048408a
2094,pixel_transfer,8,0,1,1,8,0,1,1,1,1,0,0,07a400ec9f3f04a7467c355773e2f140728cad2f3d55ff4e0
2095,pixel_transfer,8,0,1,1,8,0,1,1,1,0,0,0,07a400ec9f3f04a7467c355773e2f140728cad2f3d55ff4e0
2098,pixel_transfer,8,0,1,1,8,0,1,1,1,1,0,0,04d4a34ed599a05000d3d0afe34108a44db00a826f89d63c4
2099,pixel_transfer,8,0,1,1,8,0,1,1,1,0,0,0,04d4a34ed599a05000d3d0afe34108a44db00a826f89d63c4
2103,pixel_transfer,8,0,1,1,8,0,1,1,1,0,1,0,04d4a34ed599a05000d3d0afe34108a44db00a826f89d63c4
2104,pixel_transfer,8,0,1,1,8,0,1,1,1,0,0,0,04d4a34ed599a05000d3d0afe34108a44db00a826f89d63c4
2113,pixel_transfer,8,0,1,1,8,0,1,1,1,1,0,0,028308e3ef23901af2b01d47a4280406c6d24c8e3a1521cc0
2114,pixel_transfer,8,0,1,1,8,0,1,1,1,0,0,0,028308e3ef23901af2b01d47a4280406c6d24c8e3a1521cc0
2117,pixel_transfer,8,0,1,1,8,0,1,1,1,1,0,0,08880cc1847824b02a9e2828b8ef4007a31aa02424020ab26
2118,pixel_transfer,8,0,1,1,8,0,1,1,1,0,0,0,08880cc1847824b02a9e2828b8ef4007a31aa02424020ab26
2121,pixel_transfer,8,0,1,1,8,0,1,1,1,1,0,0,0d66324e40b3cd698888a19117a7085533f41e33cc85d0651
2122,pixel_transfer,8,0,1,1,8,0,1,1,1,0,0,0,0d66324e40b3cd698888a19117a7085533f41e33cc85d0651
2125,line_marker,8,0,1,1,8,0,1,1,1,1,0,0,0d1f1fd73ee43c335437011ba046da2145c94f3ceb9ea020e
2126,pixel_transfer,8,0,1,1,8,0,1,1,1,0,0,0,0d1f1fd73ee43c335437011ba046da2145c94f3ceb9ea020e
2130,pixel_transfer,8,0,1,1,8,0,1,1,1,0,1,0,0d1f1fd73ee43c335437011ba046da2145c94f3ceb9ea020e
2131,pixel_transfer,8,0,1,1,8,0,1,1,1,0,0,0,0d1f1fd73ee43c335437011ba046da2145c94f3ceb9ea020e
2140,pixel_transfer,8,0,1,1,8,0,1,1,1,1,0,0,0a47e25208f92476d90836b32223e8a6f841e56409e1e7e7e
2141,pixel_transfer,8,0,1,1,8,0,1,1,1,0,0,0,0a47e25208f92476d90836b32223e8a6f841e56409e1e7e7e
2144,pixel_transfer,8,0,1,1,8,0,1,1,1,1,0,0,0e7bddb811f240a08f4f000510fb9fdc4a57fc3898324538d
2145,pixel_transfer,8,0,1,1,8,0,1,1,1,0,0,0,0e7bddb811f240a08f4f000510fb9fdc4a57fc3898324538d
2148,pixel_transfer,8,0,1,1,8,0,1,1,1,1,0,0,003d0c88f8404fd01801964837a0085041b00f265c4b38908
2149,pixel_transfer,8,0,1,1,8,0,1,1,1,0,0,0,003d0c88f8404fd01801964837a0085041b00f265c4b38908
2152,pixel_transfer,8,0,1,1,8,0,1,1,1,1,0,0,006092812425139e7504704394922a8e7bbe74b409edf0058
2153,pixel_transfer,8,0,1,1,8,0,1,1,1,0,0,0,006092812425139e7504704394922a8e7bbe74b409edf0058
2157,pixel_transfer,8,0,1,1,8,0,1,1,1,0,1,0,006092812425139e7504704394922a8e7bbe74b409edf0058
2158,pixel_transfer,8,0,1,1,8,0,1,1,1,0,0,0,006092812425139e7504704394922a8e7bbe74b409edf0058
2167,pixel_transfer,8,0,1,1,8,0,1,1,1,1,0,0,0a39846c80893ee11253a1425491ca1040550841ca4ef767d
2168,pixel_transfer,8,0,1,1,8,0,1,1,1,0,0,0,0a39846c80893ee11253a1425491ca1040550841ca4ef767d
2171,pixel_transfer,8,0,1,1,8,0,1,1,1,1,0,0,03f7d89bb10ae0d13d1a0a9af04b4223115d0fcfcf125c6b1
2172,pixel_transfer,8,0,1,1,8,0,1,1,1,0,0,0,03f7d89bb10ae0d13d1a0a9af04b4223115d0fcfcf125c6b1
2175,pixel_transfer,8,0,1,1,8,0,1,1,1,1,0,0,02732cf153cd21cca17cc41e23d7cc0d4436ee57089836450
2176,pixel_transfer,8,0,1,1,8,0,1,1,1,0,0,0,02732cf153cd21cca17cc41e23d7cc0d4436ee57089836450
2179,pixel_transfer,8,0,1,1,8,0,1,1,1,1,0,0,0f440283a807a0c89a60ce99615e88170003d804342032808
2180,pixel_transfer,8,0,1,1,8,0,1,1,1,0,0,0,0f440283a807a0c89a60ce99615e88170003d804342032808
2184,pixel_transfer,8,0,1,1,8,0,1,1,1,0,1,0,0f440283a807a0c89a60ce99615e88170003d804342032808
2185,pixel_transfer,8,0,1,1,8,0,1,1,1,0,0,0,0f440283a807a0c89a60ce99615e88170003d804342032808
2194,pixel_transfer,8,0,1,1,8,0,1,1,1,1,0,0,07c821380ea3f201d818278bc9347281fd0180f85bbef6340
2195,pixel_transfer,8,0,1,1,8,0,1,1,1,0,0,0,07c821380ea3f201d818278bc9347281fd0180f85bbef6340
2198,pixel_transfer,8,0,1,1,8,0,1,1,1,1,0,0,021e052411ffc22801f40bf43d853de52190230603d27a22e
2199,pixel_transfer,8,0,1,1,8,0,1,1,1,0,0,0,021e052411ffc22801f40bf43d853de52190230603d27a22e
2202,pixel_transfer,8,0,1,1,8,0,1,1,1,1,0,0,088023df7433703dcaf488a02827c0a7a5c18aa54f606ac12
2203,pixel_transfer,8,0,1,1,8,0,1,1,1,0,0,0,088023df7433703dcaf488a02827c0a7a5c18aa54f606ac12
2206,pixel_transfer,8,0,1,1,8,0,1,1,1,1,0,0,0a89352f634661113e75484fee7073639801a3400407b53d9
2207,pixel_transfer,8,0,1,1,8,0,1,1,1,0,0,0,0a89352f634661113e75484fee7073639801a3400407b53d9
2211,pixel_transfer,8,0,1,1,8,0,1,1,1,0,1,0,0a89352f634661113e75484fee7073639801a3400407b53d9
2212,pixel_transfer,8,0,1,1,8,0,1,1,1,0,0,0,0a89352f634661113e75484fee7073639801a3400407b53d9
2221,pixel_transfer,8,0,1,1,8,0,1,1,1,1,0,0,0cf63287f14b803b76a1c478e4d38906c2011fe7c76280921
2222,pixel_transfer,8,0,1,1,8,0,1,1,1,0,0,0,0cf63287f14b803b76a1c478e4d38906c2011fe7c76280921
2225,pixel_transfer,8,0,1,1,8,0,1,1,1,1,0,0,01718115820f31c5c7a3e038002b8cb10798a7484c2264781
2226,pixel_transfer,8,0,1,1,8,0,1,1,1,0,0,0,01718115820f31c5c7a3e038002b8cb10798a7484c2264781
2229,pixel_transfer,8,0,1,1,8,0,1,1,1,1,0,0,0a3a50005007b504d8d4bc281417d5f04512f564289d68984
2230,pixel_transfer,8,0,1,1,8,0,1,1,1,0,0,0,0a3a50005007b504d8d4bc281417d5f04512f564289d68984
2233,pixel_transfer,8,0,1,1,8,0,1,1,1,1,0,0,0a991900255a3e82222b80f9409caaf6a5c14e20895a08e44
2234,pixel_transfer,8,0,1,1,8,0,1,1,1,0,0,0,0a991900255a3e82222b80f9409caaf6a5c14e20895a08e44
2238,pixel_transfer,8,0,1,1,8,0,1,1,1,0,1,0,0a991900255a3e82222b80f9409caaf6a5c14e20895a08e44
2239,pixel_transfer,8,0,1,1,8,0,1,1,1,0,0,0,0a991900255a3e82222b80f9409caaf6a5c14e20895a08e44
2248,pixel_transfer,8,0,1,1,8,0,1,1,1,1,0,0,0e349ba90f4ee8f20e33de1e1342050e743453a72b68200ae
2249,pixel_transfer,8,0,1,1,8,0,1,1,1,0,0,0,0e349ba90f4ee8f20e33de1e1342050e743453a72b68200ae
2252,pixel_transfer,8,0,1,1,8,0,1,1,1,1,0,0,084ae82d8e00b2f60e8a1a4313c7a70cd6fa79f12dad5eb24
2253,pixel_transfer,8,0,1,1,8,0,1,1,1,0,0,0,084ae82d8e00b2f60e8a1a4313c7a70cd6fa79f12dad5eb24
2256,pixel_transfer,8,0,1,1,8,0,1,1,1,1,0,0,007f9450e66eda15346d4917875283880bb7b48025c7a53f6
2257,pixel_transfer,8,0,1,1,8,0,1,1,1,0,0,0,007f9450e66eda15346d4917875283880bb7b48025c7a53f6
2260,pixel_transfer,8,0,1,1,8,0,1,1,1,1,0,0,010dc085d83bbea03c8786690a32d84a4adb22188633f24b2
2261,pixel_transfer,8,0,1,1,8,0,1,1,1,0,0,0,010dc085d83bbea03c8786690a32d84a4adb22188633f24b2
2265,pixel_transfer,8,0,1,1,8,0,1,1,1,0,1,0,010dc085d83bbea03c8786690a32d84a4adb22188633f24b2
2266,pixel_transfer,8,0,1,1,8,0,1,1,1,0,0,0,010dc085d83bbea03c8786690a32d84a4adb22188633f24b2
2275,pixel_transfer,8,0,1,1,8,0,1,1,1,1,0,0,0795690753d0717055129a408e2afc4e3af2317a028b84c14
2276,pixel_transfer,8,0,1,1,8,0,1,1,1,0,0,0,0795690753d0717055129a408e2afc4e3af2317a028b84c14
2279,pixel_transfer,8,0,1,1,8,0,1,1,1,1,0,0,05c261d74fe0f32e93d8c30bab9bed0b35451a760ef437b02
2280,pixel_transfer,8,0,1,1,8,0,1,1,1,0,0,0,05c261d74fe0f32e93d8c30bab9bed0b35451a760ef437b02
2283,pixel_transfer,8,0,1,1,8,0,1,1,1,1,0,0,09f83c3fc019a8c037a006800f77599c256c0612b1c044aee
2284,pixel_transfer,8,0,1,1,8,0,1,1,1,0,0,0,09f83c3fc019a8c037a006800f77599c256c0612b1c044aee
2287,pixel_transfer,8,0,1,1,8,0,1,1,1,1,0,0,0dc29ea881f655e2f083dc8518ff77c28ba01a9bd901c1dfc
2288,pixel_transfer,8,0,1,1,8,0,1,1,1,0,0,0,0dc29ea881f655e2f083dc8518ff77c28ba01a9bd901c1dfc
2292,pixel_transfer,8,0,1,1,8,0,1,1,1,0,1,0,0dc29ea881f655e2f083dc8518ff77c28ba01a9bd901c1dfc
2293,pixel_transfer,8,0,1,1,8,0,1,1,1,0,0,0,0dc29ea881f655e2f083dc8518ff77c28ba01a9bd901c1dfc
2302,pixel_transfer,8,0,1,1,8,0,1,1,1,1,0,0,009014ee50a9ccdbe50fa03bd1b110d3236c1e8f038fa82ba
2303,pixel_transfer,8,0,1,1,8,0,1,1,1,0,0,0,009014ee50a9ccdbe50fa03bd1b110d3236c1e8f038fa82ba
2306,pixel_transfer,8,0,1,1,8,0,1,1,1,1,0,0,050147a0450e67a329452e82f10893d9e3e0000c00f018c71
2307,pixel_transfer,8,0,1,1,8,0,1,1,1,0,0,0,050147a0450e67a329452e82f10893d9e3e0000c00f018c71
2310,pixel_transfer,8,0,1,1,8,0,1,1,1,1,0,0,01309063d5050334886cac8b90040148989108efe506c0e11
2311,pixel_transfer,8,0,1,1,8,0,1,1,1,0,0,0,01309063d5050334886cac8b90040148989108efe506c0e11
2314,pixel_transfer,8,0,1,1,8,0,1,1,1,1,0,0,09efc03fe3a92140c82da20a3e097291b1e048ba10712af67
2315,pixel_transfer,8,0,1,1,8,0,1,1,1,0,0,0,09efc03fe3a92140c82da20a3e097291b1e048ba10712af67
2319,pixel_transfer,8,0,1,1,8,0,1,1,1,0,1,0,09efc03fe3a92140c82da20a3e097291b1e048ba10712af67
2320,pixel_transfer,8,0,1,1,8,0,1,1,1,0,0,0,09efc03fe3a92140c82da20a3e097291b1e048ba10712af67
2329,pixel_transfer,8,0,1,1,8,0,1,1,1,1,0,0,04141403a125c815e8b2f401b5916f383b280f2d314efe918
2330,pixel_transfer,8,0,1,1,8,0,1,1,1,0,0,0,04141403a125c815e8b2f401b5916f383b280f2d314efe918
2333,pixel_transfer,8,0,1,1,8,0,1,1,1,1,0,0,080a810e2945003182fa6a61540d91750805fca352e0701f0
2334,pixel_transfer,8,0,1,1,8,0,1,1,1,0,0,0,080a810e2945003182fa6a61540d91750805fca352e0701f0
2337,pixel_transfer,8,0,1,1,8,0,1,1,1,1,0,0,011db6c2ca3788250d839a0084fbc3a67a6ee8a73220865f3
2338,pixel_transfer,8,0,1,1,8,0,1,1,1,0,0,0,011db6c2ca3788250d839a0084fbc3a67a6ee8a73220865f3
2341,pixel_transfer,8,0,1,1,8,0,1,1,1,1,0,0,035a5cb1f0e846241819a5db669a281f84309171118836cd8
2342,pixel_transfer,8,0,1,1,8,0,1,1,1,0,0,0,035a5cb1f0e846241819a5db669a281f84309171118836cd8
2346,pixel_transfer,8,0,1,1,8,0,1,1,1,0,1,0,035a5cb1f0e846241819a5db669a281f84309171118836cd8
2347,pixel_transfer,8,0,1,1,8,0,1,1,1,0,0,0,035a5cb1f0e846241819a5db669a281f84309171118836cd8
2356,pixel_transfer,8,0,1,1,8,0,1,1,1,1,0,0,02f552310021f7e08c12394fe7e82f4efc80242f175011210
2357,pixel_transfer,8,0,1,1,8,0,1,1,1,0,0,0,02f552310021f7e08c12394fe7e82f4efc80242f175011210
2360,pixel_transfer,8,0,1,1,8,0,1,1,1,1,0,0,017c8201521ca0049243207201314ece9786a42f8e9e70014
2361,pixel_transfer,8,0,1,1,8,0,1,1,1,0,0,0,017c8201521ca0049243207201314ece9786a42f8e9e70014
2364,pixel_transfer,8,0,1,1,8,0,1,1,1,1,0,0,02e7e040551f1f32391a605208e7885f20c00232002323522
2365,pixel_transfer,8,0,1,1,8,0,1,1,1,0,0,0,02e7e040551f1f32391a605208e7885f20c00232002323522
2368,pixel_transfer,8,0,1,1,8,0,1,1,1,1,0,0,0242054852412023cff807eb83505e81328471092a1404152
2369,pixel_transfer,8,0,1,1,8,0,1,1,1,0,0,0,0242054852412023cff807eb83505e81328471092a1404152
2373,pixel_transfer,8,0,1,1,8,0,1,1,1,0,1,0,0242054852412023cff807eb83505e81328471092a1404152
2374,pixel_transfer,8,0,1,1,8,0,1,1,1,0,0,0,0242054852412023cff807eb83505e81328471092a1404152
2383,pixel_transfer,8,0,1,1,8,0,1,1,1,1,0,0,0082083a4902248f8174e616e4e5c02008a447920131d037c
2384,pixel_transfer,8,0,1,1,8,0,1,1,1,0,0,0,0082083a4902248f8174e616e4e5c02008a447920131d037c
2387,pixel_transfer,8,0,1,1,8,0,1,1,1,1,0,0,045c2858aa0401050c2053bf881127ee45f220400eacd0007
2388,pixel_transfer,8,0,1,1,8,0,1,1,1,0,0,0,045c2858aa0401050c2053bf881127ee45f220400eacd0007
2391,pixel_transfer,8,0,1,1,8,0,1,1,1,1,0,0,0f1b56a004ac25d0484842788251194848a5ffc3df6e54726
2392,pixel_transfer,8,0,1,1,8,0,1,1,1,0,0,0,0f1b56a004ac25d0484842788251194848a5ffc3df6e54726
2395,pixel_transfer,8,0,1,1,8,0,1,1,1,1,0,0,068fa57c691c85b32f429a81a2105f9f037f31ca18c239d4c
2396,pixel_transfer,8,0,1,1,8,0,1,1,1,0,0,0,068fa57c691c85b32f429a81a2105f9f037f31ca18c239d4c
2400,pixel_transfer,8,0,1,1,8,0,1,1,1,0,1,0,068fa57c691c85b32f429a81a2105f9f037f31ca18c239d4c
2401,pixel_transfer,8,0,1,1,8,0,1,1,1,0,0,0,068fa57c691c85b32f429a81a2105f9f037f31ca18c239d4c
2410,pixel_transfer,8,0,1,1,8,0,1,1,1,1,0,0,0200614404150d4f10891ea8423229978a828fae8f19b9040
2411,pixel_transfer,8,0,1,1,8,0,1,1,1,0,0,0,0200614404150d4f10891ea8423229978a828fae8f19b9040
2414,pixel_transfer,8,0,1,1,8,0,1,1,1,1,0,0,0bd7daf171cba00b8f90751941097be93faa994d939250e09
2415,pixel_transfer,8,0,1,1,8,0,1,1,1,0,0,0,0bd7daf171cba00b8f90751941097be93faa994d939250e09
2418,pixel_transfer,8,0,1,1,8,0,1,1,1,1,0,0,044f927c9ae111aa542f4057497818270b435d51f1bb8a93c
2419,line_marker,8,0,1,1,8,0,1,1,1,0,0,0,044f927c9ae111aa542f4057497818270b435d51f1bb8a93c
2422,pixel_transfer,8,0,1,1,8,0,1,1,1,1,0,0,0e0b394001fe56041446153103dbeffc7292bab0859bd0579
2423,pixel_transfer,8,0,1,1,8,0,1,1,1,0,0,0,0e0b394001fe56041446153103dbeffc7292bab0859bd0579
2427,pixel_transfer,8,0,1,1,8,0,1,1,1,0,1,0,0e0b394001fe56041446153103dbeffc7292bab0859bd0579
2428,pixel_transfer,8,0,1,1,8,0,1,1,1,0,0,0,0e0b394001fe56041446153103dbeffc7292bab0859bd0579
2437,pixel_transfer,8,0,1,1,8,0,1,1,1,1,0,0,0b49989d082cbc298317324a4e24240a0a534606140b02102
2438,pixel_transfer,8,0,1,1,8,0,1,1,1,0,0,0,0b49989d082cbc298317324a4e24240a0a534606140b02102
2441,pixel_transfer,8,0,1,1,8,0,1,1,1,1,0,0,00faea0a57e8a72de3907bc3901533189420a40249222e200
2442,pixel_transfer,8,0,1,1,8,0,1,1,1,0,0,0,00faea0a57e8a72de3907bc3901533189420a40249222e200
2445,pixel_transfer,8,0,1,1,8,0,1,1,1,1,0,0,0a2e3b9e7dd73fabed37540f9f701847c81478b8f82960e73
2446,pixel_transfer,8,0,1,1,8,0,1,1,1,0,0,0,0a2e3b9e7dd73fabed37540f9f701847c81478b8f82960e73
2449,pixel_transfer,8,0,1,1,8,0,1,1,1,1,0,0,0c537424670a468cafd450def24633f4a3840278e5084c600
2450,pixel_transfer,8,0,1,1,8,0,1,1,1,0,0,0,0c537424670a468cafd450def24633f4a3840278e5084c600
2454,pixel_transfer,8,0,1,1,8,0,1,1,1,0,1,0,0c537424670a468cafd450def24633f4a3840278e5084c600
2455,pixel_transfer,8,0,1,1,8,0,1,1,1,0,0,0,0c537424670a468cafd450def24633f4a3840278e5084c600
2464,pixel_transfer,8,0,1,1,8,0,1,1,1,1,0,0,042c9bead2f3a515be04faa09c0a7a4c008254f122e40fa54
2465,pixel_transfer,8,0,1,1,8,0,1,1,1,0,0,0,042c9bead2f3a515be04faa09c0a7a4c008254f122e40fa54
2468,line_marker,8,0,1,1,8,0,1,1,1,1,0,0,04a519ea24ea4445210c017382009d283e2eb424c85b1dc03
2469,pixel_transfer,8,0,1,1,8,0,1,1,1,0,0,0,04a519ea24ea4445210c017382009d283e2eb424c85b1dc03
2472,pixel_transfer,8,0,1,1,8,0,1,1,1,1,0,0,0e20895c6a10791e01bcc9e72441d9d404db0404158182186
2473,pixel_transfer,8,0,1,1,8,0,1,1,1,0,0,0,0e20895c6a10791e01bcc9e72441d9d404db0404158182186
2476,pixel_transfer,8,0,1,1,8,0,1,1,1,1,0,0,0147c5741c81b820f20c7e141067a3404ee2945c15b4a428e
2477,pixel_transfer,8,0,1,1,8,0,1,1,1,0,0,0,0147c5741c81b820f20c7e141067a3404ee2945c15b4a428e
2481,pixel_transfer,8,0,1,1,8,0,1,1,1,0,1,0,0147c5741c81b820f20c7e141067a3404ee2945c15b4a428e
2482,pixel_transfer,8,0,1,1,8,0,1,1,1,0,0,0,0147c5741c81b820f20c7e141067a3404ee2945c15b4a428e
2491,pixel_transfer,8,0,1,1,8,0,1,1,1,1,0,0,09a14cb361d0d2e222fae9eae5e4f531f519658a5f505e248
2492,pixel_transfer,8,0,1,1,8,0,1,1,1,0,0,0,09a14cb361d0d2e222fae9eae5e4f531f519658a5f505e248
2495,pixel_transfer,8,0,1,1,8,0,1,1,1,1,0,0,0ba1f041d810052884410c38ff2d18f01c0b40b8800a53fc7
2496,pixel_transfer,8,0,1,1,8,0,1,1,1,0,0,0,0ba1f041d810052884410c38ff2d18f01c0b40b8800a53fc7
2499,pixel_transfer,8,0,1,1,8,0,1,1,1,1,0,0,0524154e7a440200eb05f145c84121f7ac60023eb91948a76
2500,pixel_transfer,8,0,1,1,8,0,1,1,1,0,0,0,0524154e7a440200eb05f145c84121f7ac60023eb91948a76
2503,pixel_transfer,8,0,1,1,8,0,1,1,1,1,0,0,066a8814406cd3611c16511e28d6a5521ed941260fd670980
2504,pixel_transfer,8,0,1,1,8,0,1,1,1,0,0,0,066a8814406cd3611c16511e28d6a5521ed941260fd670980
2508,pixel_transfer,8,0,1,1,8,0,1,1,1,0,1,0,066a8814406cd3611c16511e28d6a5521ed941260fd670980
2509,pixel_transfer,8,0,1,1,8,0,1,1,1,0,0,0,066a8814406cd3611c16511e28d6a5521ed941260fd670980
2518,pixel_transfer,8,0,1,1,8,0,1,1,1,1,0,0,0a04001b90c0abd3da5aabb59d0652101741ba97ab72955ef
2519,pixel_transfer,8,0,1,1,8,0,1,1,1,0,0,0,0a04001b90c0abd3da5aabb59d0652101741ba97ab72955ef
2522,pixel_transfer,8,0,1,1,8,0,1,1,1,1,0,0,0cc8ba6f4f4795e4c9d064e491f00d25a6085a0f2fe382525
2523,pixel_transfer,8,0,1,1,8,0,1,1,1,0,0,0,0cc8ba6f4f4795e4c9d064e491f00d25a6085a0f2fe382525
2526,pixel_transfer,8,0,1,1,8,0,1,1,1,1,0,0,0a3765e93a0a00742a52e40659e0025b20914078e719274ea
2527,pixel_transfer,8,0,1,1,8,0,1,1,1,0,0,0,0a3765e93a0a00742a52e40659e0025b20914078e719274ea
2530,pixel_transfer,8,0,1,1,8,0,1,1,1,1,0,0,0c421258d3075c579e75d47e9041136590f908f4de2119541
2531,pixel_transfer,8,0,1,1,8,0,1,1,1,0,0,0,0c421258d3075c579e75d47e9041136590f908f4de2119541
2535,pixel_transfer,8,0,1,1,8,0,1,1,1,0,1,0,0c421258d3075c579e75d47e9041136590f908f4de2119541
2536,pixel_transfer,8,0,1,1,8,0,1,1,1,0,0,0,0c421258d3075c579e75d47e9041136590f908f4de2119541
2545,pixel_transfer,8,0,1,1,8,0,1,1,1,1,0,0,0dc878a20a1001a12a2958a8205fa7e8902405aa36a92ea54
2546,pixel_transfer,8,0,1,1,8,0,1,1,1,0,0,0,0dc878a20a1001a12a2958a8205fa7e8902405aa36a92ea54
2549,pixel_transfer,8,0,1,1,8,0,1,1,1,1,0,0,09912f600504d49a0c0fd4810f90700e0980037c84a0a4234
2550,pixel_transfer,8,0,1,1,8,0,1,1,1,0,0,0,09912f600504d49a0c0fd4810f90700e0980037c84a0a4234
2553,pixel_transfer,8,0,1,1,8,0,1,1,1,1,0,0,041ce3bef9d540423827cf3cefb0e408989e80cf4299d064e
2554,pixel_transfer,8,0,1,1,8,0,1,1,1,0,0,0,041ce3bef9d540423827cf3cefb0e408989e80cf4299d064e
2557,pixel_transfer,8,0,1,1,8,0,1,1,1,1,0,0,0060604f02ea03c807b96014e3e208eee8211b4207069dff1
2558,pixel_transfer,8,0,1,1,8,0,1,1,1,0,0,0,0060604f02ea03c807b96014e3e208eee8211b4207069dff1
2562,pixel_transfer,8,0,1,1,8,0,1,1,1,0,1,0,0060604f02ea03c807b96014e3e208eee8211b4207069dff1
2563,pixel_transfer,8,0,1,1,8,0,1,1,1,0,0,0,0060604f02ea03c807b96014e3e208eee8211b4207069dff1
2572,pixel_transfer,8,0,1,1,8,0,1,1,1,1,0,0,089e230b7d874c284f5f3cd0a75f4ac1683f70e883c1f5709
2573,pixel_transfer,8,0,1,1,8,0,1,1,1,0,0,0,089e230b7d874c284f5f3cd0a75f4ac1683f70e883c1f5709
2576,pixel_transfer,8,0,1,1,8,0,1,1,1,1,0,0,0a05130f228e0f7c70378813d612839c27f7b6cf0afa40982
2577,pixel_transfer,8,0,1,1,8,0,1,1,1,0,0,0,0a05130f228e0f7c70378813d612839c27f7b6cf0afa40982
2580,pixel_transfer,8,0,1,1,8,0,1,1,1,1,0,0,052d0dd37428e7e6ef208a5065f94236c83a36b4177ef0d64
2581,pixel_transfer,8,0,1,1,8,0,1,1,1,0,0,0,052d0dd37428e7e6ef208a5065f94236c83a36b4177ef0d64
2584,pixel_transfer,8,0,1,1,8,0,1,1,1,1,0,0,0f4ffee7ff080e1fa1bb3e0d1e3212e78840bea42791a72c4
2585,pixel_transfer,8,0,1,1,8,0,1,1,1,0,0,0,0f4ffee7ff080e1fa1bb3e0d1e3212e78840bea42791a72c4
2589,pixel_transfer,8,0,1,1,8,0,1,1,1,0,1,0,0f4ffee7ff080e1fa1bb3e0d1e3212e78840bea42791a72c4
2590,pixel_transfer,8,0,1,1,8,0,1,1,1,0,0,0,0f4ffee7ff080e1fa1bb3e0d1e3212e78840bea42791a72c4
2599,pixel_transfer,8,0,1,1,8,0,1,1,1,1,0,0,00e54e0151b80d489a1224f28cad88fb04fc09ea70d1c01d0
2600,pixel_transfer,8,0,1,1,8,0,1,1,1,0,0,0,00e54e0151b80d489a1224f28cad88fb04fc09ea70d1c01d0
2603,pixel_transfer,8,0,1,1,8,0,1,1,1,1,0,0,0220d22cad40b39081478c9842000c211c038f546b3e97a86
2604,pixel_transfer,8,0,1,1,8,0,1,1,1,0,0,0,0220d22cad40b39081478c9842000c211c038f546b3e97a86
2607,pixel_transfer,8,0,1,1,8,0,1,1,1,1,0,0,0bd774ea7707f1903e944280e5f44343c003efcc0afe83eda
2608,pixel_transfer,8,0,1,1,8,0,1,1,1,0,0,0,0bd774ea7707f1903e944280e5f44343c003efcc0afe83eda
2611,pixel_transfer,8,0,1,1,8,0,1,1,1,1,0,0,0f10575212e523e6b618f4f4150e891a156459495f842e288
2612,pixel_transfer,8,0,1,1,8,0,1,1,1,0,0,0,0f10575212e523e6b618f4f4150e891a156459495f842e288
2616,pixel_transfer,8,0,1,1,8,0,1,1,1,0,1,0,0f10575212e523e6b618f4f4150e891a156459495f842e288
2617,pixel_transfer,8,0,1,1,8,0,1,1,1,0,0,0,0f10575212e523e6b618f4f4150e891a156459495f842e288
2626,pixel_transfer,8,0,1,1,8,0,1,1,1,1,0,0,00e00a856514b539a529d12a22ca28adc9d0bcb456859e2a2
2627,pixel_transfer,8,0,1,1,8,0,1,1,1,0,0,0,00e00a856514b539a529d12a22ca28adc9d0bcb456859e2a2
2630,pixel_transfer,8,0,1,1,8,0,1,1,1,1,0,0,04800427b2f08c4597e434111ff3f0800ef3d51c6272ad094
2631,pixel_transfer,8,0,1,1,8,0,1,1,1,0,0,0,04800427b2f08c4597e434111ff3f0800ef3d51c6272ad094
2634,pixel_transfer,8,0,1,1,8,0,1,1,1,1,0,0,020770744c42808c708e515949a724ad5a831a204b3c7ffc1
2635,pixel_transfer,8,0,1,1,8,0,1,1,1,0,0,0,020770744c42808c708e515949a724ad5a831a204b3c7ffc1
2638,pixel_transfer,8,0,1,1,8,0,1,1,1,1,0,0,0559b8820fcc04bd5a2405ccd3c363d80dc3fb64e99725212
2639,pixel_transfer,8,0,1,1,8,0,1,1,1,0,0,0,0559b8820fcc04bd5a2405ccd3c363d80dc3fb64e99725212
2643,pixel_transfer,8,0,1,1,8,0,1,1,1,0,1,0,0559b8820fcc04bd5a2405ccd3c363d80dc3fb64e99725212
2644,pixel_transfer,8,0,1,1,8,0,1,1,1,0,0,0,0559b8820fcc04bd5a2405ccd3c363d80dc3fb64e99725212
2653,pixel_transfer,8,0,1,1,8,0,1,1,1,1,0,0,0cbc5010a26ea510880879fb3c247d4f08802099db72bd067
2654,pixel_transfer,8,0,1,1,8,0,1,1,1,0,0,0,0cbc5010a26ea510880879fb3c247d4f08802099db72bd067
2657,pixel_transfer,8,0,1,1,8,0,1,1,1,1,0,0,03180416b088a12dd8f871f46b58aa06284d41f80dbdadce0
2658,pixel_transfer,8,0,1,1,8,0,1,1,1,0,0,0,03180416b088a12dd8f871f46b58aa06284d41f80dbdadce0
2661,pixel_transfer,8,0,1,1,8,0,1,1,1,1,0,0,0c8357e0e82310a4100a69cb2227c0e4544f08812cb544748
2662,pixel_transfer,8,0,1,1,8,0,1,1,1,0,0,0,0c8357e0e82310a4100a69cb2227c0e4544f08812cb544748
2665,pixel_transfer,8,0,1,1,8,0,1,1,1,1,0,0,080bb0b28a2007525a3492355090092a2f2c041c908e16aa4
2666,pixel_transfer,8,0,1,1,8,0,1,1,1,0,0,0,080bb0b28a2007525a3492355090092a2f2c041c908e16aa4
2670,pixel_transfer,8,0,1,1,8,0,1,1,1,0,1,0,080bb0b28a2007525a3492355090092a2f2c041c908e16aa4
2671,pixel_transfer,8,0,1,1,8,0,1,1,1,0,0,0,080bb0b28a2007525a3492355090092a2f2c041c908e16aa4
2680,pixel_transfer,8,0,1,1,8,0,1,1,1,1,0,0,02a0182e829fb97480705979c0cc8e7505044d2b432222d2a
2681,pixel_transfer,8,0,1,1,8,0,1,1,1,0,0,0,02a0182e829fb97480705979c0cc8e7505044d2b432222d2a
2684,pixel_transfer,8,0,1,1,8,0,1,1,1,1,0,0,0d7afd743330f42364471a031a791c81f7ae0a5837ee1d513
2685,pixel_transfer,8,0,1,1,8,0,1,1,1,0,0,0,0d7afd743330f42364471a031a791c81f7ae0a5837ee1d513
2688,pixel_transfer,8,0,1,1,8,0,1,1,1,1,0,0,05f9c72d58fbcbe014f3d4111b1e7c3aea979753994795054
2689,pixel_transfer,8,0,1,1,8,0,1,1,1,0,0,0,05f9c72d58fbcbe014f3d4111b1e7c3aea979753994795054
2692,pixel_transfer,8,0,1,1,8,0,1,1,1,1,0,0,0409c35a8411e16f4601214007414aaf303a5e41828c823c4
2693,pixel_transfer,8,0,1,1,8,0,1,1,1,0,0,0,0409c35a8411e16f4601214007414aaf303a5e41828c823c4
2697,pixel_transfer,8,0,1,1,8,0,1,1,1,0,1,0,0409c35a8411e16f4601214007414aaf303a5e41828c823c4
2698,pixel_transfer,8,0,1,1,8,0,1,1,1,0,0,0,0409c35a8411e16f4601214007414aaf303a5e41828c823c4
2707,pixel_transfer,8,0,1,1,8,0,1,1,1,1,0,0,0004a4002152408ad46404820733929c0c3cf6a8d63c92927
2708,pixel_transfer,8,0,1,1,8,0,1,1,1,0,0,0,0004a4002152408ad46404820733929c0c3cf6a8d63c92927
2711,pixel_transfer,8,0,1,1,8,0,1,1,1,1,0,0,0771d2000f888ba43d4d5dd1faaa1ac6e2789a77445555147
2712,pixel_transfer,8,0,1,1,8,0,1,1,1,0,0,0,0771d2000f888ba43d4d5dd1faaa1ac6e2789a77445555147
2715,pixel_transfer,8,0,1,1,8,0,1,1,1,1,0,0,0d87520efbc7769b7ef3b0804df7bf74104e4b06fde39e79b
2716,pixel_transfer,8,0,1,1,8,0,1,1,1,0,0,0,0d87520efbc7769b7ef3b0804df7bf74104e4b06fde39e79b
2719,pixel_transfer,8,0,1,1,8,0,1,1,1,1,0,0,056053cd8858e1354d3ef9a7d180500c4a807348e47f1c807
2720,pixel_transfer,8,0,1,1,8,0,1,1,1,0,0,0,056053cd8858e1354d3ef9a7d180500c4a807348e47f1c807
2724,pixel_transfer,8,0,1,1,8,0,1,1,1,0,1,0,056053cd8858e1354d3ef9a7d180500c4a807348e47f1c807
2725,pixel_transfer,8,0,1,1,8,0,1,1,1,0,0,0,056053cd8858e1354d3ef9a7d180500c4a807348e47f1c807
2734,pixel_transfer,8,0,1,1,8,0,1,1,1,1,0,0,06d41c87edd53512ff9a30797eed83811817a66e695582453
2735,pixel_transfer,8,0,1,1,8,0,1,1,1,0,0,0,06d41c87edd53512ff9a30797eed83811817a66e695582453
2738,pixel_transfer,8,0,1,1,8,0,1,1,1,1,0,0,07f4b8f328f3a3c42a5473a03dafb4060ff00d25f94ae1a71
2739,pixel_transfer,8,0,1,1,8,0,1,1,1,0,0,0,07f4b8f328f3a3c42a5473a03dafb4060ff00d25f94ae1a71
2742,pixel_transfer,8,0,1,1,8,0,1,1,1,1,0,0,00b42a6bf127c8e78403f3c7a8f8246213d0ad43a428ff22e
2743,pixel_transfer,8,0,1,1,8,0,1,1,1,0,0,0,00b42a6bf127c8e78403f3c7a8f8246213d0ad43a428ff22e
2746,pixel_transfer,8,0,1,1,8,0,1,1,1,1,0,0,004426e8121ca3e52be02f2a8b27ff514907433e9e90a3742
2747,pixel_transfer,8,0,1,1,8,0,1,1,1,0,0,0,004426e8121ca3e52be02f2a8b27ff514907433e9e90a3742
2751,pixel_transfer,8,0,1,1,8,0,1,1,1,0,1,0,004426e8121ca3e52be02f2a8b27ff514907433e9e90a3742
2752,pixel_transfer,8,0,1,1,8,0,1,1,1,0,0,0,004426e8121ca3e52be02f2a8b27ff514907433e9e90a3742
2761,pixel_transfer,8,0,1,1,8,0,1,1,1,1,0,0,010bf95cea99f107141d1918f4cca9188e8e86b805b77e00f
2762,line_marker,8,0,1,1,8,0,1,1,1,0,0,0,010bf95cea99f107141d1918f4cca9188e8e86b805b77e00f
2765,pixel_transfer,8,0,1,1,8,0,1,1,1,1,0,0,021478645540112124df185eff1f9009f8b88010ce56dc66a
2766,pixel_transfer,8,0,1,1,8,0,1,1,1,0,0,0,021478645540112124df185eff1f9009f8b88010ce56dc66a
2769,pixel_transfer,8,0,1,1,8,0,1,1,1,1,0,0,0e224a147f95f7a4024cbaa1172a229074b84f0011c8300d1
2770,pixel_transfer,8,0,1,1,8,0,1,1,1,0,0,0,0e224a147f95f7a4024cbaa1172a229074b84f0011c8300d1
2773,pixel_transfer,8,0,1,1,8,0,1,1,1,1,0,0,0daa6a2ce977d0ac80837428f4c898649193a0790f13d1e9b
2774,pixel_transfer,8,0,1,1,8,0,1,1,1,0,0,0,0daa6a2ce977d0ac80837428f4c898649193a0790f13d1e9b
2778,pixel_transfer,8,0,1,1,8,0,1,1,1,0,1,0,0daa6a2ce977d0ac80837428f4c898649193a0790f13d1e9b
2779,pixel_transfer,8,0,1,1,8,0,1,1,1,0,0,0,0daa6a2ce977d0ac80837428f4c898649193a0790f13d1e9b
2788,pixel_transfer,8,0,1,1,8,0,1,1,1,1,0,0,05ca82469488200d110401850149d163b71793f00d49b01b8
2789,pixel_transfer,8,0,1,1,8,0,1,1,1,0,0,0,05ca82469488200d110401850149d163b71793f00d49b01b8
2792,pixel_transfer,8,0,1,1,8,0,1,1,1,1,0,0,0ee4d0150e7a5204a47a10c7d0c47626a848277ba888084b4
2793,pixel_transfer,8,0,1,1,8,0,1,1,1,0,0,0,0ee4d0150e7a5204a47a10c7d0c47626a848277ba888084b4
2796,pixel_transfer,8,0,1,1,8,0,1,1,1,1,0,0,036a50c811b0829827b4ad9032ac037c0a2cb91c8c3a1e063
2797,pixel_transfer,8,0,1,1,8,0,1,1,1,0,0,0,036a50c811b0829827b4ad9032ac037c0a2cb91c8c3a1e063
2800,pixel_transfer,8,0,1,1,8,0,1,1,1,1,0,0,0bf062820ef0880809be9906e06f1f1f033d409c81b14d1e5
2801,pixel_transfer,8,0,1,1,8,0,1,1,1,0,0,0,0bf062820ef0880809be9906e06f1f1f033d409c81b14d1e5
2805,pixel_transfer,8,0,1,1,8,0,1,1,1,0,1,0,0bf062820ef0880809be9906e06f1f1f033d409c81b14d1e5
2806,pixel_transfer,8,0,1,1,8,0,1,1,1,0,0,0,0bf062820ef0880809be9906e06f1f1f033d409c81b14d1e5
2815,pixel_transfer,8,0,1,1,8,0,1,1,1,1,0,0,02069f60c97780c7a004cd332b8750480aa0ba27c15c4067e
2816,pixel_transfer,8,0,1,1,8,0,1,1,1,0,0,0,02069f60c97780c7a004cd332b8750480aa0ba27c15c4067e
2819,pixel_transfer,8,0,1,1,8,0,1,1,1,1,0,0,083e011caca1b809200d029e5470a30feb12478c64e0c91d0
2820,pixel_transfer,8,0,1,1,8,0,1,1,1,0,0,0,083e011caca1b809200d029e5470a30feb12478c64e0c91d0
2823,pixel_transfer,8,0,1,1,8,0,1,1,1,1,0,0,06c13a2c06515ea94166a8ba685ed26054912a09468417aa3
2824,pixel_transfer,8,0,1,1,8,0,1,1,1,0,0,0,06c13a2c06515ea94166a8ba685ed26054912a09468417aa3
2827,pixel_transfer,8,0,1,1,8,0,1,1,1,1,0,0,0a295e68568559048447059159024eb94d695671c083d425d
2828,pixel_transfer,8,0,1,1,8,0,1,1,1,0,0,0,0a295e68568559048447059159024eb94d695671c083d425d
2832,pixel_transfer,8,0,1,1,8,0,1,1,1,0,1,0,0a295e68568559048447059159024eb94d695671c083d425d
2833,pixel_transfer,8,0,1,1,8,0,1,1,1,0,0,0,0a295e68568559048447059159024eb94d695671c083d425d
2842,pixel_transfer,8,0,1,1,8,0,1,1,1,1,0,0,0f4f0fbc6057a405d0fa268273d72615012e5a782545f97d2
2843,pixel_transfer,8,0,1,1,8,0,1,1,1,0,0,0,0f4f0fbc6057a405d0fa268273d72615012e5a782545f97d2
2846,pixel_transfer,8,0,1,1,8,0,1,1,1,1,0,0,0908e404141531e8a093d700a744138c0ad10c56b9040e8b1
2847,pixel_transfer,8,0,1,1,8,0,1,1,1,0,0,0,0908e404141531e8a093d700a744138c0ad10c56b9040e8b1
2850,pixel_transfer,8,0,1,1,8,0,1,1,1,1,0,0,09a62ec02e93a40267ea4f3083d71479d79fd2a0380a047c1
2851,pixel_transfer,8,0,1,1,8,0,1,1,1,0,0,0,09a62ec02e93a40267ea4f3083d71479d79fd2a0380a047c1
2854,pixel_transfer,8,0,1,1,8,0,1,1,1,1,0,0,022f6eea023f061901ef50497b1c15c7a4d9a118ab9be200c
2855,pixel_transfer,8,0,1,1,8,0,1,1,1,0,0,0,022f6eea023f061901ef50497b1c15c7a4d9a118ab9be200c
2859,pixel_transfer,8,0,1,1,8,0,1,1,1,0,1,0,022f6eea023f061901ef50497b1c15c7a4d9a118ab9be200c
2860,line_marker,8,0,1,1,8,0,1,1,1,0,0,0,022f6eea023f061901ef50497b1c15c7a4d9a118ab9be200c
2869,pixel_transfer,8,0,1,1,8,0,1,1,1,1,0,0,02dfc7852a6c0947d83ac5414e4bcf35d82e146014a121921
2870,pixel_transfer,8,0,1,1,8,0,1,1,1,0,0,0,02dfc7852a6c0947d83ac5414e4bcf35d82e146014a121921
2873,pixel_transfer,8,0,1,1,8,0,1,1,1,1,0,0,0c3f338f21c818d4203c403c1e1d8bbf7000e0d440860a0f5
2874,pixel_transfer,8,0,1,1,8,0,1,1,1,0,0,0,0c3f338f21c818d4203c403c1e1d8bbf7000e0d440860a0f5
2877,pixel_transfer,8,0,1,1,8,0,1,1,1,1,0,0,0ff5d11aafff780a01403c438a05cc1c130489490cb13136a
2878,pixel_transfer,8,0,1,1,8,0,1,1,1,0,0,0,0ff5d11aafff780a01403c438a05cc1c130489490cb13136a
2881,pixel_transfer,8,0,1,1,8,0,1,1,1,1,0,0,0c0d5b11c0dc51e7c7cd14328cb1d03bbc88c02006806ca14
2882,pixel_transfer,8,0,1,1,8,0,1,1,1,0,0,0,0c0d5b11c0dc51e7c7cd14328cb1d03bbc88c02006806ca14
2886,pixel_transfer,8,0,1,1,8,0,1,1,1,0,1,0,0c0d5b11c0dc51e7c7cd14328cb1d03bbc88c02006806ca14
2887,pixel_transfer,8,0,1,1,8,0,1,1,1,0,0,0,0c0d5b11c0dc51e7c7cd14328cb1d03bbc88c02006806ca14
2896,pixel_transfer,8,0,1,1,8,0,1,1,1,1,0,0,0b161ceb1fd070a9026c4827f3190057686380a6201cba62c
2897,pixel_transfer,8,0,1,1,8,0,1,1,1,0,0,0,0b161ceb1fd070a9026c4827f3190057686380a6201cba62c
2900,pixel_transfer,8,0,1,1,8,0,1,1,1,1,0,0,07e88bf94075539e64c39f67c8347223108331f3815ccec21
2901,pixel_transfer,8,0,1,1,8,0,1,1,1,0,0,0,07e88bf94075539e64c39f67c8347223108331f3815ccec21
2904,pixel_transfer,8,0,1,1,8,0,1,1,1,1,0,0,0ff033cb88d71a1864c6726298f2f7bbcf8482278e4fe3f18
2905,pixel_transfer,8,0,1,1,8,0,1,1,1,0,0,0,0ff033cb88d71a1864c6726298f2f7bbcf8482278e4fe3f18
2908,pixel_transfer,8,0,1,1,8,0,1,1,1,1,0,0,0e4a4d42c1a0e94325427ffbf08e80a0d0f918ec81f508247
2909,line_marker,8,0,1,1,8,0,1,1,1,0,0,0,0e4a4d42c1a0e94325427ffbf08e80a0d0f918ec81f508247
2913,pixel_transfer,8,0,1,1,8,0,1,1,1,0,1,0,0e4a4d42c1a0e94325427ffbf08e80a0d0f918ec81f508247
2914,pixel_transfer,8,0,1,1,8,0,1,1,1,0,0,0,0e4a4d42c1a0e94325427ffbf08e80a0d0f918ec81f508247
2923,pixel_transfer,8,0,1,1,8,0,1,1,1,1,0,0,0803a8a887208091540a68200e1f0c83ff842a1c95f1c3120
2924,pixel_transfer,8,0,1,1,8,0,1,1,1,0,0,0,0803a8a887208091540a68200e1f0c83ff842a1c95f1c3120
2927,pixel_transfer,8,0,1,1,8,0,1,1,1,1,0,0,0c0624f70531e118f2c463107132148ff6121a83f41eed791
2928,pixel_transfer,8,0,1,1,8,0,1,1,1,0,0,0,0c0624f70531e118f2c463107132148ff6121a83f41eed791
2931,pixel_transfer,8,0,1,1,8,0,1,1,1,1,0,0,032f30afeacc422911cb234111e213006721d64c19b055d8b
2932,pixel_transfer,8,0,1,1,8,0,1,1,1,0,0,0,032f30afeacc422911cb234111e213006721d64c19b055d8b
2935,pixel_transfer,8,0,1,1,8,0,1,1,1,1,0,0,0c744d920fe14f99c02849f3f11821e14ede2a9844660dc06
2936,pixel_transfer,8,0,1,1,8,0,1,1,1,0,0,0,0c744d920fe14f99c02849f3f11821e14ede2a9844660dc06
2940,pixel_transfer,8,0,1,1,8,0,1,1,1,0,1,0,0c744d920fe14f99c02849f3f11821e14ede2a9844660dc06
2941,pixel_transfer,8,0,1,1,8,0,1,1,1,0,0,0,0c744d920fe14f99c02849f3f11821e14ede2a9844660dc06
2950,pixel_transfer,8,0,1,1,8,0,1,1,1,1,0,0,040dc4b8540d4ae238f741fe00dc012a19a458cb4542a446a
2951,pixel_transfer,8,0,1,1,8,0,1,1,1,0,0,0,040dc4b8540d4ae238f741fe00dc012a19a458cb4542a446a
2954,pixel_transfer,8,0,1,1,8,0,1,1,1,1,0,0,0644aaba95a144451a01112c01233a32929883281228a84d5
2955,pixel_transfer,8,0,1,1,8,0,1,1,1,0,0,0,0644aaba95a144451a01112c01233a32929883281228a84d5
2958,line_marker,8,0,1,1,8,0,1,1,1,1,0,0,09404cc8ca634284ab01e22b092545103a2660680878a1f1f
2959,pixel_transfer,8,0,1,1,8,0,1,1,1,0,0,0,09404cc8ca634284ab01e22b092545103a2660680878a1f1f
2962,pixel_transfer,8,0,1,1,8,0,1,1,1,1,0,0,034925c0955c8c4c82a1c482094c894221552441bd27f0496
2963,pixel_transfer,8,0,1,1,8,0,1,1,1,0,0,0,034925c0955c8c4c82a1c482094c894221552441bd27f0496
2967,pixel_transfer,8,0,1,1,8,0,1,1,1,0,1,0,034925c0955c8c4c82a1c482094c894221552441bd27f0496
2968,pixel_transfer,8,0,1,1,8,0,1,1,1,0,0,0,034925c0955c8c4c82a1c482094c894221552441bd27f0496
2977,pixel_transfer,8,0,1,1,8,0,1,1,1,1,0,0,04a505c0e9508f1f7ab6b1e0f9144ff143820849f941f0750
2978,pixel_transfer,8,0,1,1,8,0,1,1,1,0,0,0,04a505c0e9508f1f7ab6b1e0f9144ff143820849f941f0750
2981,pixel_transfer,8,0,1,1,8,0,1,1,1,1,0,0,0cf2394a918c06602480a08e022805a494a420e91003c0220
2982,pixel_transfer,8,0,1,1,8,0,1,1,1,0,0,0,0cf2394a918c06602480a08e022805a494a420e91003c0220
2985,pixel_transfer,8,0,1,1,8,0,1,1,1,1,0,0,023a2d50c046d52a204b0e588a49a0828550380b24510ffe7
2986,pixel_transfer,8,0,1,1,8,0,1,1,1,0,0,0,023a2d50c046d52a204b0e588a49a0828550380b24510ffe7
2989,pixel_transfer,8,0,1,1,8,0,1,1,1,1,0,0,052845441c4ce2000965c11880c081d4d4945a4c5008c44c6
2990,pixel_transfer,8,0,1,1,8,0,1,1,1,0,0,0,052845441c4ce2000965c11880c081d4d4945a4c5008c44c6
2994,pixel_transfer,8,0,1,1,8,0,1,1,1,0,1,0,052845441c4ce2000965c11880c081d4d4945a4c5008c44c6
2995,pixel_transfer,8,0,1,1,8,0,1,1,1,0,0,0,052845441c4ce2000965c11880c081d4d4945a4c5008c44c6
3004,pixel_transfer,8,0,1,1,8,0,1,1,1,1,0,0,072c40c14192448542246f161a31a1ab95a1c471e332e8000
3005,pixel_transfer,8,0,1,1,8,0,1,1,1,0,0,0,072c40c14192448542246f161a31a1ab95a1c471e332e8000
3008,pixel_transfer,8,0,1,1,8,0,1,1,1,1,0,0,03f08df35a16822e881c3a18c518002004882d7176776358d
3009,pixel_transfer,8,0,1,1,8,0,1,1,1,0,0,0,03f08df35a16822e881c3a18c518002004882d7176776358d
3012,pixel_transfer,8,0,1,1,8,0,1,1,1,1,0,0,0018e2726144c8fc29cf9bbda515473488800bb7486515343
3013,pixel_transfer,8,0,1,1,8,0,1,1,1,0,0,0,0018e2726144c8fc29cf9bbda515473488800bb7486515343
3016,pixel_transfer,8,0,1,1,8,0,1,1,1,1,0,0,08e0ff0c3280a0f5264e767ed4ff508fa2b3d44044a0a3d43
3017,pixel_transfer,8,0,1,1,8,0,1,1,1,0,0,0,08e0ff0c3280a0f5264e767ed4ff508fa2b3d44044a0a3d43
3021,pixel_transfer,8,0,1,1,8,0,1,1,1,0,1,0,08e0ff0c3280a0f5264e767ed4ff508fa2b3d44044a0a3d43
3022,pixel_transfer,8,0,1,1,8,0,1,1,1,0,0,0,08e0ff0c3280a0f5264e767ed4ff508fa2b3d44044a0a3d43
3031,pixel_transfer,8,0,1,1,8,0,1,1,1,1,0,0,0a482582292544b002600804a3402dacca49c21cc1005a9b8
3032,pixel_transfer,8,0,1,1,8,0,1,1,1,0,0,0,0a482582292544b002600804a3402dacca49c21cc1005a9b8
3035,pixel_transfer,8,0,1,1,8,0,1,1,1,1,0,0,02282500008e43bf7bc0f89cb77000811777ff3de65002001
3036,pixel_transfer,8,0,1,1,8,0,1,1,1,0,0,0,02282500008e43bf7bc0f89cb77000811777ff3de65002001
3039,pixel_transfer,8,0,1,1,8,0,1,1,1,1,0,0,0a0eec2793cf2449a2091268095748a087fab3142d331807c
3040,pixel_transfer,8,0,1,1,8,0,1,1,1,0,0,0,0a0eec2793cf2449a2091268095748a087fab3142d331807c
3043,pixel_transfer,8,0,1,1,8,0,1,1,1,1,0,0,083e861762116a573efa3b37f05d1005157530febf125d58f
3044,pixel_transfer,8,0,1,1,8,0,1,1,1,0,0,0,083e861762116a573efa3b37f05d1005157530febf125d58f
3048,pixel_transfer,8,0,1,1,8,0,1,1,1,0,1,0,083e861762116a573efa3b37f05d1005157530febf125d58f
3049,pixel_transfer,8,0,1,1,8,0,1,1,1,0,0,0,083e861762116a573efa3b37f05d1005157530febf125d58f
3058,pixel_transfer,8,0,1,1,8,0,1,1,1,1,0,0,03f7b2e252344611266de11f844fd2121ff4f2759a3c8293b
3059,pixel_transfer,8,0,1,1,8,0,1,1,1,0,0,0,03f7b2e252344611266de11f844fd2121ff4f2759a3c8293b
3062,pixel_transfer,8,0,1,1,8,0,1,1,1,1,0,0,070f839253e9e0859eed0010bca233ad6630f0175e488d023
3063,pixel_transfer,8,0,1,1,8,0,1,1,1,0,0,0,070f839253e9e0859eed0010bca233ad6630f0175e488d023
3066,pixel_transfer,8,0,1,1,8,0,1,1,1,1,0,0,08200cb8b06f4d4dcdc03281d2c8675c832e5e4587ca4ff00
3067,pixel_transfer,8,0,1,1,8,0,1,1,1,0,0,0,08200cb8b06f4d4dcdc03281d2c8675c832e5e4587ca4ff00
3070,pixel_transfer,8,0,1,1,8,0,1,1,1,1,0,0,0392328c1256910ea1a00e59c91539231599c08a893032ae1
3071,pixel_transfer,8,0,1,1,8,0,1,1,1,0,0,0,0392328c1256910ea1a00e59c91539231599c08a893032ae1
3075,pixel_transfer,8,0,1,1,8,0,1,1,1,0,1,0,0392328c1256910ea1a00e59c91539231599c08a893032ae1
3076,pixel_transfer,8,0,1,1,8,0,1,1,1,0,0,0,0392328c1256910ea1a00e59c91539231599c08a893032ae1
3085,pixel_transfer,8,0,1,1,8,0,1,1,1,1,0,0,0c5e140ca590480a2c0d3100e77c7e700f8099a712cdfd384
3086,pixel_transfer,8,0,1,1,8,0,1,1,1,0,0,0,0c5e140ca590480a2c0d3100e77c7e700f8099a712cdfd384
3089,pixel_transfer,8,0,1,1,8,0,1,1,1,1,0,0,043ce14defff750418ffe3ff15f10847d0746870897032a2c
3090,pixel_transfer,8,0,1,1,8,0,1,1,1,0,0,0,043ce14defff750418ffe3ff15f10847d0746870897032a2c
3093,pixel_transfer,8,0,1,1,8,0,1,1,1,1,0,0,070961e2af9879f0ef6416f8ac419ae23a0ea75a8300000d4
3094,pixel_transfer,8,0,1,1,8,0,1,1,1,0,0,0,070961e2af9879f0ef6416f8ac419ae23a0ea75a8300000d4
3097,pixel_transfer,8,0,1,1,8,0,1,1,1,1,0,0,0cbdd81c80fa14998d90348249f4f3a1519cad1832c8939a6
3098,pixel_transfer,8,0,1,1,8,0,1,1,1,0,0,0,0cbdd81c80fa14998d90348249f4f3a1519cad1832c8939a6
3102,pixel_transfer,8,0,1,1,8,0,1,1,1,0,1,0,0cbdd81c80fa14998d90348249f4f3a1519cad1832c8939a6
3103,pixel_transfer,8,0,1,1,8,0,1,1,1,0,0,0,0cbdd81c80fa14998d90348249f4f3a1519cad1832c8939a6
3112,pixel_transfer,8,0,1,1,8,0,1,1,1,1,0,0,0636a7a00182112042825280004809e12b592864210044824
3113,pixel_transfer,8,0,1,1,8,0,1,1,1,0,0,0,0636a7a00182112042825280004809e12b592864210044824
3116,pixel_transfer,8,0,1,1,8,0,1,1,1,1,0,0,00d2eb80683de425b498272b73e64d5037003482cc3d45985
3117,pixel_transfer,8,0,1,1,8,0,1,1,1,0,0,0,00d2eb80683de425b498272b73e64d5037003482cc3d45985
3120,pixel_transfer,8,0,1,1,8,0,1,1,1,1,0,0,0d1dda20282377751d06544f02945ef9e121001e438428f41
3121,pixel_transfer,8,0,1,1,8,0,1,1,1,0,0,0,0d1dda20282377751d06544f02945ef9e121001e438428f41
3124,pixel_transfer,8,0,1,1,8,0,1,1,1,1,0,0,06c80c8a17ae294a1aa8e40f13829a8774f0a2f4641bb41c1
3125,pixel_transfer,8,0,1,1,8,0,1,1,1,0,0,0,06c80c8a17ae294a1aa8e40f13829a8774f0a2f4641bb41c1
3129,pixel_transfer,8,0,1,1,8,0,1,1,1,0,1,0,06c80c8a17ae294a1aa8e40f13829a8774f0a2f4641bb41c1
3130,pixel_transfer,8,0,1,1,8,0,1,1,1,0,0,0,06c80c8a17ae294a1aa8e40f13829a8774f0a2f4641bb41c1
3139,pixel_transfer,8,0,1,1,8,0,1,1,1,1,0,0,0733d4a5c8e32e4618800c206c21d31e5c001ef574887e2d7
3140,pixel_transfer,8,0,1,1,8,0,1,1,1,0,0,0,0733d4a5c8e32e4618800c206c21d31e5c001ef574887e2d7
3143,pixel_transfer,8,0,1,1,8,0,1,1,1,1,0,0,0250ac81211dd184969412e5a87643886afe7d0e3c02008ba
3144,pixel_transfer,8,0,1,1,8,0,1,1,1,0,0,0,0250ac81211dd184969412e5a87643886afe7d0e3c02008ba
3147,pixel_transfer,8,0,1,1,8,0,1,1,1,1,0,0,0b51464839d4a82eaa69212d51305413341c10bf5f1c8738c
3148,pixel_transfer,8,0,1,1,8,0,1,1,1,0,0,0,0b51464839d4a82eaa69212d51305413341c10bf5f1c8738c
3151,pixel_transfer,8,0,1,1,8,0,1,1,1,1,0,0,08800b7e802621000ee324428127264a7a20466a2006ed1f1
3152,pixel_transfer,8,0,1,1,8,0,1,1,1,0,0,0,08800b7e802621000ee324428127264a7a20466a2006ed1f1
3156,pixel_transfer,8,0,1,1,8,0,1,1,1,0,1,0,08800b7e802621000ee324428127264a7a20466a2006ed1f1
3157,pixel_transfer,8,0,1,1,8,0,1,1,1,0,0,0,08800b7e802621000ee324428127264a7a20466a2006ed1f1
3166,pixel_transfer,8,0,1,1,8,0,1,1,1,1,0,0,023941c248fd44dcdbd1e753d471d99028fa80baf4f7ca8db
3167,pixel_transfer,8,0,1,1,8,0,1,1,1,0,0,0,023941c248fd44dcdbd1e753d471d99028fa80baf4f7ca8db
3170,pixel_transfer,8,0,1,1,8,0,1,1,1,1,0,0,0104085440965681e511ff705601391ec02ca0a82a26b02c5
3171,pixel_transfer,8,0,1,1,8,0,1,1,1,0,0,0,0104085440965681e511ff705601391ec02ca0a82a26b02c5
3174,pixel_transfer,8,0,1,1,8,0,1,1,1,1,0,0,0728090071f53181057be4450ffba0e82defe13a68ec848f4
3175,pixel_transfer,8,0,1,1,8,0,1,1,1,0,0,0,0728090071f53181057be4450ffba0e82defe13a68ec848f4
3178,pixel_transfer,8,0,1,1,8,0,1,1,1,1,0,0,02a704542f23024c0fbc51c70d4181270618ead150cf80f3e
3179,pixel_transfer,8,0,1,1,8,0,1,1,1,0,0,0,02a704542f23024c0fbc51c70d4181270618ead150cf80f3e
3183,pixel_transfer,8,0,1,1,8,0,1,1,1,0,1,0,02a704542f23024c0fbc51c70d4181270618ead150cf80f3e
3184,pixel_transfer,8,0,1,1,8,0,1,1,1,0,0,0,02a704542f23024c0fbc51c70d4181270618ead150cf80f3e
3193,pixel_transfer,8,0,1,1,8,0,1,1,1,1,0,0,00e12c005585542136195809080f22801ee47824daa4ab24e
3194,pixel_transfer,8,0,1,1,8,0,1,1,1,0,0,0,00e12c005585542136195809080f22801ee47824daa4ab24e
3197,pixel_transfer,8,0,1,1,8,0,1,1,1,1,0,0,0ae2c07f8c40a4438087b0fb51f0080f0f5fa7f3c26412dd1
3198,pixel_transfer,8,0,1,1,8,0,1,1,1,0,0,0,0ae2c07f8c40a4438087b0fb51f0080f0f5fa7f3c26412dd1
3201,pixel_transfer,8,0,1,1,8,0,1,1,1,1,0,0,0192887b282e0af105d01eace33089406415c15a2121e4a24
3202,pixel_transfer,8,0,1,1,8,0,1,1,1,0,0,0,0192887b282e0af105d01eace33089406415c15a2121e4a24
3205,pixel_transfer,8,0,1,1,8,0,1,1,1,1,0,0,08fff8b04ace6611099ddeb814167f5b09baa440a870761a8
3206,pixel_transfer,8,0,1,1,8,0,1,1,1,0,0,0,08fff8b04ace6611099ddeb814167f5b09baa440a870761a8
3210,pixel_transfer,8,0,1,1,8,0,1,1,1,0,1,0,08fff8b04ace6611099ddeb814167f5b09baa440a870761a8
3211,pixel_transfer,8,0,1,1,8,0,1,1,1,0,0,0,08fff8b04ace6611099ddeb814167f5b09baa440a870761a8
3220,pixel_transfer,8,0,1,1,8,0,1,1,1,1,0,0,03d67b16b1e6ae3b0870a06210a435fd24dc522c03408003f
3221,pixel_transfer,8,0,1,1,8,0,1,1,1,0,0,0,03d67b16b1e6ae3b0870a06210a435fd24dc522c03408003f
3224,pixel_transfer,8,0,1,1,8,0,1,1,1,1,0,0,0e01180d2838210c00030c87802438fc28e035f98149ea9f7
3225,pixel_transfer,8,0,1,1,8,0,1,1,1,0,0,0,0e01180d2838210c00030c87802438fc28e035f98149ea9f7
3228,pixel_transfer,8,0,1,1,8,0,1,1,1,1,0,0,0e5e4ac378166e331c4c1a5a0153e08912f5474fff51fe971
3229,pixel_transfer,8,0,1,1,8,0,1,1,1,0,0,0,0e5e4ac378166e331c4c1a5a0153e08912f5474fff51fe971
3232,pixel_transfer,8,0,1,1,8,0,1,1,1,1,0,0,08092f6b8eb886833521042ea00da7b40004000feffad2d2f
3233,pixel_transfer,8,0,1,1,8,0,1,1,1,0,0,0,08092f6b8eb886833521042ea00da7b40004000feffad2d2f
3237,pixel_transfer,8,0,1,1,8,0,1,1,1,0,1,0,08092f6b8eb886833521042ea00da7b40004000feffad2d2f
3238,pixel_transfer,8,0,1,1,8,0,1,1,1,0,0,0,08092f6b8eb886833521042ea00da7b40004000feffad2d2f
3247,pixel_transfer,8,0,1,1,8,0,1,1,1,1,0,0,0d9ce5f107ff73804da8c21b20931642d819079c4672e8828
3248,pixel_transfer,8,0,1,1,8,0,1,1,1,0,0,0,0d9ce5f107ff73804da8c21b20931642d819079c4672e8828
3251,pixel_transfer,8,0,1,1,8,0,1,1,1,1,0,0,0b1ca01e350e2e2fbfb750426c0dc9112ff5fe2e8f10140f8
3252,line_marker,8,0,1,1,8,0,1,1,1,0,0,0,0b1ca01e350e2e2fbfb750426c0dc9112ff5fe2e8f10140f8
3255,pixel_transfer,8,0,1,1,8,0,1,1,1,1,0,0,06788e03f287e543a0ec41b12b16f7147793cfa5618945200
3256,pixel_transfer,8,0,1,1,8,0,1,1,1,0,0,0,06788e03f287e543a0ec41b12b16f7147793cfa5618945200
3259,pixel_transfer,8,0,1,1,8,0,1,1,1,1,0,0,0238843092540c363b52f2e876177432818c705993e4628be
3260,pixel_transfer,8,0,1,1,8,0,1,1,1,0,0,0,0238843092540c363b52f2e876177432818c705993e4628be
3264,pixel_transfer,8,0,1,1,8,0,1,1,1,0,1,0,0238843092540c363b52f2e876177432818c705993e4628be
3265,pixel_transfer,8,0,1,1,8,0,1,1,1,0,0,0,0238843092540c363b52f2e876177432818c705993e4628be
3274,pixel_transfer,8,0,1,1,8,0,1,1,1,1,0,0,08894269d52c91b60825580512949c91a250982411068ef2d
3275,pixel_transfer,8,0,1,1,8,0,1,1,1,0,0,0,08894269d52c91b60825580512949c91a250982411068ef2d
3278,pixel_transfer,8,0,1,1,8,0,1,1,1,1,0,0,0322152744a8382922a8048a7600584c700ba24d29f83608c
3279,pixel_transfer,8,0,1,1,8,0,1,1,1,0,0,0,0322152744a8382922a8048a7600584c700ba24d29f83608c
3282,pixel_transfer,8,0,1,1,8,0,1,1,1,1,0,0,0281541923702c07f10c4086330a525a79c520fa78282a292
3283,pixel_transfer,8,0,1,1,8,0,1,1,1,0,0,0,0281541923702c07f10c4086330a525a79c520fa78282a292
3286,pixel_transfer,8,0,1,1,8,0,1,1,1,1,0,0,0af211c9073fecf89310004c2e238a31105cb140204561342
3287,pixel_transfer,8,0,1,1,8,0,1,1,1,0,0,0,0af211c9073fecf89310004c2e238a31105cb140204561342
3291,pixel_transfer,8,0,1,1,8,0,1,1,1,0,1,0,0af211c9073fecf89310004c2e238a31105cb140204561342
3292,pixel_transfer,8,0,1,1,8,0,1,1,1,0,0,0,0af211c9073fecf89310004c2e238a31105cb140204561342
3301,line_marker,8,0,1,1,8,0,1,1,1,1,0,0,0a1123ba344ffa7d0e303c8e1a794c400a6fb1429c708ca3d
3302,pixel_transfer,8,0,1,1,8,0,1,1,1,0,0,0,0a1123ba344ffa7d0e303c8e1a794c400a6fb1429c708ca3d
3305,pixel_transfer,8,0,1,1,8,0,1,1,1,1,0,0,0f27b00c844206a841e8f50e27c407c4a48884280641443d0
3306,pixel_transfer,8,0,1,1,8,0,1,1,1,0,0,0,0f27b00c844206a841e8f50e27c407c4a48884280641443d0
3309,pixel_transfer,8,0,1,1,8,0,1,1,1,1,0,0,0e8dda94e694a10bc92142451ce0c40a9684c44810212ad46
3310,pixel_transfer,8,0,1,1,8,0,1,1,1,0,0,0,0e8dda94e694a10bc92142451ce0c40a9684c44810212ad46
3313,pixel_transfer,8,0,1,1,8,0,1,1,1,1,0,0,020950413420f8a4451b6888880dedd009510005515804508
3314,pixel_transfer,8,0,1,1,8,0,1,1,1,0,0,0,020950413420f8a4451b6888880dedd009510005515804508
3318,pixel_transfer,8,0,1,1,8,0,1,1,1,0,1,0,020950413420f8a4451b6888880dedd009510005515804508
3319,pixel_transfer,8,0,1,1,8,0,1,1,1,0,0,0,020950413420f8a4451b6888880dedd009510005515804508
3328,pixel_transfer,8,0,1,1,8,0,1,1,1,1,0,0,051701c95fe8aa8fa63c363a4c323e731c401e80076008479
3329,pixel_transfer,8,0,1,1,8,0,1,1,1,0,0,0,051701c95fe8aa8fa63c363a4c323e731c401e80076008479
3332,pixel_transfer,8,0,1,1,8,0,1,1,1,1,0,0,0a6ac671665ef0fc0a3f023e4535fa7c255aba79b7acec733
3333,pixel_transfer,8,0,1,1,8,0,1,1,1,0,0,0,0a6ac671665ef0fc0a3f023e4535fa7c255aba79b7acec733
3336,pixel_transfer,8,0,1,1,8,0,1,1,1,1,0,0,0f007800145830ac9a33c460a0000c12e27817a14d3083d0a
3337,pixel_transfer,8,0,1,1,8,0,1,1,1,0,0,0,0f007800145830ac9a33c460a0000c12e27817a14d3083d0a
3340,pixel_transfer,8,0,1,1,8,0,1,1,1,1,0,0,00a06b07c4e01ff9f8e057d9f00bb4f77c8fb230f8b9f44f9
3341,pixel_transfer,8,0,1,1,8,0,1,1,1,0,0,0,00a06b07c4e01ff9f8e057d9f00bb4f77c8fb230f8b9f44f9
3345,pixel_transfer,8,0,1,1,8,0,1,1,1,0,1,0,00a06b07c4e01ff9f8e057d9f00bb4f77c8fb230f8b9f44f9
3346,pixel_transfer,8,0,1,1,8,0,1,1,1,0,0,0,00a06b07c4e01ff9f8e057d9f00bb4f77c8fb230f8b9f44f9
3355,pixel_transfer,8,0,1,1,8,0,1,1,1,1,0,0,050e9d17ff8392848d50400689d37132202a202504124724a
3356,pixel_transfer,8,0,1,1,8,0,1,1,1,0,0,0,050e9d17ff8392848d50400689d37132202a202504124724a
3359,pixel_transfer,8,0,1,1,8,0,1,1,1,1,0,0,0f5071b287811c23eaf90c822cd1439e7979324c6a66800dd
3360,pixel_transfer,8,0,1,1,8,0,1,1,1,0,0,0,0f5071b287811c23eaf90c822cd1439e7979324c6a66800dd
3363,pixel_transfer,8,0,1,1,8,0,1,1,1,1,0,0,0d1bb8b2342056fd1a3ea175dd114259a722201fc3bc88f8f
3364,pixel_transfer,8,0,1,1,8,0,1,1,1,0,0,0,0d1bb8b2342056fd1a3ea175dd114259a722201fc3bc88f8f
3367,pixel_transfer,8,0,1,1,8,0,1,1,1,1,0,0,025108c8fe98080836229a429ae408b107526cca2292f513a
3368,pixel_transfer,8,0,1,1,8,0,1,1,1,0,0,0,025108c8fe98080836229a429ae408b107526cca2292f513a
3372,pixel_transfer,8,0,1,1,8,0,1,1,1,0,1,0,025108c8fe98080836229a429ae408b107526cca2292f513a
3373,pixel_transfer,8,0,1,1,8,0,1,1,1,0,0,0,025108c8fe98080836229a429ae408b107526cca2292f513a
3382,pixel_transfer,8,0,1,1,8,0,1,1,1,1,0,0,04847d00050479e09289aa89f8388c07544f7400fa68e1001
3383,pixel_transfer,8,0,1,1,8,0,1,1,1,0,0,0,04847d00050479e09289aa89f8388c07544f7400fa68e1001
3386,pixel_transfer,8,0,1,1,8,0,1,1,1,1,0,0,027f32d43413af108c579dc83142aba44490a80e294a9239d
3387,pixel_transfer,8,0,1,1,8,0,1,1,1,0,0,0,027f32d43413af108c579dc83142aba44490a80e294a9239d
3390,pixel_transfer,8,0,1,1,8,0,1,1,1,1,0,0,0406daf316846000a1c4028805f1981f63994116283210b41
3391,pixel_transfer,8,0,1,1,8,0,1,1,1,0,0,0,0406daf316846000a1c4028805f1981f63994116283210b41
3394,pixel_transfer,8,0,1,1,8,0,1,1,1,1,0,0,0810925420f1c9e222c1dfb870c104606bce634c8fed8209b
3395,pixel_transfer,8,0,1,1,8,0,1,1,1,0,0,0,0810925420f1c9e222c1dfb870c104606bce634c8fed8209b
3399,line_marker,8,0,1,1,8,0,1,1,1,0,1,0,0810925420f1c9e222c1dfb870c104606bce634c8fed8209b
3400,pixel_transfer,8,0,1,1,8,0,1,1,1,0,0,0,0810925420f1c9e222c1dfb870c104606bce634c8fed8209b
3409,pixel_transfer,8,0,1,1,8,0,1,1,1,1,0,0,0c5053d0075a4df5be90f149e7544835442abe411120f45a8
3410,pixel_transfer,8,0,1,1,8,0,1,1,1,0,0,0,0c5053d0075a4df5be90f149e7544835442abe411120f45a8
3413,pixel_transfer,8,0,1,1,8,0,1,1,1,1,0,0,0a21cea0eea8890408836d004e0f89c8f50638eead8134887
3414,pixel_transfer,8,0,1,1,8,0,1,1,1,0,0,0,0a21cea0eea8890408836d004e0f89c8f50638eead8134887
3417,pixel_transfer,8,0,1,1,8,0,1,1,1,1,0,0,004dac601fc3f406103445c54d1940e21910e900350920890
3418,pixel_transfer,8,0,1,1,8,0,1,1,1,0,0,0,004dac601fc3f406103445c54d1940e21910e900350920890
3421,pixel_transfer,8,0,1,1,8,0,1,1,1,1,0,0,09fcc5c4718075c803a021062838e008a841e5826741d4125
3422,pixel_transfer,8,0,1,1,8,0,1,1,1,0,0,0,09fcc5c4718075c803a021062838e008a841e5826741d4125
3426,pixel_transfer,8,0,1,1,8,0,1,1,1,0,1,0,09fcc5c4718075c803a021062838e008a841e5826741d4125
3427,pixel_transfer,8,0,1,1,8,0,1,1,1,0,0,0,09fcc5c4718075c803a021062838e008a841e5826741d4125
3436,pixel_transfer,8,0,1,1,8,0,1,1,1,1,0,0,05e82aa94124070c5198c90152b91d09d9e8a161d1b45040d
3437,pixel_transfer,8,0,1,1,8,0,1,1,1,0,0,0,05e82aa94124070c5198c90152b91d09d9e8a161d1b45040d
3440,pixel_transfer,8,0,1,1,8,0,1,1,1,1,0,0,0e04d4140e96ee80db0e80da225a504dc52521808e5aba0c7
3441,pixel_transfer,8,0,1,1,8,0,1,1,1,0,0,0,0e04d4140e96ee80db0e80da225a504dc52521808e5aba0c7
3444,pixel_transfer,8,0,1,1,8,0,1,1,1,1,0,0,04001b13951e0327404c0571d4849d84909841b1184bcd149
3445,pixel_transfer,8,0,1,1,8,0,1,1,1,0,0,0,04001b13951e0327404c0571d4849d84909841b1184bcd149
3448,line_marker,8,0,1,1,8,0,1,1,1,1,0,0,0f0201840eef0140fb99248d460664084bc1e3a644a037237
3449,pixel_transfer,8,0,1,1,8,0,1,1,1,0,0,0,0f0201840eef0140fb99248d460664084bc1e3a644a037237
3453,pixel_transfer,8,0,1,1,8,0,1,1,1,0,1,0,0f0201840eef0140fb99248d460664084bc1e3a644a037237
3454,pixel_transfer,8,0,1,1,8,0,1,1,1,0,0,0,0f0201840eef0140fb99248d460664084bc1e3a644a037237
3463,pixel_transfer,8,0,1,1,8,0,1,1,1,1,0,0,040a945532a855c22c240c86287d40df1444f84d133702720
3464,pixel_transfer,8,0,1,1,8,0,1,1,1,0,0,0,040a945532a855c22c240c86287d40df1444f84d133702720
3467,pixel_transfer,8,0,1,1,8,0,1,1,1,1,0,0,02004e013c1ff7c985090926d2d40017111142a69489e91a4
3468,pixel_transfer,8,0,1,1,8,0,1,1,1,0,0,0,02004e013c1ff7c985090926d2d40017111142a69489e91a4
3471,pixel_transfer,8,0,1,1,8,0,1,1,1,1,0,0,0609d9382495bbecd3ac02d40d4939d141589f1ff730209a0
3472,pixel_transfer,8,0,1,1,8,0,1,1,1,0,0,0,0609d9382495bbecd3ac02d40d4939d141589f1ff730209a0
3475,pixel_transfer,8,0,1,1,8,0,1,1,1,1,0,0,0069a1960c63ed21a5093d392ee03c807f001942880ca44f9
3476,pixel_transfer,8,0,1,1,8,0,1,1,1,0,0,0,0069a1960c63ed21a5093d392ee03c807f001942880ca44f9
3480,pixel_transfer,8,0,1,1,8,0,1,1,1,0,1,0,0069a1960c63ed21a5093d392ee03c807f001942880ca44f9
3481,pixel_transfer,8,0,1,1,8,0,1,1,1,0,0,0,0069a1960c63ed21a5093d392ee03c807f001942880ca44f9
3490,pixel_transfer,8,0,1,1,8,0,1,1,1,1,0,0,09c898e005d24935023a0f498b10741f8026f3b08b2805f50
3491,pixel_transfer,8,0,1,1,8,0,1,1,1,0,0,0,09c898e005d24935023a0f498b10741f8026f3b08b2805f50
3494,pixel_transfer,8,0,1,1,8,0,1,1,1,1,0,0,05350df73ec6794f81092d85d8f695f1000fdeca102973d58
3495,pixel_transfer,8,0,1,1,8,0,1,1,1,0,0,0,05350df73ec6794f81092d85d8f695f1000fdeca102973d58
3498,pixel_transfer,8,0,1,1,8,0,1,1,1,1,0,0,0a7f7c00d01110d4547000500e285b03cc1581004f2147978
3499,pixel_transfer,8,0,1,1,8,0,1,1,1,0,0,0,0a7f7c00d01110d4547000500e285b03cc1581004f2147978
3502,pixel_transfer,8,0,1,1,8,0,1,1,1,1,0,0,07b00071620f024108e6188e89c2d460888a98fa3038080ef
3503,pixel_transfer,8,0,1,1,8,0,1,1,1,0,0,0,07b00071620f024108e6188e89c2d460888a98fa3038080ef
3507,pixel_transfer,8,0,1,1,8,0,1,1,1,0,1,0,07b00071620f024108e6188e89c2d460888a98fa3038080ef
3508,pixel_transfer,8,0,1,1,8,0,1,1,1,0,0,0,07b00071620f024108e6188e89c2d460888a98fa3038080ef
3517,pixel_transfer,8,0,1,1,8,0,1,1,1,1,0,0,07a8e0cc1d4919aabf5269433e30c511422824955220a6ad0
3518,pixel_transfer,8,0,1,1,8,0,1,1,1,0,0,0,07a8e0cc1d4919aabf5269433e30c511422824955220a6ad0
3521,pixel_transfer,8,0,1,1,8,0,1,1,1,1,0,0,00d2e44ee09a27b07f507e6ee22f720e2e220a207537e438b
3522,pixel_transfer,8,0,1,1,8,0,1,1,1,0,0,0,00d2e44ee09a27b07f507e6ee22f720e2e220a207537e438b
3525,pixel_transfer,8,0,1,1,8,0,1,1,1,1,0,0,08aa9a08bf52680bc2326c411a8d91704593099c2c47544f9
3526,pixel_transfer,8,0,1,1,8,0,1,1,1,0,0,0,08aa9a08bf52680bc2326c411a8d91704593099c2c47544f9
3529,pixel_transfer,8,0,1,1,8,0,1,1,1,1,0,0,0e4f1f0738a61502a8da3f70009c4e199293e0141437d4143
3530,pixel_transfer,8,0,1,1,8,0,1,1,1,0,0,0,0e4f1f0738a61502a8da3f70009c4e199293e0141437d4143
3534,pixel_transfer,8,0,1,1,8,0,1,1,1,0,1,0,0e4f1f0738a61502a8da3f70009c4e199293e0141437d4143
3535,pixel_transfer,8,0,1,1,8,0,1,1,1,0,0,0,0e4f1f0738a61502a8da3f70009c4e199293e0141437d4143
3544,pixel_transfer,8,0,1,1,8,0,1,1,1,1,0,0,08681504e419666e6c4cfc11c410f0d020018087ab8f0007a
3545,pixel_transfer,8,0,1,1,8,0,1,1,1,0,0,0,08681504e419666e6c4cfc11c410f0d020018087ab8f0007a
3548,pixel_transfer,8,0,1,1,8,0,1,1,1,1,0,0,00ca8349830682188e84847614f67813e077708988380428f
3549,pixel_transfer,8,0,1,1,8,0,1,1,1,0,0,0,00ca8349830682188e84847614f67813e077708988380428f
3552,pixel_transfer,8,0,1,1,8,0,1,1,1,1,0,0,0be3f103497199b2090ee1b83092327a0eeff81d0540c3df0
3553,pixel_transfer,8,0,1,1,8,0,1,1,1,0,0,0,0be3f103497199b2090ee1b83092327a0eeff81d0540c3df0
3556,pixel_transfer,8,0,1,1,8,0,1,1,1,1,0,0,0a42664ca29494b8458e47832131e48e40110fd2c101d0982
3557,pixel_transfer,8,0,1,1,8,0,1,1,1,0,0,0,0a42664ca29494b8458e47832131e48e40110fd2c101d0982
3561,pixel_transfer,8,0,1,1,8,0,1,1,1,0,1,0,0a42664ca29494b8458e47832131e48e40110fd2c101d0982
3562,pixel_transfer,8,0,1,1,8,0,1,1,1,0,0,0,0a42664ca29494b8458e47832131e48e40110fd2c101d0982
3571,pixel_transfer,8,0,1,1,8,0,1,1,1,1,0,0,012033bd71171000070220177c43b0e534760e4f6d397a407
3572,pixel_transfer,8,0,1,1,8,0,1,1,1,0,0,0,012033bd71171000070220177c43b0e534760e4f6d397a407
3575,pixel_transfer,8,0,1,1,8,0,1,1,1,1,0,0,043ddd1a0c0ce041a0489f01a8ce0294aa09ef7075e4ffe75
3576,pixel_transfer,8,0,1,1,8,0,1,1,1,0,0,0,043ddd1a0c0ce041a0489f01a8ce0294aa09ef7075e4ffe75
3579,pixel_transfer,8,0,1,1,8,0,1,1,1,1,0,0,09c021474038401457f00e1d300040e240494f0e518800f25
3580,pixel_transfer,8,0,1,1,8,0,1,1,1,0,0,0,09c021474038401457f00e1d300040e240494f0e518800f25
3583,pixel_transfer,8,0,1,1,8,0,1,1,1,1,0,0,0fe78e889078048411121c218938314860fd1ec4361268402
3584,pixel_transfer,8,0,1,1,8,0,1,1,1,0,0,0,0fe78e889078048411121c218938314860fd1ec4361268402
3588,pixel_transfer,8,0,1,1,8,0,1,1,1,0,1,0,0fe78e889078048411121c218938314860fd1ec4361268402
3589,pixel_transfer,8,0,1,1,8,0,1,1,1,0,0,0,0fe78e889078048411121c218938314860fd1ec4361268402
3598,pixel_transfer,8,0,1,1,8,0,1,1,1,1,0,0,0ae942f01609952724a24b485001665e84200c37fa5363c52
3599,pixel_transfer,8,0,1,1,8,0,1,1,1,0,0,0,0ae942f01609952724a24b485001665e84200c37fa5363c52
3602,pixel_transfer,8,0,1,1,8,0,1,1,1,1,0,0,04d89069a85543ce7426089a203a266644a22494045115133
3603,pixel_transfer,8,0,1,1,8,0,1,1,1,0,0,0,04d89069a85543ce7426089a203a266644a22494045115133
3606,pixel_transfer,8,0,1,1,8,0,1,1,1,1,0,0,0440534c3a8a494d1aa8898190690abe054d0400596085104
3607,pixel_transfer,8,0,1,1,8,0,1,1,1,0,0,0,0440534c3a8a494d1aa8898190690abe054d0400596085104
3610,pixel_transfer,8,0,1,1,8,0,1,1,1,1,0,0,01b47188a0212385f174aaa90f874f0e08f411c8954849892
3611,pixel_transfer,8,0,1,1,8,0,1,1,1,0,0,0,01b47188a0212385f174aaa90f874f0e08f411c8954849892
3615,pixel_transfer,8,0,1,1,8,0,1,1,1,0,1,0,01b47188a0212385f174aaa90f874f0e08f411c8954849892
3616,pixel_transfer,8,0,1,1,8,0,1,1,1,0,0,0,01b47188a0212385f174aaa90f874f0e08f411c8954849892
3625,pixel_transfer,8,0,1,1,8,0,1,1,1,1,0,0,0062490482981448848a209b59402d448e708a0c2812131a4
3626,pixel_transfer,8,0,1,1,8,0,1,1,1,0,0,0,0062490482981448848a209b59402d448e708a0c2812131a4
3629,pixel_transfer,8,0,1,1,8,0,1,1,1,1,0,0,096b727420a1211ad665202a5c096390e89809a48495501a6
3630,pixel_transfer,8,0,1,1,8,0,1,1,1,0,0,0,096b727420a1211ad665202a5c096390e89809a48495501a6
3633,pixel_transfer,8,0,1,1,8,0,1,1,1,1,0,0,040c6e150009cc073109212c094a40804b26604743545281a
3634,pixel_transfer,8,0,1,1,8,0,1,1,1,0,0,0,040c6e150009cc073109212c094a40804b26604743545281a
3637,pixel_transfer,8,0,1,1,8,0,1,1,1,1,0,0,0c6005064601c4c09824a8a802044e4ff6803b6ce198909cf
3638,pixel_transfer,8,0,1,1,8,0,1,1,1,0,0,0,0c6005064601c4c09824a8a802044e4ff6803b6ce198909cf
3642,pixel_transfer,8,0,1,1,8,0,1,1,1,0,1,0,0c6005064601c4c09824a8a802044e4ff6803b6ce198909cf
3643,pixel_transfer,8,0,1,1,8,0,1,1,1,0,0,0,0c6005064601c4c09824a8a802044e4ff6803b6ce198909cf
3652,pixel_transfer,8,0,1,1,8,0,1,1,1,1,0,0,07f88a8fa1304258df7b923940efb1102d987f12ae90f11ae
3653,pixel_transfer,8,0,1,1,8,0,1,1,1,0,0,0,07f88a8fa1304258df7b923940efb1102d987f12ae90f11ae
3656,pixel_transfer,8,0,1,1,8,0,1,1,1,1,0,0,085ac4e517dcaafb80078147e141df0eb60495b9c2714611f
3657,pixel_transfer,8,0,1,1,8,0,1,1,1,0,0,0,085ac4e517dcaafb80078147e141df0eb60495b9c2714611f
3660,pixel_transfer,8,0,1,1,8,0,1,1,1,1,0,0,0bf44f9426240d123303525789467f1517c51233080cc0d08
3661,pixel_transfer,8,0,1,1,8,0,1,1,1,0,0,0,0bf44f9426240d123303525789467f1517c51233080cc0d08
3664,pixel_transfer,8,0,1,1,8,0,1,1,1,1,0,0,072bf43d711850ace13c11fa9a823fd533fb24da437d67bc4
3665,pixel_transfer,8,0,1,1,8,0,1,1,1,0,0,0,072bf43d711850ace13c11fa9a823fd533fb24da437d67bc4
3669,pixel_transfer,8,0,1,1,8,0,1,1,1,0,1,0,072bf43d711850ace13c11fa9a823fd533fb24da437d67bc4
3670,pixel_transfer,8,0,1,1,8,0,1,1,1,0,0,0,072bf43d711850ace13c11fa9a823fd533fb24da437d67bc4
3679,pixel_transfer,8,0,1,1,8,0,1,1,1,1,0,0,0504a6c64911d2432bef28f105fe00b73a489a10526208851
3680,pixel_transfer,8,0,1,1,8,0,1,1,1,0,0,0,0504a6c64911d2432bef28f105fe00b73a489a10526208851
3683,pixel_transfer,8,0,1,1,8,0,1,1,1,1,0,0,08f1e53710ba128a18386f41e38118c03af23b2f622840af0
3684,pixel_transfer,8,0,1,1,8,0,1,1,1,0,0,0,08f1e53710ba128a18386f41e38118c03af23b2f622840af0
3687,pixel_transfer,8,0,1,1,8,0,1,1,1,1,0,0,02551e7846f8423540280aa03a4602511920289121484129f
3688,pixel_transfer,8,0,1,1,8,0,1,1,1,0,0,0,02551e7846f8423540280aa03a4602511920289121484129f
3691,pixel_transfer,8,0,1,1,8,0,1,1,1,1,0,0,0e4eb272dfb6a3e8f3c3d7c8da1fa2a881490900afc0f013c
3692,pixel_transfer,8,0,1,1,8,0,1,1,1,0,0,0,0e4eb272dfb6a3e8f3c3d7c8da1fa2a881490900afc0f013c
3696,pixel_transfer,8,0,1,1,8,0,1,1,1,0,1,0,0e4eb272dfb6a3e8f3c3d7c8da1fa2a881490900afc0f013c
3697,pixel_transfer,8,0,1,1,8,0,1,1,1,0,0,0,0e4eb272dfb6a3e8f3c3d7c8da1fa2a881490900afc0f013c
3706,pixel_transfer,8,0,1,1,8,0,1,1,1,1,0,0,0010f25fb5f47a40d1c494744791c7a608c7c1ba0f3ff8e08
3707,pixel_transfer,8,0,1,1,8,0,1,1,1,0,0,0,0010f25fb5f47a40d1c494744791c7a608c7c1ba0f3ff8e08
3710,pixel_transfer,8,0,1,1,8,0,1,1,1,1,0,0,0080807123351f3cd6f3c0328273854a2072a521550f208a0
3711,pixel_transfer,8,0,1,1,8,0,1,1,1,0,0,0,0080807123351f3cd6f3c0328273854a2072a521550f208a0
3714,pixel_transfer,8,0,1,1,8,0,1,1,1,1,0,0,09cf8130a7fe7028070a8b7f3fb061c4700d8bc234a0f4dd0
3715,pixel_transfer,8,0,1,1,8,0,1,1,1,0,0,0,09cf8130a7fe7028070a8b7f3fb061c4700d8bc234a0f4dd0
3718,pixel_transfer,8,0,1,1,8,0,1,1,1,1,0,0,0f4391ea1287c3d4f9e29d852d8a82ad0db73ba170900817d
3719,pixel_transfer,8,0,1,1,8,0,1,1,1,0,0,0,0f4391ea1287c3d4f9e29d852d8a82ad0db73ba170900817d
3723,pixel_transfer,8,0,1,1,8,0,1,1,1,0,1,0,0f4391ea1287c3d4f9e29d852d8a82ad0db73ba170900817d
3724,pixel_transfer,8,0,1,1,8,0,1,1,1,0,0,0,0f4391ea1287c3d4f9e29d852d8a82ad0db73ba170900817d
3733,pixel_transfer,8,0,1,1,8,0,1,1,1,1,0,0,0999063249a47419005bd75007aec89ef39f772cea66b2701
3734,pixel_transfer,8,0,1,1,8,0,1,1,1,0,0,0,0999063249a47419005bd75007aec89ef39f772cea66b2701
3737,pixel_transfer,8,0,1,1,8,0,1,1,1,1,0,0,02402bf1e11c6a238d00c1101841e99fd3f23604a4f6820b2
3738,pixel_transfer,8,0,1,1,8,0,1,1,1,0,0,0,02402bf1e11c6a238d00c1101841e99fd3f23604a4f6820b2
3741,pixel_transfer,8,0,1,1,8,0,1,1,1,1,0,0,00c9b0411209a13de378326ef0fe4943d1e087040087a8220
3742,line_marker,8,0,1,1,8,0,1,1,1,0,0,0,00c9b0411209a13de378326ef0fe4943d1e087040087a8220
3745,pixel_transfer,8,0,1,1,8,0,1,1,1,1,0,0,004582f22b844a1073e0719c71400cc206203a0be98699d71
3746,pixel_transfer,8,0,1,1,8,0,1,1,1,0,0,0,004582f22b844a1073e0719c71400cc206203a0be98699d71
3750,pixel_transfer,8,0,1,1,8,0,1,1,1,0,1,0,004582f22b844a1073e0719c71400cc206203a0be98699d71
3751,pixel_transfer,8,0,1,1,8,0,1,1,1,0,0,0,004582f22b844a1073e0719c71400cc206203a0be98699d71
3760,pixel_transfer,8,0,1,1,8,0,1,1,1,1,0,0,0dc6d54100f8ad42755de91a508934f4150988ac25b4af6c0
3761,pixel_transfer,8,0,1,1,8,0,1,1,1,0,0,0,0dc6d54100f8ad42755de91a508934f4150988ac25b4af6c0
3764,pixel_transfer,8,0,1,1,8,0,1,1,1,1,0,0,0b4290a08ea9be01e5d101b82712a80ee0fa80200a86f4a10
3765,pixel_transfer,8,0,1,1,8,0,1,1,1,0,0,0,0b4290a08ea9be01e5d101b82712a80ee0fa80200a86f4a10
3768,pixel_transfer,8,0,1,1,8,0,1,1,1,1,0,0,048270efc431d9041dd2621816a1911e0afaae8561ba0a720
3769,pixel_transfer,8,0,1,1,8,0,1,1,1,0,0,0,048270efc431d9041dd2621816a1911e0afaae8561ba0a720
3772,pixel_transfer,8,0,1,1,8,0,1,1,1,1,0,0,048019c944e05d0c41092c0023808174efdb4921500517803
3773,pixel_transfer,8,0,1,1,8,0,1,1,1,0,0,0,048019c944e05d0c41092c0023808174efdb4921500517803
3777,pixel_transfer,8,0,1,1,8,0,1,1,1,0,1,0,048019c944e05d0c41092c0023808174efdb4921500517803
3778,pixel_transfer,8,0,1,1,8,0,1,1,1,0,0,0,048019c944e05d0c41092c0023808174efdb4921500517803
3787,pixel_transfer,8,0,1,1,8,0,1,1,1,1,0,0,008a94a230119145e50405c44548d145475fe94005a27110a
3788,pixel_transfer,8,0,1,1,8,0,1,1,1,0,0,0,008a94a230119145e50405c44548d145475fe94005a27110a
3791,line_marker,8,0,1,1,8,0,1,1,1,1,0,0,080f4572c0541750422b84b1055232141548d488982e05210
3792,pixel_transfer,8,0,1,1,8,0,1,1,1,0,0,0,080f4572c0541750422b84b1055232141548d488982e05210
3795,pixel_transfer,8,0,1,1,8,0,1,1,1,1,0,0,0a81487c2a9339d250b0505a54bb29e072c63842ac44542c2
3796,pixel_transfer,8,0,1,1,8,0,1,1,1,0,0,0,0a81487c2a9339d250b0505a54bb29e072c63842ac44542c2
3799,pixel_transfer,8,0,1,1,8,0,1,1,1,1,0,0,0054f04e72c465f4070e18a09610b726141facc67a96add49
3800,pixel_transfer,8,0,1,1,8,0,1,1,1,0,0,0,0054f04e72c465f4070e18a09610b726141facc67a96add49
3804,pixel_transfer,8,0,1,1,8,0,1,1,1,0,1,0,0054f04e72c465f4070e18a09610b726141facc67a96add49
3805,pixel_transfer,8,0,1,1,8,0,1,1,1,0,0,0,0054f04e72c465f4070e18a09610b726141facc67a96add49
3814,pixel_transfer,8,0,1,1,8,0,1,1,1,1,0,0,07f102a8e3d31f40d2f24c041390ebb1f1060809c533728d4
3815,pixel_transfer,8,0,1,1,8,0,1,1,1,0,0,0,07f102a8e3d31f40d2f24c041390ebb1f1060809c533728d4
3818,pixel_transfer,8,0,1,1,8,0,1,1,1,1,0,0,04a1cd07180ff5c411dc1915958014c3af619d404f505f980
3819,pixel_transfer,8,0,1,1,8,0,1,1,1,0,0,0,04a1cd07180ff5c411dc1915958014c3af619d404f505f980
3822,pixel_transfer,8,0,1,1,8,0,1,1,1,1,0,0,03245bb43e482f4ea5771d185407c4108b290fd5fe4914b10
3823,pixel_transfer,8,0,1,1,8,0,1,1,1,0,0,0,03245bb43e482f4ea5771d185407c4108b290fd5fe4914b10
3826,pixel_transfer,8,0,1,1,8,0,1,1,1,1,0,0,0f2eb5050118af2614131f37ac78e821abcfde7c93fe20046
3827,pixel_transfer,8,0,1,1,8,0,1,1,1,0,0,0,0f2eb5050118af2614131f37ac78e821abcfde7c93fe20046
3831,pixel_transfer,8,0,1,1,8,0,1,1,1,0,1,0,0f2eb5050118af2614131f37ac78e821abcfde7c93fe20046
3832,pixel_transfer,8,0,1,1,8,0,1,1,1,0,0,0,0f2eb5050118af2614131f37ac78e821abcfde7c93fe20046
3841,pixel_transfer,8,0,1,1,8,0,1,1,1,1,0,0,08db0c58ff0170521c2368010ee4e700a437dfd45afb0b86f
3842,pixel_transfer,8,0,1,1,8,0,1,1,1,0,0,0,08db0c58ff0170521c2368010ee4e700a437dfd45afb0b86f
3845,pixel_transfer,8,0,1,1,8,0,1,1,1,1,0,0,05f1059824488f5a72fe30807e10e0f32804c380293a80bf5
3846,pixel_transfer,8,0,1,1,8,0,1,1,1,0,0,0,05f1059824488f5a72fe30807e10e0f32804c380293a80bf5
3849,pixel_transfer,8,0,1,1,8,0,1,1,1,1,0,0,0b109317b2a30704081c77f991e2500801e4708d968212e38
3850,pixel_transfer,8,0,1,1,8,0,1,1,1,0,0,0,0b109317b2a30704081c77f991e2500801e4708d968212e38
3853,pixel_transfer,8,0,1,1,8,0,1,1,1,1,0,0,0f4f8df08c5e3d7910a55f2f5d211310ad2888c3824d7e502
3854,pixel_transfer,8,0,1,1,8,0,1,1,1,0,0,0,0f4f8df08c5e3d7910a55f2f5d211310ad2888c3824d7e502
3858,pixel_transfer,8,0,1,1,8,0,1,1,1,0,1,0,0f4f8df08c5e3d7910a55f2f5d211310ad2888c3824d7e502
3859,pixel_transfer,8,0,1,1,8,0,1,1,1,0,0,0,0f4f8df08c5e3d7910a55f2f5d211310ad2888c3824d7e502
3868,pixel_transfer,8,0,1,1,8,0,1,1,1,1,0,0,01fcb8032ec4f0509c8900884400019a783f11e9809318d93
3869,pixel_transfer,8,0,1,1,8,0,1,1,1,0,0,0,01fcb8032ec4f0509c8900884400019a783f11e9809318d93
3872,pixel_transfer,8,0,1,1,8,0,1,1,1,1,0,0,0530b060003040232920321ee850a00fdffc0800028e84406
3873,pixel_transfer,8,0,1,1,8,0,1,1,1,0,0,0,0530b060003040232920321ee850a00fdffc0800028e84406
3876,pixel_transfer,8,0,1,1,8,0,1,1,1,1,0,0,0241a2202492411a3801062d90084c5810228600b00813020
3877,pixel_transfer,8,0,1,1,8,0,1,1,1,0,0,0,0241a2202492411a3801062d90084c5810228600b00813020
3880,pixel_transfer,8,0,1,1,8,0,1,1,1,1,0,0,0a3c0cd3f5111882a1d111049c8f662164411e4ab2078a4f3
3881,pixel_transfer,8,0,1,1,8,0,1,1,1,0,0,0,0a3c0cd3f5111882a1d111049c8f662164411e4ab2078a4f3
3885,pixel_transfer,8,0,1,1,8,0,1,1,1,0,1,0,0a3c0cd3f5111882a1d111049c8f662164411e4ab2078a4f3
3886,pixel_transfer,8,0,1,1,8,0,1,1,1,0,0,0,0a3c0cd3f5111882a1d111049c8f662164411e4ab2078a4f3
3895,pixel_transfer,8,0,1,1,8,0,1,1,1,1,0,0,019065131c8230145b2815dbfaa619568037f5e7d5ef8cfce
3896,pixel_transfer,8,0,1,1,8,0,1,1,1,0,0,0,019065131c8230145b2815dbfaa619568037f5e7d5ef8cfce
3899,pixel_transfer,8,0,1,1,8,0,1,1,1,1,0,0,08f3ae2fff88ab090fd428771050112097a041850c63c1229
3900,pixel_transfer,8,0,1,1,8,0,1,1,1,0,0,0,08f3ae2fff88ab090fd428771050112097a041850c63c1229
3903,pixel_transfer,8,0,1,1,8,0,1,1,1,1,0,0,000db8cddc1f8214181123024f200c4f97d7e60a49d6d0d10
3904,pixel_transfer,8,0,1,1,8,0,1,1,1,0,0,0,000db8cddc1f8214181123024f200c4f97d7e60a49d6d0d10
3907,pixel_transfer,8,0,1,1,8,0,1,1,1,1,0,0,0880068a71412802a02108a9e9a802412a027a04313c42822
3908,pixel_transfer,8,0,1,1,8,0,1,1,1,0,0,0,0880068a71412802a02108a9e9a802412a027a04313c42822
3912,pixel_transfer,8,0,1,1,8,0,1,1,1,0,1,0,0880068a71412802a02108a9e9a802412a027a04313c42822
3913,pixel_transfer,8,0,1,1,8,0,1,1,1,0,0,0,0880068a71412802a02108a9e9a802412a027a04313c42822
3922,pixel_transfer,8,0,1,1,8,0,1,1,1,1,0,0,0cf0c44511141f428a449458847206114f048a10405420212
3923,pixel_transfer,8,0,1,1,8,0,1,1,1,0,0,0,0cf0c44511141f428a449458847206114f048a10405420212
3926,pixel_transfer,8,0,1,1,8,0,1,1,1,1,0,0,02291805e122228881112d44bfe055483471d746f8b44da54
3927,pixel_transfer,8,0,1,1,8,0,1,1,1,0,0,0,02291805e122228881112d44bfe055483471d746f8b44da54
3930,pixel_transfer,8,0,1,1,8,0,1,1,1,1,0,0,0754160bc7e674609fcff22913e275292702200458c822609
3931,pixel_transfer,8,0,1,1,8,0,1,1,1,0,0,0,0754160bc7e674609fcff22913e275292702200458c822609
3934,pixel_transfer,8,0,1,1,8,0,1,1,1,1,0,0,03a1f6a789331c41947bd6da2897a91f004e1ea0fe191aa50
3935,pixel_transfer,8,0,1,1,8,0,1,1,1,0,0,0,03a1f6a789331c41947bd6da2897a91f004e1ea0fe191aa50
3939,pixel_transfer,8,0,1,1,8,0,1,1,1,0,1,0,03a1f6a789331c41947bd6da2897a91f004e1ea0fe191aa50
3940,pixel_transfer,8,0,1,1,8,0,1,1,1,0,0,0,03a1f6a789331c41947bd6da2897a91f004e1ea0fe191aa50
3949,pixel_transfer,8,0,1,1,8,0,1,1,1,1,0,0,0e53224b4a10022c0170488000a84042a51155149723c0504
3950,pixel_transfer,8,0,1,1,8,0,1,1,1,0,0,0,0e53224b4a10022c0170488000a84042a51155149723c0504
3953,pixel_transfer,8,0,1,1,8,0,1,1,1,1,0,0,054052200b1b5ec0a0ffecd0dc203c8780e7241048af0d332
3954,pixel_transfer,8,0,1,1,8,0,1,1,1,0,0,0,054052200b1b5ec0a0ffecd0dc203c8780e7241048af0d332
3957,pixel_transfer,8,0,1,1,8,0,1,1,1,1,0,0,0b5bbd34f11887a3eb0e8c8793a4924a420f8649228442111
3958,pixel_transfer,8,0,1,1,8,0,1,1,1,0,0,0,0b5bbd34f11887a3eb0e8c8793a4924a420f8649228442111
3961,pixel_transfer,8,0,1,1,8,0,1,1,1,1,0,0,01c018fd0a3d04d794b2821516df0151ee80176bfec63da66
3962,pixel_transfer,8,0,1,1,8,0,1,1,1,0,0,0,01c018fd0a3d04d794b2821516df0151ee80176bfec63da66
3966,pixel_transfer,8,0,1,1,8,0,1,1,1,0,1,0,01c018fd0a3d04d794b2821516df0151ee80176bfec63da66
3967,pixel_transfer,8,0,1,1,8,0,1,1,1,0,0,0,01c018fd0a3d04d794b2821516df0151ee80176bfec63da66
3976,pixel_transfer,8,0,1,1,8,0,1,1,1,1,0,0,0df00500e02472f258f328f524b08aab3944e25425c4257e1
3977,pixel_transfer,8,0,1,1,8,0,1,1,1,0,0,0,0df00500e02472f258f328f524b08aab3944e25425c4257e1
3980,pixel_transfer,8,0,1,1,8,0,1,1,1,1,0,0,06dd0513fd04263e485045f44b290ca8b04f948790a141bfc
3981,pixel_transfer,8,0,1,1,8,0,1,1,1,0,0,0,06dd0513fd04263e485045f44b290ca8b04f948790a141bfc
3984,pixel_transfer,8,0,1,1,8,0,1,1,1,1,0,0,0ee27aa007ca483e84e42e14338c70320d2c17c05e443e248
3985,pixel_transfer,8,0,1,1,8,0,1,1,1,0,0,0,0ee27aa007ca483e84e42e14338c70320d2c17c05e443e248
3988,pixel_transfer,8,0,1,1,8,0,1,1,1,1,0,0,043a0073621c218e31879104cc36f82bd498741337a00ea48
3989,pixel_transfer,8,0,1,1,8,0,1,1,1,0,0,0,043a0073621c218e31879104cc36f82bd498741337a00ea48
3993,pixel_transfer,8,0,1,1,8,0,1,1,1,0,1,0,043a0073621c218e31879104cc36f82bd498741337a00ea48
3994,pixel_transfer,8,0,1,1,8,0,1,1,1,0,0,0,043a0073621c218e31879104cc36f82bd498741337a00ea48
4003,pixel_transfer,8,0,1,1,8,0,1,1,1,1,0,0,038677020a147a72a74ead413d8640790bb3be147c8953784
4004,pixel_transfer,8,0,1,1,8,0,1,1,1,0,0,0,038677020a147a72a74ead413d8640790bb3be147c8953784
4007,pixel_transfer,8,0,1,1,8,0,1,1,1,1,0,0,000440a54782003a1c4c3cffce56b83113c6d0eaa493f8263
4008,pixel_transfer,8,0,1,1,8,0,1,1,1,0,0,0,000440a54782003a1c4c3cffce56b83113c6d0eaa493f8263
4011,pixel_transfer,8,0,1,1,8,0,1,1,1,1,0,0,085e47200750488b08ee8ac8e7a405db32fa0742757a7a241
4012,pixel_transfer,8,0,1,1,8,0,1,1,1,0,0,0,085e47200750488b08ee8ac8e7a405db32fa0742757a7a241
4015,pixel_transfer,8,0,1,1,8,0,1,1,1,1,0,0,021718782445014e991107a0084e8c2e9b08e7f07f87c1d89
4016,pixel_transfer,8,0,1,1,8,0,1,1,1,0,0,0,021718782445014e991107a0084e8c2e9b08e7f07f87c1d89
4020,pixel_transfer,8,0,1,1,8,0,1,1,1,0,1,0,021718782445014e991107a0084e8c2e9b08e7f07f87c1d89
4021,pixel_transfer,8,0,1,1,8,0,1,1,1,0,0,0,021718782445014e991107a0084e8c2e9b08e7f07f87c1d89
4030,pixel_transfer,8,0,1,1,8,0,1,1,1,1,0,0,0e0110a004c5520f47c8543497a004ada20d586cadea423d0
4031,pixel_transfer,8,0,1,1,8,0,1,1,1,0,0,0,0e0110a004c5520f47c8543497a004ada20d586cadea423d0
4034,pixel_transfer,8,0,1,1,8,0,1,1,1,1,0,0,02e1504059b024d5053f1ff01759663b006c0200f94145012
4035,pixel_transfer,8,0,1,1,8,0,1,1,1,0,0,0,02e1504059b024d5053f1ff01759663b006c0200f94145012
4038,pixel_transfer,8,0,1,1,8,0,1,1,1,1,0,0,0a3f88c1040292a43406f29be9f949f0308958c80220f3f89
4039,pixel_transfer,8,0,1,1,8,0,1,1,1,0,0,0,0a3f88c1040292a43406f29be9f949f0308958c80220f3f89
4042,pixel_transfer,8,0,1,1,8,0,1,1,1,1,0,0,00afa00a854867d0a42eca70084b714444057409d81f3fc60
4043,pixel_transfer,8,0,1,1,8,0,1,1,1,0,0,0,00afa00a854867d0a42eca70084b714444057409d81f3fc60
4047,pixel_transfer,8,0,1,1,8,0,1,1,1,0,1,0,00afa00a854867d0a42eca70084b714444057409d81f3fc60
4048,pixel_transfer,8,0,1,1,8,0,1,1,1,0,0,0,00afa00a854867d0a42eca70084b714444057409d81f3fc60
4057,pixel_transfer,8,0,1,1,8,0,1,1,1,1,0,0,084cb084b08f544c00c71207474f1263800e44408a024f400
4058,pixel_transfer,8,0,1,1,8,0,1,1,1,0,0,0,084cb084b08f544c00c71207474f1263800e44408a024f400
4061,pixel_transfer,8,0,1,1,8,0,1,1,1,1,0,0,0f60ca01d01949601cf43f99bc923547a0099a18e00140275
4062,pixel_transfer,8,0,1,1,8,0,1,1,1,0,0,0,0f60ca01d01949601cf43f99bc923547a0099a18e00140275
4065,pixel_transfer,8,0,1,1,8,0,1,1,1,1,0,0,0da93f34968487800ff1ff0b15a2981d047594be0ba02259a
4066,pixel_transfer,8,0,1,1,8,0,1,1,1,0,0,0,0da93f34968487800ff1ff0b15a2981d047594be0ba02259a
4069,pixel_transfer,8,0,1,1,8,0,1,1,1,1,0,0,0548ba605d16d6598be28a8a5c89024aa460bb8907c85a827
4070,pixel_transfer,8,0,1,1,8,0,1,1,1,0,0,0,0548ba605d16d6598be28a8a5c89024aa460bb8907c85a827
4074,pixel_transfer,8,0,1,1,8,0,1,1,1,0,1,0,0548ba605d16d6598be28a8a5c89024aa460bb8907c85a827
4075,pixel_transfer,8,0,1,1,8,0,1,1,1,0,0,0,0548ba605d16d6598be28a8a5c89024aa460bb8907c85a827
4084,pixel_transfer,8,0,1,1,8,0,1,1,1,1,0,0,086a0be2500800714a13522befaa6b207ec93075110f25074
4085,line_marker,8,0,1,1,8,0,1,1,1,0,0,0,086a0be2500800714a13522befaa6b207ec93075110f25074
4088,pixel_transfer,8,0,1,1,8,0,1,1,1,1,0,0,075121a10a86f40de102477ec69018236158812793c103201
4089,pixel_transfer,8,0,1,1,8,0,1,1,1,0,0,0,075121a10a86f40de102477ec69018236158812793c103201
4092,pixel_transfer,8,0,1,1,8,0,1,1,1,1,0,0,0a730c87161c682533fab00ea4f8c10a81e5db0499c8f0320
4093,pixel_transfer,8,0,1,1,8,0,1,1,1,0,0,0,0a730c87161c682533fab00ea4f8c10a81e5db0499c8f0320
4096,pixel_transfer,8,0,1,1,8,0,1,1,1,1,0,0,022003e7aa83035e4f1d24be80b3c90ce20381be0851721bf
4097,pixel_transfer,8,0,1,1,8,0,1,1,1,0,0,0,022003e7aa83035e4f1d24be80b3c90ce20381be0851721bf
4101,pixel_transfer,8,0,1,1,8,0,1,1,1,0,1,0,022003e7aa83035e4f1d24be80b3c90ce20381be0851721bf
4102,pixel_transfer,8,0,1,1,8,0,1,1,1,0,0,0,022003e7aa83035e4f1d24be80b3c90ce20381be0851721bf
4111,pixel_transfer,8,0,1,1,8,0,1,1,1,1,0,0,02824116a71420605c17d90446a8d438bd37a04d303052e13
4112,pixel_transfer,8,0,1,1,8,0,1,1,1,0,0,0,02824116a71420605c17d90446a8d438bd37a04d303052e13
4115,pixel_transfer,8,0,1,1,8,0,1,1,1,1,0,0,093fa993c4b250bdd498b02c00b05282d8c760a3efc8c63e2
4116,pixel_transfer,8,0,1,1,8,0,1,1,1,0,0,0,093fa993c4b250bdd498b02c00b05282d8c760a3efc8c63e2
4119,pixel_transfer,8,0,1,1,8,0,1,1,1,1,0,0,02a0eca8dc2a3fd09e299a2ae1e1e2ec6e111e35c1ce778b2
4120,pixel_transfer,8,0,1,1,8,0,1,1,1,0,0,0,02a0eca8dc2a3fd09e299a2ae1e1e2ec6e111e35c1ce778b2
4123,pixel_transfer,8,0,1,1,8,0,1,1,1,1,0,0,00487a3161a0a72bc68c44acc7cdf9a223b6885f428717d5f
4124,pixel_transfer,8,0,1,1,8,0,1,1,1,0,0,0,00487a3161a0a72bc68c44acc7cdf9a223b6885f428717d5f
4128,pixel_transfer,8,0,1,1,8,0,1,1,1,0,1,0,00487a3161a0a72bc68c44acc7cdf9a223b6885f428717d5f
4129,pixel_transfer,8,0,1,1,8,0,1,1,1,0,0,0,00487a3161a0a72bc68c44acc7cdf9a223b6885f428717d5f
4138,pixel_transfer,8,0,1,1,8,0,1,1,1,1,0,0,049fd8100017f80e8abea28f5641f243b4a89089180178a34
4139,pixel_transfer,8,0,1,1,8,0,1,1,1,0,0,0,049fd8100017f80e8abea28f5641f243b4a89089180178a34
4142,pixel_transfer,8,0,1,1,8,0,1,1,1,1,0,0,014bb9a0857400526826f9d63d7862b3d6600a433c33780ba
4143,pixel_transfer,8,0,1,1,8,0,1,1,1,0,0,0,014bb9a0857400526826f9d63d7862b3d6600a433c33780ba
4146,pixel_transfer,8,0,1,1,8,0,1,1,1,1,0,0,02545784b5215004d048a084132e594d639c1f1404049077f
4147,pixel_transfer,8,0,1,1,8,0,1,1,1,0,0,0,02545784b5215004d048a084132e594d639c1f1404049077f
4150,pixel_transfer,8,0,1,1,8,0,1,1,1,1,0,0,0451165a823802309a81a4d39258a22123e571018251f7f1d
4151,pixel_transfer,8,0,1,1,8,0,1,1,1,0,0,0,0451165a823802309a81a4d39258a22123e571018251f7f1d
4155,pixel_transfer,8,0,1,1,8,0,1,1,1,0,1,0,0451165a823802309a81a4d39258a22123e571018251f7f1d
4156,pixel_transfer,8,0,1,1,8,0,1,1,1,0,0,0,0451165a823802309a81a4d39258a22123e571018251f7f1d
4165,pixel_transfer,8,0,1,1,8,0,1,1,1,1,0,0,00a012fed3b47091ec191732e01e47dc3180085238fe254cf
4166,pixel_transfer,8,0,1,1,8,0,1,1,1,0,0,0,00a012fed3b47091ec191732e01e47dc3180085238fe254cf
4169,pixel_transfer,8,0,1,1,8,0,1,1,1,1,0,0,0c229a070f8916143d4e20f2a0245f72c5fd0e403c8716093
4170,pixel_transfer,8,0,1,1,8,0,1,1,1,0,0,0,0c229a070f8916143d4e20f2a0245f72c5fd0e403c8716093
4173,pixel_transfer,8,0,1,1,8,0,1,1,1,1,0,0,04a0a0477c4ff951038c908ff21183d1ea57012e091481ca1
4174,pixel_transfer,8,0,1,1,8,0,1,1,1,0,0,0,04a0a0477c4ff951038c908ff21183d1ea57012e091481ca1
4177,pixel_transfer,8,0,1,1,8,0,1,1,1,1,0,0,018244b005b06aa214571e1042849a48a9abc4a44f4521a52
4178,pixel_transfer,8,0,1,1,8,0,1,1,1,0,0,0,018244b005b06aa214571e1042849a48a9abc4a44f4521a52
4182,pixel_transfer,8,0,1,1,8,0,1,1,1,0,1,0,018244b005b06aa214571e1042849a48a9abc4a44f4521a52
4183,line_marker,8,0,1,1,8,0,1,1,1,0,0,0,018244b005b06aa214571e1042849a48a9abc4a44f4521a52
4192,pixel_transfer,8,0,1,1,8,0,1,1,1,1,0,0,0a68ea903b83b692441ad0644064255e1c012d5c894538a90
4193,pixel_transfer,8,0,1,1,8,0,1,1,1,0,0,0,0a68ea903b83b692441ad0644064255e1c012d5c894538a90
4196,pixel_transfer,8,0,1,1,8,0,1,1,1,1,0,0,0676360c24389af44a6dc140081241a291e81499288958e4c
4197,pixel_transfer,8,0,1,1,8,0,1,1,1,0,0,0,0676360c24389af44a6dc140081241a291e81499288958e4c
4200,pixel_transfer,8,0,1,1,8,0,1,1,1,1,0,0,0fd6823118d503184ba0ba283726da0aa55c11ca2d0475020
4201,pixel_transfer,8,0,1,1,8,0,1,1,1,0,0,0,0fd6823118d503184ba0ba283726da0aa55c11ca2d0475020
4204,pixel_transfer,8,0,1,1,8,0,1,1,1,1,0,0,0a847395c1414867a9acb21799163050b664618c33c94c285
4205,pixel_transfer,8,0,1,1,8,0,1,1,1,0,0,0,0a847395c1414867a9acb21799163050b664618c33c94c285
4209,pixel_transfer,8,0,1,1,8,0,1,1,1,0,1,0,0a847395c1414867a9acb21799163050b664618c33c94c285
4210,pixel_transfer,8,0,1,1,8,0,1,1,1,0,0,0,0a847395c1414867a9acb21799163050b664618c33c94c285
4219,pixel_transfer,8,0,1,1,8,0,1,1,1,1,0,0,08202d8b2b6c6cccf87546c521824e108648ca811d16a36a5
4220,pixel_transfer,8,0,1,1,8,0,1,1,1,0,0,0,08202d8b2b6c6cccf87546c521824e108648ca811d16a36a5
4223,pixel_transfer,8,0,1,1,8,0,1,1,1,1,0,0,04144ab192b6b2580258b3baa8cf778f839562421294afcd6
4224,pixel_transfer,8,0,1,1,8,0,1,1,1,0,0,0,04144ab192b6b2580258b3baa8cf778f839562421294afcd6
4227,pixel_transfer,8,0,1,1,8,0,1,1,1,1,0,0,0a15a61bfe3fa171d2287cafb573220895093e3946aa4a250
4228,pixel_transfer,8,0,1,1,8,0,1,1,1,0,0,0,0a15a61bfe3fa171d2287cafb573220895093e3946aa4a250
4231,pixel_transfer,8,0,1,1,8,0,1,1,1,1,0,0,00982a202e250795ccf41d22590f75481381d444d806ca07c
4232,line_marker,8,0,1,1,8,0,1,1,1,0,0,0,00982a202e250795ccf41d22590f75481381d444d806ca07c
4236,pixel_transfer,8,0,1,1,8,0,1,1,1,0,1,0,00982a202e250795ccf41d22590f75481381d444d806ca07c
4237,pixel_transfer,8,0,1,1,8,0,1,1,1,0,0,0,00982a202e250795ccf41d22590f75481381d444d806ca07c
4246,pixel_transfer,8,0,1,1,8,0,1,1,1,1,0,0,03607397046fc3cfe3a6200bc0fc0e0226203f89c0f08ec5d
4247,pixel_transfer,8,0,1,1,8,0,1,1,1,0,0,0,03607397046fc3cfe3a6200bc0fc0e0226203f89c0f08ec5d
4250,pixel_transfer,8,0,1,1,8,0,1,1,1,1,0,0,09f0bbae8e5a02399cc45a188907940c9235d86a2888251a2
4251,pixel_transfer,8,0,1,1,8,0,1,1,1,0,0,0,09f0bbae8e5a02399cc45a188907940c9235d86a2888251a2
4254,pixel_transfer,8,0,1,1,8,0,1,1,1,1,0,0,010f1e8557fa22ebb3907c67b0e627c1ff55550243c41a0fb
4255,pixel_transfer,8,0,1,1,8,0,1,1,1,0,0,0,010f1e8557fa22ebb3907c67b0e627c1ff55550243c41a0fb
4258,pixel_transfer,8,0,1,1,8,0,1,1,1,1,0,0,03ff610d77b1f6a0480889847e1475dcd6d6078963a3ab57c
4259,pixel_transfer,8,0,1,1,8,0,1,1,1,0,0,0,03ff610d77b1f6a0480889847e1475dcd6d6078963a3ab57c
4263,pixel_transfer,8,0,1,1,8,0,1,1,1,0,1,0,03ff610d77b1f6a0480889847e1475dcd6d6078963a3ab57c
4264,pixel_transfer,8,0,1,1,8,0,1,1,1,0,0,0,03ff610d77b1f6a0480889847e1475dcd6d6078963a3ab57c
4273,pixel_transfer,8,0,1,1,8,0,1,1,1,1,0,0,0d291801011353242ad413006dc9a70e07b17ed003c4e4c11
4274,pixel_transfer,8,0,1,1,8,0,1,1,1,0,0,0,0d291801011353242ad413006dc9a70e07b17ed003c4e4c11
4277,pixel_transfer,8,0,1,1,8,0,1,1,1,1,0,0,03335be5d5f22ef634414f900c23a960c1234728ad15fa52c
4278,pixel_transfer,8,0,1,1,8,0,1,1,1,0,0,0,03335be5d5f22ef634414f900c23a960c1234728ad15fa52c
4281,line_marker,8,0,1,1,8,0,1,1,1,1,0,0,0a257ee11ba0a1238c2aba4f29ee27cf557c45378ec8486b3
4282,pixel_transfer,8,0,1,1,8,0,1,1,1,0,0,0,0a257ee11ba0a1238c2aba4f29ee27cf557c45378ec8486b3
4285,pixel_transfer,8,0,1,1,8,0,1,1,1,1,0,0,02ad11117823204ff9321761ac37957d43d421ea104901603
4286,pixel_transfer,8,0,1,1,8,0,1,1,1,0,0,0,02ad11117823204ff9321761ac37957d43d421ea104901603
4290,pixel_transfer,8,0,1,1,8,0,1,1,1,0,1,0,02ad11117823204ff9321761ac37957d43d421ea104901603
4291,pixel_transfer,8,0,1,1,8,0,1,1,1,0,0,0,02ad11117823204ff9321761ac37957d43d421ea104901603
4300,pixel_transfer,8,0,1,1,8,0,1,1,1,1,0,0,023858be851bed681575448533a8228fea38d12c1790c2067
4301,pixel_transfer,8,0,1,1,8,0,1,1,1,0,0,0,023858be851bed681575448533a8228fea38d12c1790c2067
4304,pixel_transfer,8,0,1,1,8,0,1,1,1,1,0,0,05128a8ba0009951c3b4105e08244425483a99be04fc17b40
4305,pixel_transfer,8,0,1,1,8,0,1,1,1,0,0,0,05128a8ba0009951c3b4105e08244425483a99be04fc17b40
4308,pixel_transfer,8,0,1,1,8,0,1,1,1,1,0,0,00d307b04c8249095aa09564900dd0e8092e211ce55429560
4309,pixel_transfer,8,0,1,1,8,0,1,1,1,0,0,0,00d307b04c8249095aa09564900dd0e8092e211ce55429560
4312,pixel_transfer,8,0,1,1,8,0,1,1,1,1,0,0,0006e932a7e6f2b11e2e09e52b803ea0d4a9c15da530afa70
4313,pixel_transfer,8,0,1,1,8,0,1,1,1,0,0,0,0006e932a7e6f2b11e2e09e52b803ea0d4a9c15da530afa70
4317,pixel_transfer,8,0,1,1,8,0,1,1,1,0,1,0,0006e932a7e6f2b11e2e09e52b803ea0d4a9c15da530afa70
4318,pixel_transfer,8,0,1,1,8,0,1,1,1,0,0,0,0006e932a7e6f2b11e2e09e52b803ea0d4a9c15da530afa70
4327,pixel_transfer,8,0,1,1,8,0,1,1,1,1,0,0,03e1574ab8afa4ad92a68841b0d0f3fe3b10921639e081c64
4328,pixel_transfer,8,0,1,1,8,0,1,1,1,0,0,0,03e1574ab8afa4ad92a68841b0d0f3fe3b10921639e081c64
4331,pixel_transfer,8,0,1,1,8,0,1,1,1,1,0,0,04a0619edf60cc6ec19e381c49208fc7d2fdb97fe91f2151e
4332,pixel_transfer,8,0,1,1,8,0,1,1,1,0,0,0,04a0619edf60cc6ec19e381c49208fc7d2fdb97fe91f2151e
4335,pixel_transfer,8,0,1,1,8,0,1,1,1,1,0,0,01314345110a0406d5c122af08d15c18e2c81ae4486642786
4336,pixel_transfer,8,0,1,1,8,0,1,1,1,0,0,0,01314345110a0406d5c122af08d15c18e2c81ae4486642786
4339,pixel_transfer,8,0,1,1,8,0,1,1,1,1,0,0,01b3725f51ab5e7142d220264493548cf684a809200b4f640
4340,pixel_transfer,8,0,1,1,8,0,1,1,1,0,0,0,01b3725f51ab5e7142d220264493548cf684a809200b4f640
4344,pixel_transfer,8,0,1,1,8,0,1,1,1,0,1,0,01b3725f51ab5e7142d220264493548cf684a809200b4f640
4345,pixel_transfer,8,0,1,1,8,0,1,1,1,0,0,0,01b3725f51ab5e7142d220264493548cf684a809200b4f640
4354,pixel_transfer,8,0,1,1,8,0,1,1,1,1,0,0,0016c1b14e0ba492102f794003fd23975c571eaef06057ebb
4355,pixel_transfer,8,0,1,1,8,0,1,1,1,0,0,0,0016c1b14e0ba492102f794003fd23975c571eaef06057ebb
4358,pixel_transfer,8,0,1,1,8,0,1,1,1,1,0,0,01478318882881ed48f03c408df04e3d18483a0962e55f56e
4359,pixel_transfer,8,0,1,1,8,0,1,1,1,0,0,0,01478318882881ed48f03c408df04e3d18483a0962e55f56e
4362,pixel_transfer,8,0,1,1,8,0,1,1,1,1,0,0,079a7439118e9118b41fd599484c21e53532266844bf1a784
4363,pixel_transfer,8,0,1,1,8,0,1,1,1,0,0,0,079a7439118e9118b41fd599484c21e53532266844bf1a784
4366,pixel_transfer,8,0,1,1,8,0,1,1,1,1,0,0,04012c9900866652420320504c7a3fe83d27100af6d471025
4367,pixel_transfer,8,0,1,1,8,0,1,1,1,0,0,0,04012c9900866652420320504c7a3fe83d27100af6d471025
4371,pixel_transfer,8,0,1,1,8,0,1,1,1,0,1,0,04012c9900866652420320504c7a3fe83d27100af6d471025
4372,pixel_transfer,8,0,1,1,8,0,1,1,1,0,0,0,04012c9900866652420320504c7a3fe83d27100af6d471025
4381,pixel_transfer,8,0,1,1,8,0,1,1,1,1,0,0,0a154bc1389883d808cea9c8f45489075aac22e05014a9928
4382,pixel_transfer,8,0,1,1,8,0,1,1,1,0,0,0,0a154bc1389883d808cea9c8f45489075aac22e05014a9928
4385,pixel_transfer,8,0,1,1,8,0,1,1,1,1,0,0,082bb22115e05b79f88ac54149b4c71010a94a2952808002b
4386,pixel_transfer,8,0,1,1,8,0,1,1,1,0,0,0,082bb22115e05b79f88ac54149b4c71010a94a2952808002b
4389,pixel_transfer,8,0,1,1,8,0,1,1,1,1,0,0,0c510d8e397b2b0fc68c3154067c1474917aba39e2418924f
4390,pixel_transfer,8,0,1,1,8,0,1,1,1,0,0,0,0c510d8e397b2b0fc68c3154067c1474917aba39e2418924f
4393,pixel_transfer,8,0,1,1,8,0,1,1,1,1,0,0,0b8efc09d43b97defbe77cf797be79c737e110f82a0d00053
4394,pixel_transfer,8,0,1,1,8,0,1,1,1,0,0,0,0b8efc09d43b97defbe77cf797be79c737e110f82a0d00053
4398,pixel_transfer,8,0,1,1,8,0,1,1,1,0,1,0,0b8efc09d43b97defbe77cf797be79c737e110f82a0d00053
4399,pixel_transfer,8,0,1,1,8,0,1,1,1,0,0,0,0b8efc09d43b97defbe77cf797be79c737e110f82a0d00053
4408,pixel_transfer,8,0,1,1,8,0,1,1,1,1,0,0,0c54142cd50f078b8c04d2647859004afc34150f3e8c11404
4409,pixel_transfer,8,0,1,1,8,0,1,1,1,0,0,0,0c54142cd50f078b8c04d2647859004afc34150f3e8c11404
4412,pixel_transfer,8,0,1,1,8,0,1,1,1,1,0,0,047e0d352085cc0d24bb101fabd16b8e856584ac02668c7f4
4413,pixel_transfer,8,0,1,1,8,0,1,1,1,0,0,0,047e0d352085cc0d24bb101fabd16b8e856584ac02668c7f4
4416,pixel_transfer,8,0,1,1,8,0,1,1,1,1,0,0,0410f76fff303143e8ea0af248c6b4189898ebe770f6006d1
4417,pixel_transfer,8,0,1,1,8,0,1,1,1,0,0,0,0410f76fff303143e8ea0af248c6b4189898ebe770f6006d1
4420,pixel_transfer,8,0,1,1,8,0,1,1,1,1,0,0,02a5c217204655b7e87ec464883235c54479883608afcc801
4421,pixel_transfer,8,0,1,1,8,0,1,1,1,0,0,0,02a5c217204655b7e87ec464883235c54479883608afcc801
4425,pixel_transfer,8,0,1,1,8,0,1,1,1,0,1,0,02a5c217204655b7e87ec464883235c54479883608afcc801
4426,pixel_transfer,8,0,1,1,8,0,1,1,1,0,0,0,02a5c217204655b7e87ec464883235c54479883608afcc801
4435,pixel_transfer,8,0,1,1,8,0,1,1,1,1,0,0,04f44a08ee5884d01be7b08d631809ccb2cdec7e11302793c
4436,pixel_transfer,8,0,1,1,8,0,1,1,1,0,0,0,04f44a08ee5884d01be7b08d631809ccb2cdec7e11302793c
4439,pixel_transfer,8,0,1,1,8,0,1,1,1,1,0,0,0e301e22e432409e29902e0d44801c7ce69405aa17290879f
4440,pixel_transfer,8,0,1,1,8,0,1,1,1,0,0,0,0e301e22e432409e29902e0d44801c7ce69405aa17290879f
4443,pixel_transfer,8,0,1,1,8,0,1,1,1,1,0,0,023bf47af802bfe48e02c25067a05ae4a24fd946299fa23de
4444,pixel_transfer,8,0,1,1,8,0,1,1,1,0,0,0,023bf47af802bfe48e02c25067a05ae4a24fd946299fa23de
4447,pixel_transfer,8,0,1,1,8,0,1,1,1,1,0,0,00790e34cfd8974848b88882d50133c14f7ef4acf827f6486
4448,pixel_transfer,8,0,1,1,8,0,1,1,1,0,0,0,00790e34cfd8974848b88882d50133c14f7ef4acf827f6486
4452,pixel_transfer,8,0,1,1,8,0,1,1,1,0,1,0,00790e34cfd8974848b88882d50133c14f7ef4acf827f6486
4453,pixel_transfer,8,0,1,1,8,0,1,1,1,0,0,0,00790e34cfd8974848b88882d50133c14f7ef4acf827f6486
4462,pixel_transfer,8,0,1,1,8,0,1,1,1,1,0,0,00292949f0a00b7afaa014d60ababb181828b7c2e78f84907
4463,pixel_transfer,8,0,1,1,8,0,1,1,1,0,0,0,00292949f0a00b7afaa014d60ababb181828b7c2e78f84907
4466,pixel_transfer,8,0,1,1,8,0,1,1,1,1,0,0,04200d540458ba9e49494e49d50d0e1e1621c51485a428d88
4467,pixel_transfer,8,0,1,1,8,0,1,1,1,0,0,0,04200d540458ba9e49494e49d50d0e1e1621c51485a428d88
4470,pixel_transfer,8,0,1,1,8,0,1,1,1,1,0,0,0d6200fe03f80345259aa8288aa770120c608f89a4e23534e
4471,pixel_transfer,8,0,1,1,8,0,1,1,1,0,0,0,0d6200fe03f80345259aa8288aa770120c608f89a4e23534e
4474,pixel_transfer,8,0,1,1,8,0,1,1,1,1,0,0,0f2e08f44702a844241349194538e4819dfd08c8242706600
4475,pixel_transfer,8,0,1,1,8,0,1,1,1,0,0,0,0f2e08f44702a844241349194538e4819dfd08c8242706600
4479,pixel_transfer,8,0,1,1,8,0,1,1,1,0,1,0,0f2e08f44702a844241349194538e4819dfd08c8242706600
4480,pixel_transfer,8,0,1,1,8,0,1,1,1,0,0,0,0f2e08f44702a844241349194538e4819dfd08c8242706600
4489,pixel_transfer,8,0,1,1,8,0,1,1,1,1,0,0,0700a2e808f94940578b4bee06f1d2f3d4e8482a4ae6d056c
4490,pixel_transfer,8,0,1,1,8,0,1,1,1,0,0,0,0700a2e808f94940578b4bee06f1d2f3d4e8482a4ae6d056c
4493,pixel_transfer,8,0,1,1,8,0,1,1,1,1,0,0,0f8e1c2c38900892172a1d3a11452004891a84807153336e9
4494,pixel_transfer,8,0,1,1,8,0,1,1,1,0,0,0,0f8e1c2c38900892172a1d3a11452004891a84807153336e9
4497,pixel_transfer,8,0,1,1,8,0,1,1,1,1,0,0,0028aaf01642aa64d64529846084053025996ab92dc80004c
4498,pixel_transfer,8,0,1,1,8,0,1,1,1,0,0,0,0028aaf01642aa64d64529846084053025996ab92dc80004c
4501,pixel_transfer,8,0,1,1,8,0,1,1,1,1,0,0,0f4f0f32391310344c4f846c90180cc0c01ac91cb4a342522
4502,pixel_transfer,8,0,1,1,8,0,1,1,1,0,0,0,0f4f0f32391310344c4f846c90180cc0c01ac91cb4a342522
4506,pixel_transfer,8,0,1,1,8,0,1,1,1,0,1,0,0f4f0f32391310344c4f846c90180cc0c01ac91cb4a342522
4507,pixel_transfer,8,0,1,1,8,0,1,1,1,0,0,0,0f4f0f32391310344c4f846c90180cc0c01ac91cb4a342522
4516,pixel_transfer,8,0,1,1,8,0,1,1,1,1,0,0,0cafd8c9a3452de1323848250d12b4835e2cb1306d0454014
4517,pixel_transfer,8,0,1,1,8,0,1,1,1,0,0,0,0cafd8c9a3452de1323848250d12b4835e2cb1306d0454014
4520,pixel_transfer,8,0,1,1,8,0,1,1,1,1,0,0,0cc550a8f627ca84414c438486008603cc6a17f362121428c
4521,pixel_transfer,8,0,1,1,8,0,1,1,1,0,0,0,0cc550a8f627ca84414c438486008603cc6a17f362121428c
4524,pixel_transfer,8,0,1,1,8,0,1,1,1,1,0,0,00600bfbd3075b9690c00fd070a8402650a504c5144418022
4525,pixel_transfer,8,0,1,1,8,0,1,1,1,0,0,0,00600bfbd3075b9690c00fd070a8402650a504c5144418022
4528,pixel_transfer,8,0,1,1,8,0,1,1,1,1,0,0,080a031074e04e1bb18c67390853e0c14c362a0dc49480182
4529,pixel_transfer,8,0,1,1,8,0,1,1,1,0,0,0,080a031074e04e1bb18c67390853e0c14c362a0dc49480182
4533,pixel_transfer,8,0,1,1,8,0,1,1,1,0,1,0,080a031074e04e1bb18c67390853e0c14c362a0dc49480182
4534,pixel_transfer,8,0,1,1,8,0,1,1,1,0,0,0,080a031074e04e1bb18c67390853e0c14c362a0dc49480182
4543,pixel_transfer,8,0,1,1,8,0,1,1,1,1,0,0,07741140c720841534a724a0a528528107135404454857a46
4544,pixel_transfer,8,0,1,1,8,0,1,1,1,0,0,0,07741140c720841534a724a0a528528107135404454857a46
4547,pixel_transfer,8,0,1,1,8,0,1,1,1,1,0,0,060483ee9e32c534ff0a90270f706d863601a8a883ae34c49
4548,pixel_transfer,8,0,1,1,8,0,1,1,1,0,0,0,060483ee9e32c534ff0a90270f706d863601a8a883ae34c49
4551,pixel_transfer,8,0,1,1,8,0,1,1,1,1,0,0,0a460d8bd89e1ca068014858351002bf42877df951094d2a5
4552,pixel_transfer,8,0,1,1,8,0,1,1,1,0,0,0,0a460d8bd89e1ca068014858351002bf42877df951094d2a5
4555,pixel_transfer,8,0,1,1,8,0,1,1,1,1,0,0,04681c428b2a29a4a0ce5e1abfe505d0f32033c8f506908a8
4556,pixel_transfer,8,0,1,1,8,0,1,1,1,0,0,0,04681c428b2a29a4a0ce5e1abfe505d0f32033c8f506908a8
4560,pixel_transfer,8,0,1,1,8,0,1,1,1,0,1,0,04681c428b2a29a4a0ce5e1abfe505d0f32033c8f506908a8
4561,pixel_transfer,8,0,1,1,8,0,1,1,1,0,0,0,04681c428b2a29a4a0ce5e1abfe505d0f32033c8f506908a8
4570,pixel_transfer,8,0,1,1,8,0,1,1,1,1,0,0,048048f50f0006d3dbf9c1019b8a0a00780741c5fc8870b95
4571,pixel_transfer,8,0,1,1,8,0,1,1,1,0,0,0,048048f50f0006d3dbf9c1019b8a0a00780741c5fc8870b95
4574,pixel_transfer,8,0,1,1,8,0,1,1,1,1,0,0,06b21519e289b2fcdec21ce4fe8b8f210b2b586207504433c
4575,line_marker,8,0,1,1,8,0,1,1,1,0,0,0,06b21519e289b2fcdec21ce4fe8b8f210b2b586207504433c
4578,pixel_transfer,8,0,1,1,8,0,1,1,1,1,0,0,0433990e49e37e4ff0312f41cc0a33c9005c31c2062264ca8
4579,pixel_transfer,8,0,1,1,8,0,1,1,1,0,0,0,0433990e49e37e4ff0312f41cc0a33c9005c31c2062264ca8
4582,pixel_transfer,8,0,1,1,8,0,1,1,1,1,0,0,0a0ec9e0e2581a1386431cc9e016523742809e08f5072be69
4583,pixel_transfer,8,0,1,1,8,0,1,1,1,0,0,0,0a0ec9e0e2581a1386431cc9e016523742809e08f5072be69
4587,pixel_transfer,8,0,1,1,8,0,1,1,1,0,1,0,0a0ec9e0e2581a1386431cc9e016523742809e08f5072be69
4588,pixel_transfer,8,0,1,1,8,0,1,1,1,0,0,0,0a0ec9e0e2581a1386431cc9e016523742809e08f5072be69
4597,pixel_transfer,8,0,1,1,8,0,1,1,1,1,0,0,0729c2a76393167318a5d0339ecbd99ab048f507e0019a1de
4598,pixel_transfer,8,0,1,1,8,0,1,1,1,0,0,0,0729c2a76393167318a5d0339ecbd99ab048f507e0019a1de
4601,pixel_transfer,8,0,1,1,8,0,1,1,1,1,0,0,0862c6686c0227a4d9848d5df809c37408f78f55fec4424af
4602,pixel_transfer,8,0,1,1,8,0,1,1,1,0,0,0,0862c6686c0227a4d9848d5df809c37408f78f55fec4424af
4605,pixel_transfer,8,0,1,1,8,0,1,1,1,1,0,0,005743aa8d9071744391f5147a5993d446a4f7a609e28f507
4606,pixel_transfer,8,0,1,1,8,0,1,1,1,0,0,0,005743aa8d9071744391f5147a5993d446a4f7a609e28f507
4609,pixel_transfer,8,0,1,1,8,0,1,1,1,1,0,0,0d8c0307b8e2579d1147f18f433e57ca4e2a0dcf787625238
4610,pixel_transfer,8,0,1,1,8,0,1,1,1,0,0,0,0d8c0307b8e2579d1147f18f433e57ca4e2a0dcf787625238
4614,pixel_transfer,8,0,1,1,8,0,1,1,1,0,1,0,0d8c0307b8e2579d1147f18f433e57ca4e2a0dcf787625238
4615,pixel_transfer,8,0,1,1,8,0,1,1,1,0,0,0,0d8c0307b8e2579d1147f18f433e57ca4e2a0dcf787625238
4624,line_marker,8,0,1,1,8,0,1,1,1,1,0,0,0500af2e49426e048878f50f2ac92d44f6c3a4a16e7803816
4625,pixel_transfer,8,0,1,1,8,0,1,1,1,0,0,0,0500af2e49426e048878f50f2ac92d44f6c3a4a16e7803816
4628,pixel_transfer,8,0,1,1,8,0,1,1,1,1,0,0,0e86d40110228ac14258056a24504a885a80ea1bf9b242190
4629,pixel_transfer,8,0,1,1,8,0,1,1,1,0,0,0,0e86d40110228ac14258056a24504a885a80ea1bf9b242190
4632,pixel_transfer,8,0,1,1,8,0,1,1,1,1,0,0,0c286bb5b2312004d84bc5151026e2909e97df4413e073055
4633,pixel_transfer,8,0,1,1,8,0,1,1,1,0,0,0,0c286bb5b2312004d84bc5151026e2909e97df4413e073055
4636,pixel_transfer,8,0,1,1,8,0,1,1,1,1,0,0,06f41fd8dc7370638002294734d2942d09d4628087957bbef
4637,pixel_transfer,8,0,1,1,8,0,1,1,1,0,0,0,06f41fd8dc7370638002294734d2942d09d4628087957bbef
4641,pixel_transfer,8,0,1,1,8,0,1,1,1,0,1,0,06f41fd8dc7370638002294734d2942d09d4628087957bbef
4642,pixel_transfer,8,0,1,1,8,0,1,1,1,0,0,0,06f41fd8dc7370638002294734d2942d09d4628087957bbef
4651,pixel_transfer,8,0,1,1,8,0,1,1,1,1,0,0,003225fa6d711dc11c87a9382cca0297ffdf11df1b8267ea2
4652,pixel_transfer,8,0,1,1,8,0,1,1,1,0,0,0,003225fa6d711dc11c87a9382cca0297ffdf11df1b8267ea2
4655,pixel_transfer,8,0,1,1,8,0,1,1,1,1,0,0,0c44421814b44546f884652e5007bf7301f78f58cff745434
4656,pixel_transfer,8,0,1,1,8,0,1,1,1,0,0,0,0c44421814b44546f884652e5007bf7301f78f58cff745434
4659,pixel_transfer,8,0,1,1,8,0,1,1,1,1,0,0,020ff8e231b770358a1a025eb0912409600059c9482b86929
4660,pixel_transfer,8,0,1,1,8,0,1,1,1,0,0,0,020ff8e231b770358a1a025eb0912409600059c9482b86929
4663,pixel_transfer,8,0,1,1,8,0,1,1,1,1,0,0,06d4e0a82da14fa7e55189888a1a88b26f59fe08b123d0801
4664,pixel_transfer,8,0,1,1,8,0,1,1,1,0,0,0,06d4e0a82da14fa7e55189888a1a88b26f59fe08b123d0801
4668,pixel_transfer,8,0,1,1,8,0,1,1,1,0,1,0,06d4e0a82da14fa7e55189888a1a88b26f59fe08b123d0801
4669,pixel_transfer,8,0,1,1,8,0,1,1,1,0,0,0,06d4e0a82da14fa7e55189888a1a88b26f59fe08b123d0801
4678,pixel_transfer,8,0,1,1,8,0,1,1,1,1,0,0,0723d88a06e3feb19df8b5541a32725db270500e00600d4b7
4679,pixel_transfer,8,0,1,1,8,0,1,1,1,0,0,0,0723d88a06e3feb19df8b5541a32725db270500e00600d4b7
4682,pixel_transfer,8,0,1,1,8,0,1,1,1,1,0,0,088dfed3cb8e377700702c430debbeffeeb8d39ef9c739eb4
4683,pixel_transfer,8,0,1,1,8,0,1,1,1,0,0,0,088dfed3cb8e377700702c430debbeffeeb8d39ef9c739eb4
4686,pixel_transfer,8,0,1,1,8,0,1,1,1,1,0,0,0f25f54749031230a02f43501110af09cefdd111c79efbdf7
4687,pixel_transfer,8,0,1,1,8,0,1,1,1,0,0,0,0f25f54749031230a02f43501110af09cefdd111c79efbdf7
4690,pixel_transfer,8,0,1,1,8,0,1,1,1,1,0,0,0a9832e1cfd8c41fc5d9cee33082212d213d07d521877138e
4691,pixel_transfer,8,0,1,1,8,0,1,1,1,0,0,0,0a9832e1cfd8c41fc5d9cee33082212d213d07d521877138e
4695,pixel_transfer,8,0,1,1,8,0,1,1,1,0,1,0,0a9832e1cfd8c41fc5d9cee33082212d213d07d521877138e
4696,pixel_transfer,8,0,1,1,8,0,1,1,1,0,0,0,0a9832e1cfd8c41fc5d9cee33082212d213d07d521877138e
4705,pixel_transfer,8,0,1,1,8,0,1,1,1,1,0,0,08190905592141ff771ce410f24acf605a80a001e91660292
4706,pixel_transfer,8,0,1,1,8,0,1,1,1,0,0,0,08190905592141ff771ce410f24acf605a80a001e91660292
4709,pixel_transfer,8,0,1,1,8,0,1,1,1,1,0,0,0c10a5de9e527a4fa8efb831f4e82f9a9a02a57d693505816
4710,pixel_transfer,8,0,1,1,8,0,1,1,1,0,0,0,0c10a5de9e527a4fa8efb831f4e82f9a9a02a57d693505816
4713,pixel_transfer,8,0,1,1,8,0,1,1,1,1,0,0,0829a82abaa0d14c691c7b9289407bbd2f37504d4453171c0
4714,pixel_transfer,8,0,1,1,8,0,1,1,1,0,0,0,0829a82abaa0d14c691c7b9289407bbd2f37504d4453171c0
4717,pixel_transfer,8,0,1,1,8,0,1,1,1,1,0,0,0c6505f1750dc0285068e0f1677c3283a3608f195e2cbd03b
4718,pixel_transfer,8,0,1,1,8,0,1,1,1,0,0,0,0c6505f1750dc0285068e0f1677c3283a3608f195e2cbd03b
4722,line_marker,8,0,1,1,8,0,1,1,1,0,1,0,0c6505f1750dc0285068e0f1677c3283a3608f195e2cbd03b
4723,pixel_transfer,8,0,1,1,8,0,1,1,1,0,0,0,0c6505f1750dc0285068e0f1677c3283a3608f195e2cbd03b
4732,pixel_transfer,8,0,1,1,8,0,1,1,1,1,0,0,0f60060121181400827df1b408119626517ca1a3debc8c11f
4733,pixel_transfer,8,0,1,1,8,0,1,1,1,0,0,0,0f60060121181400827df1b408119626517ca1a3debc8c11f
4736,pixel_transfer,8,0,1,1,8,0,1,1,1,1,0,0,00fa838c05ba162c2d461aaff39e07dff24ffbf5887880200
4737,pixel_transfer,8,0,1,1,8,0,1,1,1,0,0,0,00fa838c05ba162c2d461aaff39e07dff24ffbf5887880200
4740,pixel_transfer,8,0,1,1,8,0,1,1,1,1,0,0,023218e0050e8421e019500ac4321ec012c9a077a4128ff0f
4741,pixel_transfer,8,0,1,1,8,0,1,1,1,0,0,0,023218e0050e8421e019500ac4321ec012c9a077a4128ff0f
4744,pixel_transfer,8,0,1,1,8,0,1,1,1,1,0,0,0f4eacfbf8efc913f05c49403ff4109a4fba342c1310024c5
4745,pixel_transfer,8,0,1,1,8,0,1,1,1,0,0,0,0f4eacfbf8efc913f05c49403ff4109a4fba342c1310024c5
4749,pixel_transfer,8,0,1,1,8,0,1,1,1,0,1,0,0f4eacfbf8efc913f05c49403ff4109a4fba342c1310024c5
4750,pixel_transfer,8,0,1,1,8,0,1,1,1,0,0,0,0f4eacfbf8efc913f05c49403ff4109a4fba342c1310024c5
4759,pixel_transfer,8,0,1,1,8,0,1,1,1,1,0,0,02c31956dd216af2971f507b48400d6337a868300f869133c
4760,pixel_transfer,8,0,1,1,8,0,1,1,1,0,0,0,02c31956dd216af2971f507b48400d6337a868300f869133c
4763,pixel_transfer,8,0,1,1,8,0,1,1,1,1,0,0,09f1e04101515b30b06b0771e47e627507f0874848ea84984
4764,pixel_transfer,8,0,1,1,8,0,1,1,1,0,0,0,09f1e04101515b30b06b0771e47e627507f0874848ea84984
4767,pixel_transfer,8,0,1,1,8,0,1,1,1,1,0,0,0217cac847c8713e1c889c4c80d525d909400e7e880ef9ddf
4768,pixel_transfer,8,0,1,1,8,0,1,1,1,0,0,0,0217cac847c8713e1c889c4c80d525d909400e7e880ef9ddf
4771,line_marker,8,0,1,1,8,0,1,1,1,1,0,0,000ea1c048f2f702cfa46d9e00f299c3c2872260a3a14c3aa
4772,pixel_transfer,8,0,1,1,8,0,1,1,1,0,0,0,000ea1c048f2f702cfa46d9e00f299c3c2872260a3a14c3aa
4776,pixel_transfer,8,0,1,1,8,0,1,1,1,0,1,0,000ea1c048f2f702cfa46d9e00f299c3c2872260a3a14c3aa
4777,pixel_transfer,8,0,1,1,8,0,1,1,1,0,0,0,000ea1c048f2f702cfa46d9e00f299c3c2872260a3a14c3aa
4786,pixel_transfer,8,0,1,1,8,0,1,1,1,1,0,0,08224959990290aa844885182a7c4b0359251841e38c62687
4787,pixel_transfer,8,0,1,1,8,0,1,1,1,0,0,0,08224959990290aa844885182a7c4b0359251841e38c62687
4790,pixel_transfer,8,0,1,1,8,0,1,1,1,1,0,0,06e4005414f443d4e0de01241a8194db929192c1318618400
4791,pixel_transfer,8,0,1,1,8,0,1,1,1,0,0,0,06e4005414f443d4e0de01241a8194db929192c1318618400
4794,pixel_transfer,8,0,1,1,8,0,1,1,1,1,0,0,066d18153f01315a34401498c57122039252b91944a329188
4795,pixel_transfer,8,0,1,1,8,0,1,1,1,0,0,0,066d18153f01315a34401498c57122039252b91944a329188
4798,pixel_transfer,8,0,1,1,8,0,1,1,1,1,0,0,0042480fb4f149144029a281115281460894030339a724ab2
4799,pixel_transfer,8,0,1,1,8,0,1,1,1,0,0,0,0042480fb4f149144029a281115281460894030339a724ab2
4803,pixel_transfer,8,0,1,1,8,0,1,1,1,0,1,0,0042480fb4f149144029a281115281460894030339a724ab2
4804,pixel_transfer,8,0,1,1,8,0,1,1,1,0,0,0,0042480fb4f149144029a281115281460894030339a724ab2
4813,pixel_transfer,8,0,1,1,8,0,1,1,1,1,0,0,09806f01fc4283481521131c40e00180e439ff318ae48a848
4814,pixel_transfer,8,0,1,1,8,0,1,1,1,0,0,0,09806f01fc4283481521131c40e00180e439ff318ae48a848
4817,pixel_transfer,8,0,1,1,8,0,1,1,1,1,0,0,0346582185294d0cc94d2410000c41c498dc4114824092e09
4818,pixel_transfer,8,0,1,1,8,0,1,1,1,0,0,0,0346582185294d0cc94d2410000c41c498dc4114824092e09
4821,pixel_transfer,8,0,1,1,8,0,1,1,1,1,0,0,01905b9545140220a12c0964134428f78150421d16626128d
4822,pixel_transfer,8,0,1,1,8,0,1,1,1,0,0,0,01905b9545140220a12c0964134428f78150421d16626128d
4825,pixel_transfer,8,0,1,1,8,0,1,1,1,1,0,0,005b0e5aa0068af37c1c3cf1ae4b4a08280bda204b065002d
4826,pixel_transfer,8,0,1,1,8,0,1,1,1,0,0,0,005b0e5aa0068af37c1c3cf1ae4b4a08280bda204b065002d
4830,pixel_transfer,8,0,1,1,8,0,1,1,1,0,1,0,005b0e5aa0068af37c1c3cf1ae4b4a08280bda204b065002d
4831,pixel_transfer,8,0,1,1,8,0,1,1,1,0,0,0,005b0e5aa0068af37c1c3cf1ae4b4a08280bda204b065002d
4840,pixel_transfer,8,0,1,1,8,0,1,1,1,1,0,0,0639c0053107c21c941fca3a411a3b84f994849d708532212
4841,pixel_transfer,8,0,1,1,8,0,1,1,1,0,0,0,0639c0053107c21c941fca3a411a3b84f994849d708532212
4844,pixel_transfer,8,0,1,1,8,0,1,1,1,1,0,0,0dea7a60cc1242223a0a88c04293645a83b73a94188223405
4845,pixel_transfer,8,0,1,1,8,0,1,1,1,0,0,0,0dea7a60cc1242223a0a88c04293645a83b73a94188223405
4848,pixel_transfer,8,0,1,1,8,0,1,1,1,1,0,0,0d411ed22c28c3d330e2272c1d2c1a0391fe0da6d8882f2ff
4849,pixel_transfer,8,0,1,1,8,0,1,1,1,0,0,0,0d411ed22c28c3d330e2272c1d2c1a0391fe0da6d8882f2ff
4852,pixel_transfer,8,0,1,1,8,0,1,1,1,1,0,0,054b689d7451a21f14f393a52e3c70ebb0c751d2854228219
4853,pixel_transfer,8,0,1,1,8,0,1,1,1,0,0,0,054b689d7451a21f14f393a52e3c70ebb0c751d2854228219
4857,pixel_transfer,8,0,1,1,8,0,1,1,1,0,1,0,054b689d7451a21f14f393a52e3c70ebb0c751d2854228219
4858,pixel_transfer,8,0,1,1,8,0,1,1,1,0,0,0,054b689d7451a21f14f393a52e3c70ebb0c751d2854228219
4867,pixel_transfer,8,0,1,1,8,0,1,1,1,1,0,0,0f42072a89e3895f7c4a808154e494d044129818058335d49
4868,pixel_transfer,8,0,1,1,8,0,1,1,1,0,0,0,0f42072a89e3895f7c4a808154e494d044129818058335d49
4871,pixel_transfer,8,0,1,1,8,0,1,1,1,1,0,0,068d1a724e66f36c138361115360521560814bc2c3c806a71
4872,pixel_transfer,8,0,1,1,8,0,1,1,1,0,0,0,068d1a724e66f36c138361115360521560814bc2c3c806a71
4875,pixel_transfer,8,0,1,1,8,0,1,1,1,1,0,0,085c5a0844138cf9526621c271155889ea0a020a87b1f1b38
4876,pixel_transfer,8,0,1,1,8,0,1,1,1,0,0,0,085c5a0844138cf9526621c271155889ea0a020a87b1f1b38
4879,pixel_transfer,8,0,1,1,8,0,1,1,1,1,0,0,00020b87807382008cb902848e94aec41d0c35006a3201205
4880,pixel_transfer,8,0,1,1,8,0,1,1,1,0,0,0,00020b87807382008cb902848e94aec41d0c35006a3201205
4884,pixel_transfer,8,0,1,1,8,0,1,1,1,0,1,0,00020b87807382008cb902848e94aec41d0c35006a3201205
4885,pixel_transfer,8,0,1,1,8,0,1,1,1,0,0,0,00020b87807382008cb902848e94aec41d0c35006a3201205
4894,pixel_transfer,8,0,1,1,8,0,1,1,1,1,0,0,0f3e886f9a00f1165247b7cfbef4ffe019ffa82887cc475c4
4895,pixel_transfer,8,0,1,1,8,0,1,1,1,0,0,0,0f3e886f9a00f1165247b7cfbef4ffe019ffa82887cc475c4
4898,pixel_transfer,8,0,1,1,8,0,1,1,1,1,0,0,0a96480082ac10387f6fc031287807d2aff1cd92001be560b
4899,pixel_transfer,8,0,1,1,8,0,1,1,1,0,0,0,0a96480082ac10387f6fc031287807d2aff1cd92001be560b
4902,pixel_transfer,8,0,1,1,8,0,1,1,1,1,0,0,079eb8ee5179ee8508e14e5716359a08f437939e58f535640
4903,pixel_transfer,8,0,1,1,8,0,1,1,1,0,0,0,079eb8ee5179ee8508e14e5716359a08f437939e58f535640
4906,pixel_transfer,8,0,1,1,8,0,1,1,1,1,0,0,0d39b31515278fb032ca5a063b50648e77ff890259b00c5b0
4907,pixel_transfer,8,0,1,1,8,0,1,1,1,0,0,0,0d39b31515278fb032ca5a063b50648e77ff890259b00c5b0
4911,pixel_transfer,8,0,1,1,8,0,1,1,1,0,1,0,0d39b31515278fb032ca5a063b50648e77ff890259b00c5b0
4912,pixel_transfer,8,0,1,1,8,0,1,1,1,0,0,0,0d39b31515278fb032ca5a063b50648e77ff890259b00c5b0
4921,pixel_transfer,8,0,1,1,8,0,1,1,1,1,0,0,05061ca9005bfa7b4826b103c9624e0c21c311027f74979f0
4922,pixel_transfer,8,0,1,1,8,0,1,1,1,0,0,0,05061ca9005bfa7b4826b103c9624e0c21c311027f74979f0
4925,pixel_transfer,8,0,1,1,8,0,1,1,1,1,0,0,0d6a0c8f514fc4084c07088fac91d4a5d40480a3c7a49a9c3
4926,pixel_transfer,8,0,1,1,8,0,1,1,1,0,0,0,0d6a0c8f514fc4084c07088fac91d4a5d40480a3c7a49a9c3
4929,pixel_transfer,8,0,1,1,8,0,1,1,1,1,0,0,0cfa08f2291b93d5f80f43953412839f9c841c89803c6410e
4930,pixel_transfer,8,0,1,1,8,0,1,1,1,0,0,0,0cfa08f2291b93d5f80f43953412839f9c841c89803c6410e
4933,pixel_transfer,8,0,1,1,8,0,1,1,1,1,0,0,01d153d77c4145f966ef21f948806e4581ca8e07d5086747e
4934,pixel_transfer,8,0,1,1,8,0,1,1,1,0,0,0,01d153d77c4145f966ef21f948806e4581ca8e07d5086747e
4938,pixel_transfer,8,0,1,1,8,0,1,1,1,0,1,0,01d153d77c4145f966ef21f948806e4581ca8e07d5086747e
4939,pixel_transfer,8,0,1,1,8,0,1,1,1,0,0,0,01d153d77c4145f966ef21f948806e4581ca8e07d5086747e
4948,pixel_transfer,8,0,1,1,8,0,1,1,1,1,0,0,035899088188b9122e4c026f588a0225324f50166489027bd
4949,pixel_transfer,8,0,1,1,8,0,1,1,1,0,0,0,035899088188b9122e4c026f588a0225324f50166489027bd
4952,pixel_transfer,8,0,1,1,8,0,1,1,1,1,0,0,055bd3d9c29c9454a929004b8043922e908203f3221110098
4953,pixel_transfer,8,0,1,1,8,0,1,1,1,0,0,0,055bd3d9c29c9454a929004b8043922e908203f3221110098
4956,pixel_transfer,8,0,1,1,8,0,1,1,1,1,0,0,010a1d2e763fce81b0c7e76a014c04c669c4904e8cd092110
4957,pixel_transfer,8,0,1,1,8,0,1,1,1,0,0,0,010a1d2e763fce81b0c7e76a014c04c669c4904e8cd092110
4960,pixel_transfer,8,0,1,1,8,0,1,1,1,1,0,0,088c4ab8ec00108797b526c0051be8bfa1b11b72909c29b04
4961,pixel_transfer,8,0,1,1,8,0,1,1,1,0,0,0,088c4ab8ec00108797b526c0051be8bfa1b11b72909c29b04
4965,pixel_transfer,8,0,1,1,8,0,1,1,1,0,1,0,088c4ab8ec00108797b526c0051be8bfa1b11b72909c29b04
4966,pixel_transfer,8,0,1,1,8,0,1,1,1,0,0,0,088c4ab8ec00108797b526c0051be8bfa1b11b72909c29b04
4975,pixel_transfer,8,0,1,1,8,0,1,1,1,1,0,0,0262b81d22a34218126aa8247255926fd993f6260fc75c4c3
4976,pixel_transfer,8,0,1,1,8,0,1,1,1,0,0,0,0262b81d22a34218126aa8247255926fd993f6260fc75c4c3
4979,pixel_transfer,8,0,1,1,8,0,1,1,1,1,0,0,0b814d77f0580829e430190d758fea32450e2de1802057d21
4980,pixel_transfer,8,0,1,1,8,0,1,1,1,0,0,0,0b814d77f0580829e430190d758fea32450e2de1802057d21
4983,pixel_transfer,8,0,1,1,8,0,1,1,1,1,0,0,0c025227ca63801a47fa483af884e0a8a6a15d90016220101
4984,pixel_transfer,8,0,1,1,8,0,1,1,1,0,0,0,0c025227ca63801a47fa483af884e0a8a6a15d90016220101
4987,pixel_transfer,8,0,1,1,8,0,1,1,1,1,0,0,00682f8a5e8c542155204639302d58b0b51a2d382caa20809
4988,pixel_transfer,8,0,1,1,8,0,1,1,1,0,0,0,00682f8a5e8c542155204639302d58b0b51a2d382caa20809
4992,pixel_transfer,8,0,1,1,8,0,1,1,1,0,1,0,00682f8a5e8c542155204639302d58b0b51a2d382caa20809
4993,pixel_transfer,8,0,1,1,8,0,1,1,1,0,0,0,00682f8a5e8c542155204639302d58b0b51a2d382caa20809
5002,pixel_transfer,8,0,1,1,8,0,1,1,1,1,0,0,0e011b2bb2b2eaf3e952feceb428990ee9e12060cc5aaa077
5003,pixel_transfer,8,0,1,1,8,0,1,1,1,0,0,0,0e011b2bb2b2eaf3e952feceb428990ee9e12060cc5aaa077
5006,pixel_transfer,8,0,1,1,8,0,1,1,1,1,0,0,0d415b80c207ce91f2e848d9a327e0c20670da54dbd9ad390
5007,pixel_transfer,8,0,1,1,8,0,1,1,1,0,0,0,0d415b80c207ce91f2e848d9a327e0c20670da54dbd9ad390
5010,pixel_transfer,8,0,1,1,8,0,1,1,1,1,0,0,0bd224146930238fc4494632c2821b822017b8218bda3f97f
5011,pixel_transfer,8,0,1,1,8,0,1,1,1,0,0,0,0bd224146930238fc4494632c2821b822017b8218bda3f97f
5014,pixel_transfer,8,0,1,1,8,0,1,1,1,1,0,0,0ec6aee8ba72344bf0a320525ba3f62a3892987aae4dfa829
5015,pixel_transfer,8,0,1,1,8,0,1,1,1,0,0,0,0ec6aee8ba72344bf0a320525ba3f62a3892987aae4dfa829
5019,pixel_transfer,8,0,1,1,8,0,1,1,1,0,1,0,0ec6aee8ba72344bf0a320525ba3f62a3892987aae4dfa829
5020,pixel_transfer,8,0,1,1,8,0,1,1,1,0,0,0,0ec6aee8ba72344bf0a320525ba3f62a3892987aae4dfa829
5029,pixel_transfer,8,0,1,1,8,0,1,1,1,1,0,0,0903e2a5ff27c1b04d0821cc6ae0d7a731ee0618e00340951
5030,pixel_transfer,8,0,1,1,8,0,1,1,1,0,0,0,0903e2a5ff27c1b04d0821cc6ae0d7a731ee0618e00340951
5033,pixel_transfer,8,0,1,1,8,0,1,1,1,1,0,0,00bba86c5f534381f23905defcfdedd9fdefd8062eca10d8f
5034,pixel_transfer,8,0,1,1,8,0,1,1,1,0,0,0,00bba86c5f534381f23905defcfdedd9fdefd8062eca10d8f
5037,pixel_transfer,8,0,1,1,8,0,1,1,1,1,0,0,014682ccb68d249848a4482a84553506870ec7ee41da4113f
5038,pixel_transfer,8,0,1,1,8,0,1,1,1,0,0,0,014682ccb68d249848a4482a84553506870ec7ee41da4113f
5041,pixel_transfer,8,0,1,1,8,0,1,1,1,1,0,0,00c42601cfcb12fe0455f41a694112cf8bea0a022a10bc5af
5042,pixel_transfer,8,0,1,1,8,0,1,1,1,0,0,0,00c42601cfcb12fe0455f41a694112cf8bea0a022a10bc5af
5046,pixel_transfer,8,0,1,1,8,0,1,1,1,0,1,0,00c42601cfcb12fe0455f41a694112cf8bea0a022a10bc5af
5047,pixel_transfer,8,0,1,1,8,0,1,1,1,0,0,0,00c42601cfcb12fe0455f41a694112cf8bea0a022a10bc5af
5056,pixel_transfer,8,0,1,1,8,0,1,1,1,1,0,0,0208b2bf2af2749546210e8117740078fe520681d816740fe
5057,pixel_transfer,8,0,1,1,8,0,1,1,1,0,0,0,0208b2bf2af2749546210e8117740078fe520681d816740fe
5060,pixel_transfer,8,0,1,1,8,0,1,1,1,1,0,0,060840cac3345102ce81f16731506e8658c4850472a0c80bc
5061,pixel_transfer,8,0,1,1,8,0,1,1,1,0,0,0,060840cac3345102ce81f16731506e8658c4850472a0c80bc
5064,pixel_transfer,8,0,1,1,8,0,1,1,1,1,0,0,0eec8e6381fce64680351a80b2104dfb147fc1b71505e4e4f
5065,line_marker,8,0,1,1,8,0,1,1,1,0,0,0,0eec8e6381fce64680351a80b2104dfb147fc1b71505e4e4f
5068,pixel_transfer,8,0,1,1,8,0,1,1,1,1,0,0,0ca294d3925061f4550aada95001f9b1cc84366c4067b08a0
5069,pixel_transfer,8,0,1,1,8,0,1,1,1,0,0,0,0ca294d3925061f4550aada95001f9b1cc84366c4067b08a0
5073,pixel_transfer,8,0,1,1,8,0,1,1,1,0,1,0,0ca294d3925061f4550aada95001f9b1cc84366c4067b08a0
5074,pixel_transfer,8,0,1,1,8,0,1,1,1,0,0,0,0ca294d3925061f4550aada95001f9b1cc84366c4067b08a0
5083,pixel_transfer,8,0,1,1,8,0,1,1,1,1,0,0,04a06c08e710204d4a10811c4c11c1da63940f35d50c54e4e
5084,pixel_transfer,8,0,1,1,8,0,1,1,1,0,0,0,04a06c08e710204d4a10811c4c11c1da63940f35d50c54e4e
5087,pixel_transfer,8,0,1,1,8,0,1,1,1,1,0,0,011c155108c11ad7da6a89aa1725b3942f1d1fcf3761f6c8d
5088,pixel_transfer,8,0,1,1,8,0,1,1,1,0,0,0,011c155108c11ad7da6a89aa1725b3942f1d1fcf3761f6c8d
5091,pixel_transfer,8,0,1,1,8,0,1,1,1,1,0,0,0052d26e0cb852a0044298122e40758008b0eca80458ee150
5092,pixel_transfer,8,0,1,1,8,0,1,1,1,0,0,0,0052d26e0cb852a0044298122e40758008b0eca80458ee150
5095,pixel_transfer,8,0,1,1,8,0,1,1,1,1,0,0,000108d5e03e689e08124f988717d3e0784ab884cc1801018
5096,pixel_transfer,8,0,1,1,8,0,1,1,1,0,0,0,000108d5e03e689e08124f988717d3e0784ab884cc1801018
5100,pixel_transfer,8,0,1,1,8,0,1,1,1,0,1,0,000108d5e03e689e08124f988717d3e0784ab884cc1801018
5101,pixel_transfer,8,0,1,1,8,0,1,1,1,0,0,0,000108d5e03e689e08124f988717d3e0784ab884cc1801018
5110,pixel_transfer,8,0,1,1,8,0,1,1,1,1,0,0,070bb0449b58c46443a9f48eae0bd0720e2f90ef200b0f701
5111,pixel_transfer,8,0,1,1,8,0,1,1,1,0,0,0,070bb0449b58c46443a9f48eae0bd0720e2f90ef200b0f701
5114,line_marker,8,0,1,1,8,0,1,1,1,1,0,0,0e1e78f44916b441142050032a76424a51c890c0b005f9500
5115,pixel_transfer,8,0,1,1,8,0,1,1,1,0,0,0,0e1e78f44916b441142050032a76424a51c890c0b005f9500
5118,pixel_transfer,8,0,1,1,8,0,1,1,1,1,0,0,0450435a90819564d49895a8d03e86f4c045080e81401ca29
5119,pixel_transfer,8,0,1,1,8,0,1,1,1,0,0,0,0450435a90819564d49895a8d03e86f4c045080e81401ca29
5122,pixel_transfer,8,0,1,1,8,0,1,1,1,1,0,0,035eb6c454a9a48196046001a3639e8f155d08882a6648824
5123,pixel_transfer,8,0,1,1,8,0,1,1,1,0,0,0,035eb6c454a9a48196046001a3639e8f155d08882a6648824
5127,pixel_transfer,8,0,1,1,8,0,1,1,1,0,1,0,035eb6c454a9a48196046001a3639e8f155d08882a6648824
5128,pixel_transfer,8,0,1,1,8,0,1,1,1,0,0,0,035eb6c454a9a48196046001a3639e8f155d08882a6648824
5137,pixel_transfer,8,0,1,1,8,0,1,1,1,1,0,0,09471da948c225122916a02ab809202b8cb109095d484aa11
5138,pixel_transfer,8,0,1,1,8,0,1,1,1,0,0,0,09471da948c225122916a02ab809202b8cb109095d484aa11
5141,pixel_transfer,8,0,1,1,8,0,1,1,1,1,0,0,04448206284022094af82688cd58cc4774dc93c1311e40c21
5142,pixel_transfer,8,0,1,1,8,0,1,1,1,0,0,0,04448206284022094af82688cd58cc4774dc93c1311e40c21
5145,pixel_transfer,8,0,1,1,8,0,1,1,1,1,0,0,02271f0c7207925050124b2461744d02840261264945401c4
5146,pixel_transfer,8,0,1,1,8,0,1,1,1,0,0,0,02271f0c7207925050124b2461744d02840261264945401c4
5149,pixel_transfer,8,0,1,1,8,0,1,1,1,1,0,0,0605028ee8810222071351310aa8f0f940377f9d641134939
5150,pixel_transfer,8,0,1,1,8,0,1,1,1,0,0,0,0605028ee8810222071351310aa8f0f940377f9d641134939
5154,pixel_transfer,8,0,1,1,8,0,1,1,1,0,1,0,0605028ee8810222071351310aa8f0f940377f9d641134939
5155,pixel_transfer,8,0,1,1,8,0,1,1,1,0,0,0,0605028ee8810222071351310aa8f0f940377f9d641134939
5164,pixel_transfer,8,0,1,1,8,0,1,1,1,1,0,0,02f33e8d341b650f5a78bdb8fa0e7de45db46105f71c7e270
5165,pixel_transfer,8,0,1,1,8,0,1,1,1,0,0,0,02f33e8d341b650f5a78bdb8fa0e7de45db46105f71c7e270
5168,pixel_transfer,8,0,1,1,8,0,1,1,1,1,0,0,012fce8012185340be5444776b0a447ba83069a8b6fd05ff4
5169,pixel_transfer,8,0,1,1,8,0,1,1,1,0,0,0,012fce8012185340be5444776b0a447ba83069a8b6fd05ff4
5172,pixel_transfer,8,0,1,1,8,0,1,1,1,1,0,0,0058863d3e127a37cf574851b592a686aeb50a147f90a882b
5173,pixel_transfer,8,0,1,1,8,0,1,1,1,0,0,0,0058863d3e127a37cf574851b592a686aeb50a147f90a882b
5176,pixel_transfer,8,0,1,1,8,0,1,1,1,1,0,0,09170198101f98fe800eec8d24512affa0ac92b6c54cbbe43
5177,pixel_transfer,8,0,1,1,8,0,1,1,1,0,0,0,09170198101f98fe800eec8d24512affa0ac92b6c54cbbe43
5181,pixel_transfer,8,0,1,1,8,0,1,1,1,0,1,0,09170198101f98fe800eec8d24512affa0ac92b6c54cbbe43
5182,pixel_transfer,8,0,1,1,8,0,1,1,1,0,0,0,09170198101f98fe800eec8d24512affa0ac92b6c54cbbe43
5191,pixel_transfer,8,0,1,1,8,0,1,1,1,1,0,0,0730efa6e37405c51b6a3b458f933c4579c300b2535514ad5
5192,pixel_transfer,8,0,1,1,8,0,1,1,1,0,0,0,0730efa6e37405c51b6a3b458f933c4579c300b2535514ad5
5195,pixel_transfer,8,0,1,1,8,0,1,1,1,1,0,0,09bf7cefbee9d70c7eb3b2fd4efbd7bde3ddf37a093503d93
5196,pixel_transfer,8,0,1,1,8,0,1,1,1,0,0,0,09bf7cefbee9d70c7eb3b2fd4efbd7bde3ddf37a093503d93
5199,pixel_transfer,8,0,1,1,8,0,1,1,1,1,0,0,0401e854d00f11f9be043138080f0e10e0a79d0f19cf3de79
5200,pixel_transfer,8,0,1,1,8,0,1,1,1,0,0,0,0401e854d00f11f9be043138080f0e10e0a79d0f19cf3de79
5203,pixel_transfer,8,0,1,1,8,0,1,1,1,1,0,0,0e8784c19c1a69c370774f8c12410e125ca57da87daa0296f
5204,pixel_transfer,8,0,1,1,8,0,1,1,1,0,0,0,0e8784c19c1a69c370774f8c12410e125ca57da87daa0296f
5208,pixel_transfer,8,0,1,1,8,0,1,1,1,0,1,0,0e8784c19c1a69c370774f8c12410e125ca57da87daa0296f
5209,pixel_transfer,8,0,1,1,8,0,1,1,1,0,0,0,0e8784c19c1a69c370774f8c12410e125ca57da87daa0296f
5218,pixel_transfer,8,0,1,1,8,0,1,1,1,1,0,0,016f4f8c3df2d11d103a82712ea7c179205df8e03c0ff0118
5219,pixel_transfer,8,0,1,1,8,0,1,1,1,0,0,0,016f4f8c3df2d11d103a82712ea7c179205df8e03c0ff0118
5222,pixel_transfer,8,0,1,1,8,0,1,1,1,1,0,0,0de017f7c23d45fe5dc6784a082361846084049e80100fdf7
5223,pixel_transfer,8,0,1,1,8,0,1,1,1,0,0,0,0de017f7c23d45fe5dc6784a082361846084049e80100fdf7
5226,pixel_transfer,8,0,1,1,8,0,1,1,1,1,0,0,08394114001d4410e0040f02f39948e4369d8114491d14b56
5227,pixel_transfer,8,0,1,1,8,0,1,1,1,0,0,0,08394114001d4410e0040f02f39948e4369d8114491d14b56
5230,pixel_transfer,8,0,1,1,8,0,1,1,1,1,0,0,024a49051225280f19040e82723a70ee00781fc1b04e8731d
5231,pixel_transfer,8,0,1,1,8,0,1,1,1,0,0,0,024a49051225280f19040e82723a70ee00781fc1b04e8731d
5235,pixel_transfer,8,0,1,1,8,0,1,1,1,0,1,0,024a49051225280f19040e82723a70ee00781fc1b04e8731d
5236,pixel_transfer,8,0,1,1,8,0,1,1,1,0,0,0,024a49051225280f19040e82723a70ee00781fc1b04e8731d
5245,pixel_transfer,8,0,1,1,8,0,1,1,1,1,0,0,02347a82301d73ad077ef2f3e410e70f8f0b4011dc01db9fd
5246,pixel_transfer,8,0,1,1,8,0,1,1,1,0,0,0,02347a82301d73ad077ef2f3e410e70f8f0b4011dc01db9fd
5249,pixel_transfer,8,0,1,1,8,0,1,1,1,1,0,0,0850265183d701c0a620aa6415b86f2a3f3a5f0845a440404
5250,pixel_transfer,8,0,1,1,8,0,1,1,1,0,0,0,0850265183d701c0a620aa6415b86f2a3f3a5f0845a440404
5253,pixel_transfer,8,0,1,1,8,0,1,1,1,1,0,0,040e401a4873a50505780052314400d25cb500e059b70cb50
5254,pixel_transfer,8,0,1,1,8,0,1,1,1,0,0,0,040e401a4873a50505780052314400d25cb500e059b70cb50
5257,pixel_transfer,8,0,1,1,8,0,1,1,1,1,0,0,050c28904d0ff2122c200a88a48f83c83034d655f7f507845
5258,pixel_transfer,8,0,1,1,8,0,1,1,1,0,0,0,050c28904d0ff2122c200a88a48f83c83034d655f7f507845
5262,pixel_transfer,8,0,1,1,8,0,1,1,1,0,1,0,050c28904d0ff2122c200a88a48f83c83034d655f7f507845
5263,pixel_transfer,8,0,1,1,8,0,1,1,1,0,0,0,050c28904d0ff2122c200a88a48f83c83034d655f7f507845
5272,pixel_transfer,8,0,1,1,8,0,1,1,1,1,0,0,0088132f037b197545fe2702d4241398c1e00417e005304ce
5273,pixel_transfer,8,0,1,1,8,0,1,1,1,0,0,0,0088132f037b197545fe2702d4241398c1e00417e005304ce
5276,pixel_transfer,8,0,1,1,8,0,1,1,1,1,0,0,0283b50446fc720a6a0cfc798ca90bba524a19bf95225a267
5277,pixel_transfer,8,0,1,1,8,0,1,1,1,0,0,0,0283b50446fc720a6a0cfc798ca90bba524a19bf95225a267
5280,pixel_transfer,8,0,1,1,8,0,1,1,1,1,0,0,06e8002f246d40de036251802dfa060e80d0637051192dd93
5281,pixel_transfer,8,0,1,1,8,0,1,1,1,0,0,0,06e8002f246d40de036251802dfa060e80d0637051192dd93
5284,pixel_transfer,8,0,1,1,8,0,1,1,1,1,0,0,0522c109208920b739c12d4bb4413106f8203a72420776f8a
5285,pixel_transfer,8,0,1,1,8,0,1,1,1,0,0,0,0522c109208920b739c12d4bb4413106f8203a72420776f8a
5289,pixel_transfer,8,0,1,1,8,0,1,1,1,0,1,0,0522c109208920b739c12d4bb4413106f8203a72420776f8a
5290,pixel_transfer,8,0,1,1,8,0,1,1,1,0,0,0,0522c109208920b739c12d4bb4413106f8203a72420776f8a
5299,pixel_transfer,8,0,1,1,8,0,1,1,1,1,0,0,0bf1224b80428921291ce24a220178a90802c42725143a441
5300,pixel_transfer,8,0,1,1,8,0,1,1,1,0,0,0,0bf1224b80428921291ce24a220178a90802c42725143a441
5303,pixel_transfer,8,0,1,1,8,0,1,1,1,1,0,0,05282769ad49582aae03251863c80dd9c0b8f804214a46aa7
5304,pixel_transfer,8,0,1,1,8,0,1,1,1,0,0,0,05282769ad49582aae03251863c80dd9c0b8f804214a46aa7
5307,pixel_transfer,8,0,1,1,8,0,1,1,1,1,0,0,0833f06e1079414bc598b926c21aa83cb6a77532202e8dc44
5308,pixel_transfer,8,0,1,1,8,0,1,1,1,0,0,0,0833f06e1079414bc598b926c21aa83cb6a77532202e8dc44
5311,pixel_transfer,8,0,1,1,8,0,1,1,1,1,0,0,0401005c42440251fc7ff00c0e469a4a20d9a012c50a20076
5312,pixel_transfer,8,0,1,1,8,0,1,1,1,0,0,0,0401005c42440251fc7ff00c0e469a4a20d9a012c50a20076
5316,pixel_transfer,8,0,1,1,8,0,1,1,1,0,1,0,0401005c42440251fc7ff00c0e469a4a20d9a012c50a20076
5317,pixel_transfer,8,0,1,1,8,0,1,1,1,0,0,0,0401005c42440251fc7ff00c0e469a4a20d9a012c50a20076
5326,pixel_transfer,8,0,1,1,8,0,1,1,1,1,0,0,0221e82e2ffff1dea8f2fdbaa70c29157fd21bef2cf105fe0
5327,pixel_transfer,8,0,1,1,8,0,1,1,1,0,0,0,0221e82e2ffff1dea8f2fdbaa70c29157fd21bef2cf105fe0
5330,pixel_transfer,8,0,1,1,8,0,1,1,1,1,0,0,09252e31ee48138307a8ee13a71ec6708f10c4ed42400f082
5331,pixel_transfer,8,0,1,1,8,0,1,1,1,0,0,0,09252e31ee48138307a8ee13a71ec6708f10c4ed42400f082
5334,pixel_transfer,8,0,1,1,8,0,1,1,1,1,0,0,07580c3cf669321a6406d680a24dd38bda41953925402f6e8
5335,pixel_transfer,8,0,1,1,8,0,1,1,1,0,0,0,07580c3cf669321a6406d680a24dd38bda41953925402f6e8
5338,pixel_transfer,8,0,1,1,8,0,1,1,1,1,0,0,07ae7719fcfa91e62d3e5122f3028b7d8fb05e20e88233beb
5339,pixel_transfer,8,0,1,1,8,0,1,1,1,0,0,0,07ae7719fcfa91e62d3e5122f3028b7d8fb05e20e88233beb
5343,pixel_transfer,8,0,1,1,8,0,1,1,1,0,1,0,07ae7719fcfa91e62d3e5122f3028b7d8fb05e20e88233beb
5344,pixel_transfer,8,0,1,1,8,0,1,1,1,0,0,0,07ae7719fcfa91e62d3e5122f3028b7d8fb05e20e88233beb
5353,pixel_transfer,8,0,1,1,8,0,1,1,1,1,0,0,0a0520c87fab31d09882cd11ff7d0de82360e2a5ffdf17511
5354,pixel_transfer,8,0,1,1,8,0,1,1,1,0,0,0,0a0520c87fab31d09882cd11ff7d0de82360e2a5ffdf17511
5357,pixel_transfer,8,0,1,1,8,0,1,1,1,1,0,0,01f141df42cfc4387f28287f238059f1ac70fc951c14450da
5358,pixel_transfer,8,0,1,1,8,0,1,1,1,0,0,0,01f141df42cfc4387f28287f238059f1ac70fc951c14450da
5361,pixel_transfer,8,0,1,1,8,0,1,1,1,1,0,0,09107e5578a1a08f0008841e22a9a14f05036e1463f2896a2
5362,pixel_transfer,8,0,1,1,8,0,1,1,1,0,0,0,09107e5578a1a08f0008841e22a9a14f05036e1463f2896a2
5365,pixel_transfer,8,0,1,1,8,0,1,1,1,1,0,0,0d81108aa23d962ea88cccba6d749f011146f36447d4143f9
5366,pixel_transfer,8,0,1,1,8,0,1,1,1,0,0,0,0d81108aa23d962ea88cccba6d749f011146f36447d4143f9
5370,pixel_transfer,8,0,1,1,8,0,1,1,1,0,1,0,0d81108aa23d962ea88cccba6d749f011146f36447d4143f9
5371,pixel_transfer,8,0,1,1,8,0,1,1,1,0,0,0,0d81108aa23d962ea88cccba6d749f011146f36447d4143f9
5380,pixel_transfer,8,0,1,1,8,0,1,1,1,1,0,0,02070c703408009c0de7b775573ae3238e7acecf60d028280
5381,pixel_transfer,8,0,1,1,8,0,1,1,1,0,0,0,02070c703408009c0de7b775573ae3238e7acecf60d028280
5384,pixel_transfer,8,0,1,1,8,0,1,1,1,1,0,0,0c11f3a0f324674dfa82312434c8340210414a271a831809d
5385,pixel_transfer,8,0,1,1,8,0,1,1,1,0,0,0,0c11f3a0f324674dfa82312434c8340210414a271a831809d
5388,pixel_transfer,8,0,1,1,8,0,1,1,1,1,0,0,08c200a0a48cd6c022160e835b104ca488f8b11781d11107a
5389,pixel_transfer,8,0,1,1,8,0,1,1,1,0,0,0,08c200a0a48cd6c022160e835b104ca488f8b11781d11107a
5392,pixel_transfer,8,0,1,1,8,0,1,1,1,1,0,0,0934c2046d82b8212f7bf44cc8f503200566b5323442089a4
5393,pixel_transfer,8,0,1,1,8,0,1,1,1,0,0,0,0934c2046d82b8212f7bf44cc8f503200566b5323442089a4
5397,pixel_transfer,8,0,1,1,8,0,1,1,1,0,1,0,0934c2046d82b8212f7bf44cc8f503200566b5323442089a4
5398,pixel_transfer,8,0,1,1,8,0,1,1,1,0,0,0,0934c2046d82b8212f7bf44cc8f503200566b5323442089a4
5407,pixel_transfer,8,0,1,1,8,0,1,1,1,1,0,0,012f0bcf7de7b04419de6b68df75ca9017a4873ce39e0fc03
5408,line_marker,8,0,1,1,8,0,1,1,1,0,0,0,012f0bcf7de7b04419de6b68df75ca9017a4873ce39e0fc03
5411,pixel_transfer,8,0,1,1,8,0,1,1,1,1,0,0,014d106898f511c1fced31db008f34430809b0900b2833b0f
5412,pixel_transfer,8,0,1,1,8,0,1,1,1,0,0,0,014d106898f511c1fced31db008f34430809b0900b2833b0f
5415,pixel_transfer,8,0,1,1,8,0,1,1,1,1,0,0,018a670092c1c14497bfa4fb958c015810902fba0f0356891
5416,pixel_transfer,8,0,1,1,8,0,1,1,1,0,0,0,018a670092c1c14497bfa4fb958c015810902fba0f0356891
5419,pixel_transfer,8,0,1,1,8,0,1,1,1,1,0,0,09190f04a2e48400890af2201d00a814402843f8062107020
5420,pixel_transfer,8,0,1,1,8,0,1,1,1,0,0,0,09190f04a2e48400890af2201d00a814402843f8062107020
5424,pixel_transfer,8,0,1,1,8,0,1,1,1,0,1,0,09190f04a2e48400890af2201d00a814402843f8062107020
5425,pixel_transfer,8,0,1,1,8,0,1,1,1,0,0,0,09190f04a2e48400890af2201d00a814402843f8062107020
5434,pixel_transfer,8,0,1,1,8,0,1,1,1,1,0,0,0b27c420285bd114a700cd7110fdaa0a9f01cae20177f0801
5435,pixel_transfer,8,0,1,1,8,0,1,1,1,0,0,0,0b27c420285bd114a700cd7110fdaa0a9f01cae20177f0801
5438,pixel_transfer,8,0,1,1,8,0,1,1,1,1,0,0,07c435092578522282ac01d4116dd92a2a11ecd8448a44945
5439,pixel_transfer,8,0,1,1,8,0,1,1,1,0,0,0,07c435092578522282ac01d4116dd92a2a11ecd8448a44945
5442,pixel_transfer,8,0,1,1,8,0,1,1,1,1,0,0,04914859a13281191488c010a0af4021781259ec3cf710f00
5443,pixel_transfer,8,0,1,1,8,0,1,1,1,0,0,0,04914859a13281191488c010a0af4021781259ec3cf710f00
5446,pixel_transfer,8,0,1,1,8,0,1,1,1,1,0,0,021f1957b23a7b82dab3a3342f9f81da1788484240aa020a8
5447,pixel_transfer,8,0,1,1,8,0,1,1,1,0,0,0,021f1957b23a7b82dab3a3342f9f81da1788484240aa020a8
5451,pixel_transfer,8,0,1,1,8,0,1,1,1,0,1,0,021f1957b23a7b82dab3a3342f9f81da1788484240aa020a8
5452,pixel_transfer,8,0,1,1,8,0,1,1,1,0,0,0,021f1957b23a7b82dab3a3342f9f81da1788484240aa020a8
5461,pixel_transfer,8,0,1,1,8,0,1,1,1,1,0,0,0cb06c8487541c1239473100020258190c057359f408833bf
5462,pixel_transfer,8,0,1,1,8,0,1,1,1,0,0,0,0cb06c8487541c1239473100020258190c057359f408833bf
5465,pixel_transfer,8,0,1,1,8,0,1,1,1,1,0,0,024c1653d0a08885490602500c4aa4deac92341148e50e2d3
5466,pixel_transfer,8,0,1,1,8,0,1,1,1,0,0,0,024c1653d0a08885490602500c4aa4deac92341148e50e2d3
5469,pixel_transfer,8,0,1,1,8,0,1,1,1,1,0,0,0080a54004bde33037a26908296a28204b06c8090c4efd4b6
5470,pixel_transfer,8,0,1,1,8,0,1,1,1,0,0,0,0080a54004bde33037a26908296a28204b06c8090c4efd4b6
5473,pixel_transfer,8,0,1,1,8,0,1,1,1,1,0,0,061364e2f502aea142bfce28025c972210188609412e0ff8b
5474,pixel_transfer,8,0,1,1,8,0,1,1,1,0,0,0,061364e2f502aea142bfce28025c972210188609412e0ff8b
5478,pixel_transfer,8,0,1,1,8,0,1,1,1,0,1,0,061364e2f502aea142bfce28025c972210188609412e0ff8b
5479,pixel_transfer,8,0,1,1,8,0,1,1,1,0,0,0,061364e2f502aea142bfce28025c972210188609412e0ff8b
5488,pixel_transfer,8,0,1,1,8,0,1,1,1,1,0,0,0ff3a028f3bc51e251be82f1a85897016bcfa251a44d9293f
5489,pixel_transfer,8,0,1,1,8,0,1,1,1,0,0,0,0ff3a028f3bc51e251be82f1a85897016bcfa251a44d9293f
5492,pixel_transfer,8,0,1,1,8,0,1,1,1,1,0,0,06d3e6aab278d0a1417a2fc090095fa821e654e519eeae578
5493,pixel_transfer,8,0,1,1,8,0,1,1,1,0,0,0,06d3e6aab278d0a1417a2fc090095fa821e654e519eeae578
5496,pixel_transfer,8,0,1,1,8,0,1,1,1,1,0,0,0b274b9049e28176310890e3f91eb49cb36445f448f32b5e1
5497,pixel_transfer,8,0,1,1,8,0,1,1,1,0,0,0,0b274b9049e28176310890e3f91eb49cb36445f448f32b5e1
5500,pixel_transfer,8,0,1,1,8,0,1,1,1,1,0,0,02620fe432165917840a500fcd805052fd2d41000ca89901e
5501,pixel_transfer,8,0,1,1,8,0,1,1,1,0,0,0,02620fe432165917840a500fcd805052fd2d41000ca89901e
5505,pixel_transfer,8,0,1,1,8,0,1,1,1,0,1,0,02620fe432165917840a500fcd805052fd2d41000ca89901e
5506,line_marker,8,0,1,1,8,0,1,1,1,0,0,0,02620fe432165917840a500fcd805052fd2d41000ca89901e
5515,pixel_transfer,8,0,1,1,8,0,1,1,1,1,0,0,01b200ab8087d973a221a4659680cf4ebf988c76496434170
5516,pixel_transfer,8,0,1,1,8,0,1,1,1,0,0,0,01b200ab8087d973a221a4659680cf4ebf988c76496434170
5519,pixel_transfer,8,0,1,1,8,0,1,1,1,1,0,0,0215d0b3f7a1c9be0f150699c019e06020d600ea13b60d8b3
5520,pixel_transfer,8,0,1,1,8,0,1,1,1,0,0,0,0215d0b3f7a1c9be0f150699c019e06020d600ea13b60d8b3
5523,pixel_transfer,8,0,1,1,8,0,1,1,1,1,0,0,01f295f0131a2281be7f82f8a4109d5aa112621a3d434c32b
5524,pixel_transfer,8,0,1,1,8,0,1,1,1,0,0,0,01f295f0131a2281be7f82f8a4109d5aa112621a3d434c32b
5527,pixel_transfer,8,0,1,1,8,0,1,1,1,1,0,0,0044120b8c1fa81086e727ae9093173b2a98f733e29810110
5528,pixel_transfer,8,0,1,1,8,0,1,1,1,0,0,0,0044120b8c1fa81086e727ae9093173b2a98f733e29810110
5532,pixel_transfer,8,0,1,1,8,0,1,1,1,0,1,0,0044120b8c1fa81086e727ae9093173b2a98f733e29810110
5533,pixel_transfer,8,0,1,1,8,0,1,1,1,0,0,0,0044120b8c1fa81086e727ae9093173b2a98f733e29810110
5542,pixel_transfer,8,0,1,1,8,0,1,1,1,1,0,0,0c0cb2b01a116208f53300fd7c90550a6a0777a4c9be0efbe
5543,pixel_transfer,8,0,1,1,8,0,1,1,1,0,0,0,0c0cb2b01a116208f53300fd7c90550a6a0777a4c9be0efbe
5546,pixel_transfer,8,0,1,1,8,0,1,1,1,1,0,0,000c85df001e51005909e0b143a72ac04844a190428e97a28
5547,pixel_transfer,8,0,1,1,8,0,1,1,1,0,0,0,000c85df001e51005909e0b143a72ac04844a190428e97a28
5550,pixel_transfer,8,0,1,1,8,0,1,1,1,1,0,0,0820a60407b4eba042600d5618d9dc404149bdfd7b0ef50e6
5551,pixel_transfer,8,0,1,1,8,0,1,1,1,0,0,0,0820a60407b4eba042600d5618d9dc404149bdfd7b0ef50e6
5554,pixel_transfer,8,0,1,1,8,0,1,1,1,1,0,0,0220a524a6d888fa419497e41210f7c214518e3d4f3a60f75
5555,line_marker,8,0,1,1,8,0,1,1,1,0,0,0,0220a524a6d888fa419497e41210f7c214518e3d4f3a60f75
5559,pixel_transfer,8,0,1,1,8,0,1,1,1,0,1,0,0220a524a6d888fa419497e41210f7c214518e3d4f3a60f75
5560,pixel_transfer,8,0,1,1,8,0,1,1,1,0,0,0,0220a524a6d888fa419497e41210f7c214518e3d4f3a60f75
5569,pixel_transfer,8,0,1,1,8,0,1,1,1,1,0,0,0bc77df7befbd77d00eeebc1d7d73ce79df9cf7de7befbefb
5570,pixel_transfer,8,0,1,1,8,0,1,1,1,0,0,0,0bc77df7befbd77d00eeebc1d7d73ce79df9cf7de7befbefb
5573,pixel_transfer,8,0,1,1,8,0,1,1,1,1,0,0,00cf80fbe07c03f29507f22f288107b3b08dc711cc0cdf9e6
5574,pixel_transfer,8,0,1,1,8,0,1,1,1,0,0,0,00cf80fbe07c03f29507f22f288107b3b08dc711cc0cdf9e6
5577,pixel_transfer,8,0,1,1,8,0,1,1,1,1,0,0,0db410448b5baf90c20841d01dc1c001dfdcb8a61132880eb
5578,pixel_transfer,8,0,1,1,8,0,1,1,1,0,0,0,0db410448b5baf90c20841d01dc1c001dfdcb8a61132880eb
5581,pixel_transfer,8,0,1,1,8,0,1,1,1,1,0,0,01428354a905e40e0fdd2139283442200662aeace9050a0e8
5582,pixel_transfer,8,0,1,1,8,0,1,1,1,0,0,0,01428354a905e40e0fdd2139283442200662aeace9050a0e8
5586,pixel_transfer,8,0,1,1,8,0,1,1,1,0,1,0,01428354a905e40e0fdd2139283442200662aeace9050a0e8
5587,pixel_transfer,8,0,1,1,8,0,1,1,1,0,0,0,01428354a905e40e0fdd2139283442200662aeace9050a0e8
5596,pixel_transfer,8,0,1,1,8,0,1,1,1,1,0,0,0a3070e3f8fc46faa08ea93ca2540b5514187d0dd2a8538a0
5597,pixel_transfer,8,0,1,1,8,0,1,1,1,0,0,0,0a3070e3f8fc46faa08ea93ca2540b5514187d0dd2a8538a0
5600,pixel_transfer,8,0,1,1,8,0,1,1,1,1,0,0,02e2302341be2427b0fd491509e6b44e26f0311ec262182b7
5601,pixel_transfer,8,0,1,1,8,0,1,1,1,0,0,0,02e2302341be2427b0fd491509e6b44e26f0311ec262182b7
5604,line_marker,8,0,1,1,8,0,1,1,1,1,0,0,07891c157585c360390d7d3475ce08b9c1212bd9b8404a14d
5605,pixel_transfer,8,0,1,1,8,0,1,1,1,0,0,0,07891c157585c360390d7d3475ce08b9c1212bd9b8404a14d
5608,pixel_transfer,8,0,1,1,8,0,1,1,1,1,0,0,01e3dde85370512b2d320a0abdf3906b0bb01b8808c29e820
5609,pixel_transfer,8,0,1,1,8,0,1,1,1,0,0,0,01e3dde85370512b2d320a0abdf3906b0bb01b8808c29e820
5613,pixel_transfer,8,0,1,1,8,0,1,1,1,0,1,0,01e3dde85370512b2d320a0abdf3906b0bb01b8808c29e820
5614,pixel_transfer,8,0,1,1,8,0,1,1,1,0,0,0,01e3dde85370512b2d320a0abdf3906b0bb01b8808c29e820
5623,pixel_transfer,8,0,1,1,8,0,1,1,1,1,0,0,07a548d044a4835ba0a548d16a04a41505f4f4a7ea2cf41c2
5624,pixel_transfer,8,0,1,1,8,0,1,1,1,0,0,0,07a548d044a4835ba0a548d16a04a41505f4f4a7ea2cf41c2
5627,pixel_transfer,8,0,1,1,8,0,1,1,1,1,0,0,0510c0a824b412a0984f842cb0040f01fe01144f603052e8b
5628,pixel_transfer,8,0,1,1,8,0,1,1,1,0,0,0,0510c0a824b412a0984f842cb0040f01fe01144f603052e8b
5631,pixel_transfer,8,0,1,1,8,0,1,1,1,1,0,0,087fe61f72b38aa2cd0b3121039a600258582bc39a824882e
5632,pixel_transfer,8,0,1,1,8,0,1,1,1,0,0,0,087fe61f72b38aa2cd0b3121039a600258582bc39a824882e
5635,pixel_transfer,8,0,1,1,8,0,1,1,1,1,0,0,08b240ef7a71d463a03beea405c00842f08716e0966e8139a
5636,pixel_transfer,8,0,1,1,8,0,1,1,1,0,0,0,08b240ef7a71d463a03beea405c00842f08716e0966e8139a
5640,pixel_transfer,8,0,1,1,8,0,1,1,1,0,1,0,08b240ef7a71d463a03beea405c00842f08716e0966e8139a
5641,pixel_transfer,8,0,1,1,8,0,1,1,1,0,0,0,08b240ef7a71d463a03beea405c00842f08716e0966e8139a
5650,pixel_transfer,8,0,1,1,8,0,1,1,1,1,0,0,037ea088e94e4a0cc035a48090a01fd2847e0ce50e328b210
5651,pixel_transfer,8,0,1,1,8,0,1,1,1,0,0,0,037ea088e94e4a0cc035a48090a01fd2847e0ce50e328b210
5654,pixel_transfer,8,0,1,1,8,0,1,1,1,1,0,0,0489db8053ea24574c565df00809e039a8ff39d2f01698414
5655,pixel_transfer,8,0,1,1,8,0,1,1,1,0,0,0,0489db8053ea24574c565df00809e039a8ff39d2f01698414
5658,pixel_transfer,8,0,1,1,8,0,1,1,1,1,0,0,00c81a40a9dd080bcf39eeb1b0e00202f44afa60b28684004
5659,pixel_transfer,8,0,1,1,8,0,1,1,1,0,0,0,00c81a40a9dd080bcf39eeb1b0e00202f44afa60b28684004
5662,pixel_transfer,8,0,1,1,8,0,1,1,1,1,0,0,0ddb1a88ad00347d813674079261fed200f4053007eefbd33
5663,pixel_transfer,8,0,1,1,8,0,1,1,1,0,0,0,0ddb1a88ad00347d813674079261fed200f4053007eefbd33
5667,pixel_transfer,8,0,1,1,8,0,1,1,1,0,1,0,0ddb1a88ad00347d813674079261fed200f4053007eefbd33
5668,pixel_transfer,8,0,1,1,8,0,1,1,1,0,0,0,0ddb1a88ad00347d813674079261fed200f4053007eefbd33
5677,pixel_transfer,8,0,1,1,8,0,1,1,1,1,0,0,0085c410d029cded1c4029205287c1cda245120baa28b9e49
5678,pixel_transfer,8,0,1,1,8,0,1,1,1,0,0,0,0085c410d029cded1c4029205287c1cda245120baa28b9e49
5681,pixel_transfer,8,0,1,1,8,0,1,1,1,1,0,0,07421b8a02e8442141ed18f2821000e849247b201a2bc1ee5
5682,pixel_transfer,8,0,1,1,8,0,1,1,1,0,0,0,07421b8a02e8442141ed18f2821000e849247b201a2bc1ee5
5685,pixel_transfer,8,0,1,1,8,0,1,1,1,1,0,0,002c07ff01f45705f2c087a12e58bce85fa843d55ea9d0bd0
5686,pixel_transfer,8,0,1,1,8,0,1,1,1,0,0,0,002c07ff01f45705f2c087a12e58bce85fa843d55ea9d0bd0
5689,pixel_transfer,8,0,1,1,8,0,1,1,1,1,0,0,01240df7bf79db801e7bc73a690df410010200337e84e42ef
5690,pixel_transfer,8,0,1,1,8,0,1,1,1,0,0,0,01240df7bf79db801e7bc73a690df410010200337e84e42ef
5694,pixel_transfer,8,0,1,1,8,0,1,1,1,0,1,0,01240df7bf79db801e7bc73a690df410010200337e84e42ef
5695,pixel_transfer,8,0,1,1,8,0,1,1,1,0,0,0,01240df7bf79db801e7bc73a690df410010200337e84e42ef
5704,pixel_transfer,8,0,1,1,8,0,1,1,1,1,0,0,0e3c93fa29a9bf41b020a3aa2e0238f5092e8e8c835e5f83d
5705,pixel_transfer,8,0,1,1,8,0,1,1,1,0,0,0,0e3c93fa29a9bf41b020a3aa2e0238f5092e8e8c835e5f83d
5708,pixel_transfer,8,0,1,1,8,0,1,1,1,1,0,0,00090d7d7d2417cff3e38be8cf9cb3cbeb0d28282a0402881
5709,pixel_transfer,8,0,1,1,8,0,1,1,1,0,0,0,00090d7d7d2417cff3e38be8cf9cb3cbeb0d28282a0402881
5712,pixel_transfer,8,0,1,1,8,0,1,1,1,1,0,0,0fe61e11660c364fc47a2ff032f0142f009e403506cb5c585
5713,pixel_transfer,8,0,1,1,8,0,1,1,1,0,0,0,0fe61e11660c364fc47a2ff032f0142f009e403506cb5c585
5716,pixel_transfer,8,0,1,1,8,0,1,1,1,1,0,0,06a1e0564bb3140249296042033401105a3ea8944840c016f
5717,pixel_transfer,8,0,1,1,8,0,1,1,1,0,0,0,06a1e0564bb3140249296042033401105a3ea8944840c016f
5721,pixel_transfer,8,0,1,1,8,0,1,1,1,0,1,0,06a1e0564bb3140249296042033401105a3ea8944840c016f
5722,pixel_transfer,8,0,1,1,8,0,1,1,1,0,0,0,06a1e0564bb3140249296042033401105a3ea8944840c016f
5731,pixel_transfer,8,0,1,1,8,0,1,1,1,1,0,0,05de846150251ee142f868132588bc458830299c2ce028120
5732,pixel_transfer,8,0,1,1,8,0,1,1,1,0,0,0,05de846150251ee142f868132588bc458830299c2ce028120
5735,pixel_transfer,8,0,1,1,8,0,1,1,1,1,0,0,089f7e35884e20f9414360e9e92078fc6813e0d10ffa01cc1
5736,pixel_transfer,8,0,1,1,8,0,1,1,1,0,0,0,089f7e35884e20f9414360e9e92078fc6813e0d10ffa01cc1
5739,pixel_transfer,8,0,1,1,8,0,1,1,1,1,0,0,0985029a1a3e47400f40ba5d0e9740a28441013004044902c
5740,pixel_transfer,8,0,1,1,8,0,1,1,1,0,0,0,0985029a1a3e47400f40ba5d0e9740a28441013004044902c
5743,pixel_transfer,8,0,1,1,8,0,1,1,1,1,0,0,0b2eee191cec704085cc5d89c08f21088c07ca6472843409c
5744,pixel_transfer,8,0,1,1,8,0,1,1,1,0,0,0,0b2eee191cec704085cc5d89c08f21088c07ca6472843409c
5748,pixel_transfer,8,0,1,1,8,0,1,1,1,0,1,0,0b2eee191cec704085cc5d89c08f21088c07ca6472843409c
5749,pixel_transfer,8,0,1,1,8,0,1,1,1,0,0,0,0b2eee191cec704085cc5d89c08f21088c07ca6472843409c
5758,pixel_transfer,8,0,1,1,8,0,1,1,1,1,0,0,011a388928ff4faffe100721e2442af424d90a200484a4508
5759,pixel_transfer,8,0,1,1,8,0,1,1,1,0,0,0,011a388928ff4faffe100721e2442af424d90a200484a4508
5762,pixel_transfer,8,0,1,1,8,0,1,1,1,1,0,0,00fea240805c4827af9979048a60164224011242434e1a226
5763,pixel_transfer,8,0,1,1,8,0,1,1,1,0,0,0,00fea240805c4827af9979048a60164224011242434e1a226
5766,pixel_transfer,8,0,1,1,8,0,1,1,1,1,0,0,0bba267e0277adca1211418b370f527f55341120550602824
5767,pixel_transfer,8,0,1,1,8,0,1,1,1,0,0,0,0bba267e0277adca1211418b370f527f55341120550602824
5770,pixel_transfer,8,0,1,1,8,0,1,1,1,1,0,0,07a4496febcc72433010170a520699b671f84234af2180400
5771,pixel_transfer,8,0,1,1,8,0,1,1,1,0,0,0,07a4496febcc72433010170a520699b671f84234af2180400
5775,pixel_transfer,8,0,1,1,8,0,1,1,1,0,1,0,07a4496febcc72433010170a520699b671f84234af2180400
5776,pixel_transfer,8,0,1,1,8,0,1,1,1,0,0,0,07a4496febcc72433010170a520699b671f84234af2180400
5785,pixel_transfer,8,0,1,1,8,0,1,1,1,1,0,0,04dc554b00a0af2914893b2212a4181908084f20411f1dfd5
5786,pixel_transfer,8,0,1,1,8,0,1,1,1,0,0,0,04dc554b00a0af2914893b2212a4181908084f20411f1dfd5
5789,pixel_transfer,8,0,1,1,8,0,1,1,1,1,0,0,01e0066088c07a22046a8ab0882307814f17aa9c2be773615
5790,pixel_transfer,8,0,1,1,8,0,1,1,1,0,0,0,01e0066088c07a22046a8ab0882307814f17aa9c2be773615
5793,pixel_transfer,8,0,1,1,8,0,1,1,1,1,0,0,002a007c5ce0491b6f7909000543305551bd05530ea40b237
5794,pixel_transfer,8,0,1,1,8,0,1,1,1,0,0,0,002a007c5ce0491b6f7909000543305551bd05530ea40b237
5797,pixel_transfer,8,0,1,1,8,0,1,1,1,1,0,0,045688b5e843b643a8abf91c1789370481522398ed4595e80
5798,pixel_transfer,8,0,1,1,8,0,1,1,1,0,0,0,045688b5e843b643a8abf91c1789370481522398ed4595e80
5802,pixel_transfer,8,0,1,1,8,0,1,1,1,0,1,0,045688b5e843b643a8abf91c1789370481522398ed4595e80
5803,pixel_transfer,8,0,1,1,8,0,1,1,1,0,0,0,045688b5e843b643a8abf91c1789370481522398ed4595e80
5812,pixel_transfer,8,0,1,1,8,0,1,1,1,1,0,0,0346509902fd1df2228fd8a7d83d433e40a2cd4728e8e52e2
5813,pixel_transfer,8,0,1,1,8,0,1,1,1,0,0,0,0346509902fd1df2228fd8a7d83d433e40a2cd4728e8e52e2
5816,pixel_transfer,8,0,1,1,8,0,1,1,1,1,0,0,0d785021e255cea8de51e281ae181142e6c031f4208185f6c
5817,pixel_transfer,8,0,1,1,8,0,1,1,1,0,0,0,0d785021e255cea8de51e281ae181142e6c031f4208185f6c
5820,pixel_transfer,8,0,1,1,8,0,1,1,1,1,0,0,094ea56a221d4c0412b8c01f4fe2600c824622b752010adc4
5821,pixel_transfer,8,0,1,1,8,0,1,1,1,0,0,0,094ea56a221d4c0412b8c01f4fe2600c824622b752010adc4
5824,pixel_transfer,8,0,1,1,8,0,1,1,1,1,0,0,082e448e4138a2cba1914f4017efc03898cf18b208145b007
5825,pixel_transfer,8,0,1,1,8,0,1,1,1,0,0,0,082e448e4138a2cba1914f4017efc03898cf18b208145b007
5829,pixel_transfer,8,0,1,1,8,0,1,1,1,0,1,0,082e448e4138a2cba1914f4017efc03898cf18b208145b007
5830,pixel_transfer,8,0,1,1,8,0,1,1,1,0,0,0,082e448e4138a2cba1914f4017efc03898cf18b208145b007
5839,pixel_transfer,8,0,1,1,8,0,1,1,1,1,0,0,08c2928f61e444a8466f450c57751c645582f35ae41f84450
5840,pixel_transfer,8,0,1,1,8,0,1,1,1,0,0,0,08c2928f61e444a8466f450c57751c645582f35ae41f84450
5843,pixel_transfer,8,0,1,1,8,0,1,1,1,1,0,0,037e0232119e1516df7cb08612f250e651ea568104af03a98
5844,pixel_transfer,8,0,1,1,8,0,1,1,1,0,0,0,037e0232119e1516df7cb08612f250e651ea568104af03a98
5847,pixel_transfer,8,0,1,1,8,0,1,1,1,1,0,0,0f718db880ac81b1c02c0492bde1b1452d1fd1517f45a7c01
5848,pixel_transfer,8,0,1,1,8,0,1,1,1,0,0,0,0f718db880ac81b1c02c0492bde1b1452d1fd1517f45a7c01
5851,output_drain,8,0,1,1,8,0,1,1,1,1,0,0,0155c02073d00507efec4df7adfd7d0f126c3304d2a25e3bd
5852,output_drain,8,0,1,1,8,0,1,1,1,0,0,0,0155c02073d00507efec4df7adfd7d0f126c3304d2a25e3bd
5856,output_drain,8,0,1,1,8,0,1,1,1,0,1,0,0155c02073d00507efec4df7adfd7d0f126c3304d2a25e3bd
5857,output_drain,8,0,1,1,8,0,1,1,1,0,0,0,0155c02073d00507efec4df7adfd7d0f126c3304d2a25e3bd
5866,output_drain,8,0,1,1,8,0,1,1,1,1,0,0,01811444c184019427b4a34f4216f44190203f6a42204de4a
5867,output_drain,8,0,1,1,8,0,1,1,1,0,0,0,01811444c184019427b4a34f4216f44190203f6a42204de4a
5870,output_drain,8,0,1,1,8,0,1,1,1,1,0,0,053a080bc110552bd5b4a4372b79480a36d4add0c0aea8d18
5871,output_drain,8,0,1,1,8,0,1,1,1,0,0,0,053a080bc110552bd5b4a4372b79480a36d4add0c0aea8d18
5874,output_drain,8,0,1,1,8,0,1,1,1,1,0,0,07afa9e43e81187082dbdc701882d9af64d69cc3d50b99f0a
5875,output_drain,8,0,1,1,8,0,1,1,1,0,0,0,07afa9e43e81187082dbdc701882d9af64d69cc3d50b99f0a
5878,output_drain,8,0,1,1,8,0,1,1,1,1,0,0,0dcc0a720474fef97367544a55006a50b82a03b4fa85805c1
5879,output_drain,8,0,1,1,8,0,1,1,1,0,0,0,0dcc0a720474fef97367544a55006a50b82a03b4fa85805c1
5883,output_drain,8,0,1,1,8,0,1,1,1,0,1,0,0dcc0a720474fef97367544a55006a50b82a03b4fa85805c1
5884,output_drain,8,0,1,1,8,0,1,1,1,0,0,0,0dcc0a720474fef97367544a55006a50b82a03b4fa85805c1
5893,output_drain,8,0,1,1,8,0,1,1,1,1,0,0,0204b4441bf5f3c428ff1fc87b72820b42044f4b40e292186
5894,output_drain,8,0,1,1,8,0,1,1,1,0,0,0,0204b4441bf5f3c428ff1fc87b72820b42044f4b40e292186
5897,output_drain,8,0,1,1,8,0,1,1,1,1,0,0,0fc01d4199883823c23c1689b044dac82cb2fa6059f0008c8
5898,output_drain,8,0,1,1,8,0,1,1,1,0,0,0,0fc01d4199883823c23c1689b044dac82cb2fa6059f0008c8
5901,output_drain,8,0,1,1,8,0,1,1,1,1,0,0,062a52a10f1ab260008a3e014942ac4361305145c4214e844
5902,output_drain,8,0,1,1,8,0,1,1,1,0,0,0,062a52a10f1ab260008a3e014942ac4361305145c4214e844
5905,output_drain,8,0,1,1,8,0,1,1,1,1,0,0,0b46eaa0254de219a07543a80342503f20b031f01b84e2901
5906,output_drain,8,0,1,1,8,0,1,1,1,0,0,0,0b46eaa0254de219a07543a80342503f20b031f01b84e2901
5910,output_drain,8,0,1,1,8,0,1,1,1,0,1,0,0b46eaa0254de219a07543a80342503f20b031f01b84e2901
5911,output_drain,8,0,1,1,8,0,1,1,1,0,0,0,0b46eaa0254de219a07543a80342503f20b031f01b84e2901
5920,output_drain,8,0,1,1,8,0,1,1,1,1,0,0,0446c1244848320208c1e4804428fde35517800843290a718
5921,output_drain,8,0,1,1,8,0,1,1,1,0,0,0,0446c1244848320208c1e4804428fde35517800843290a718
5924,output_drain,8,0,1,1,8,0,1,1,1,1,0,0,0ee070403204c81190708c0880420eccd790f221017b1e033
5925,output_drain,8,0,1,1,8,0,1,1,1,0,0,0,0ee070403204c81190708c0880420eccd790f221017b1e033
5928,output_drain,8,0,1,1,8,0,1,1,1,1,0,0,01ea1470117a17717a1c444cf233a809c67085f8500102230
5929,output_drain,8,0,1,1,8,0,1,1,1,0,0,0,01ea1470117a17717a1c444cf233a809c67085f8500102230
5932,output_drain,8,0,1,1,8,0,1,1,1,1,0,0,04c12fa15e80f49aa041ebd0247260b41d2318223f448988f
5933,output_drain,8,0,1,1,8,0,1,1,1,0,0,0,04c12fa15e80f49aa041ebd0247260b41d2318223f448988f
5937,output_drain,8,0,1,1,8,0,1,1,1,0,1,0,04c12fa15e80f49aa041ebd0247260b41d2318223f448988f
5938,output_drain,8,0,1,1,8,0,1,1,1,0,0,0,04c12fa15e80f49aa041ebd0247260b41d2318223f448988f
5947,output_drain,8,0,1,1,8,0,1,1,1,1,0,0,0253a1a3b57eb85630c7ad7e16c93a23208074f47ee1194f2
5948,output_drain,8,0,1,1,8,0,1,1,1,0,0,0,0253a1a3b57eb85630c7ad7e16c93a23208074f47ee1194f2
5951,output_drain,8,0,1,1,8,0,1,1,1,1,0,0,0571c41be8b88c2fd4061c05ca1df7c99616a67101484032a
5952,output_drain,8,0,1,1,8,0,1,1,1,0,0,0,0571c41be8b88c2fd4061c05ca1df7c99616a67101484032a
5955,output_drain,8,0,1,1,8,0,1,1,1,1,0,0,0b609dee3c11fe9e7967d0328d7773e443084c650b01c3930
5956,output_drain,8,0,1,1,8,0,1,1,1,0,0,0,0b609dee3c11fe9e7967d0328d7773e443084c650b01c3930
5959,output_drain,8,0,1,1,8,0,1,1,1,1,0,0,0e0507fe0e82f0f0053523076ef040781eecf6099faa3f089
5960,output_drain,8,0,1,1,8,0,1,1,1,0,0,0,0e0507fe0e82f0f0053523076ef040781eecf6099faa3f089
5964,output_drain,8,0,1,1,8,0,1,1,1,0,1,0,0e0507fe0e82f0f0053523076ef040781eecf6099faa3f089
5965,output_drain,8,0,1,1,8,0,1,1,1,0,0,0,0e0507fe0e82f0f0053523076ef040781eecf6099faa3f089
5974,output_drain,8,0,1,1,8,0,1,1,1,1,0,0,011e48046f450c247a982902303cf30024a0a46147a101921
5975,output_drain,8,0,1,1,8,0,1,1,1,0,0,0,011e48046f450c247a982902303cf30024a0a46147a101921
5978,output_drain,8,0,1,1,8,0,1,1,1,1,0,0,084208e9f1a685210141215fa4c85ffbfa0fb400456e131ec
5979,output_drain,8,0,1,1,8,0,1,1,1,0,0,0,084208e9f1a685210141215fa4c85ffbfa0fb400456e131ec
5982,output_drain,8,0,1,1,8,0,1,1,1,1,0,0,09a544a3494bcd8648cd003c00824960800206f940ab9cfa6
5983,output_drain,8,0,1,1,8,0,1,1,1,0,0,0,09a544a3494bcd8648cd003c00824960800206f940ab9cfa6
5986,output_drain,8,0,1,1,8,0,1,1,1,1,0,0,0a689541183c05035411d5135a788e95022c7056422504146
5987,output_drain,8,0,1,1,8,0,1,1,1,0,0,0,0a689541183c05035411d5135a788e95022c7056422504146
5991,output_drain,8,0,1,1,8,0,1,1,1,0,1,0,0a689541183c05035411d5135a788e95022c7056422504146
5992,output_drain,8,0,1,1,8,0,1,1,1,0,0,0,0a689541183c05035411d5135a788e95022c7056422504146
6001,output_drain,8,0,1,1,8,0,1,1,1,1,0,0,06e0ac838722a369827794708767f7710f9fefd45afc2a3a8
6002,output_drain,8,0,1,1,8,0,1,1,1,0,0,0,06e0ac838722a369827794708767f7710f9fefd45afc2a3a8
6005,output_drain,8,0,1,1,8,0,1,1,1,1,0,0,0f028bba30fcaf7e62ea83a0220afc5377a29c22930465c30
6006,output_drain,8,0,1,1,8,0,1,1,1,0,0,0,0f028bba30fcaf7e62ea83a0220afc5377a29c22930465c30
6009,output_drain,8,0,1,1,8,0,1,1,1,1,0,0,094c529d02479943c00221100512902cf3b553b4726c41517
6010,output_drain,8,0,1,1,8,0,1,1,1,0,0,0,094c529d02479943c00221100512902cf3b553b4726c41517
6013,output_drain,8,0,1,1,8,0,1,1,1,1,0,0,0604ac44812f2c938a5067904aaa88840494411e2014488a4
6014,output_drain,8,0,1,1,8,0,1,1,1,0,0,0,0604ac44812f2c938a5067904aaa88840494411e2014488a4
6018,output_drain,8,0,1,1,8,0,1,1,1,0,1,0,0604ac44812f2c938a5067904aaa88840494411e2014488a4
6019,output_drain,8,0,1,1,8,0,1,1,1,0,0,0,0604ac44812f2c938a5067904aaa88840494411e2014488a4
6028,output_drain,8,0,1,1,8,0,1,1,1,1,0,0,0022800f8018046934a4994dc104108ec410f141153235352
6029,output_drain,8,0,1,1,8,0,1,1,1,0,0,0,0022800f8018046934a4994dc104108ec410f141153235352
6032,output_drain,8,0,1,1,8,0,1,1,1,1,0,0,000b8c684400262822a119b692485232402aa19126a5da089
6033,output_drain,8,0,1,1,8,0,1,1,1,0,0,0,000b8c684400262822a119b692485232402aa19126a5da089
6036,output_drain,8,0,1,1,8,0,1,1,1,1,0,0,0ce37ef9cf75df2bb0dd722f0ef9df700862f603c46c4a788
6037,output_drain,8,0,1,1,8,0,1,1,1,0,0,0,0ce37ef9cf75df2bb0dd722f0ef9df700862f603c46c4a788
6040,output_drain,8,0,1,1,8,0,1,1,1,1,0,0,0d0c3a57db7f322cf39e71d6c79efbefbce3d3b68d7f51d08
6041,output_drain,8,0,1,1,8,0,1,1,1,0,0,0,0d0c3a57db7f322cf39e71d6c79efbefbce3d3b68d7f51d08
6045,output_drain,8,0,1,1,8,0,1,1,1,0,1,0,0d0c3a57db7f322cf39e71d6c79efbefbce3d3b68d7f51d08
6046,output_drain,8,0,1,1,8,0,1,1,1,0,0,0,0d0c3a57db7f322cf39e71d6c79efbefbce3d3b68d7f51d08
6055,output_drain,8,0,1,1,8,0,1,1,1,1,0,0,084120565b32900b60c14a080a7e4414242240424c1094448
6056,output_drain,8,0,1,1,8,0,1,1,1,0,0,0,084120565b32900b60c14a080a7e4414242240424c1094448
6059,output_drain,8,0,1,1,8,0,1,1,1,1,0,0,00c60850451e004393529a161ff2e43dc16aa30670dc77d40
6060,output_drain,8,0,1,1,8,0,1,1,1,0,0,0,00c60850451e004393529a161ff2e43dc16aa30670dc77d40
6063,output_drain,8,0,1,1,8,0,1,1,1,1,0,0,0a220001a63b452c4207b335650f0e08f44064d4aa0541422
6064,output_drain,8,0,1,1,8,0,1,1,1,0,0,0,0a220001a63b452c4207b335650f0e08f44064d4aa0541422
6067,output_drain,8,0,1,1,8,0,1,1,1,1,0,0,0f498e3283ff1a6b274b0975fa0da3840dc10012272e92269
6068,output_drain,8,0,1,1,8,0,1,1,1,0,0,0,0f498e3283ff1a6b274b0975fa0da3840dc10012272e92269
6072,output_drain,8,0,1,1,8,0,1,1,1,0,1,0,0f498e3283ff1a6b274b0975fa0da3840dc10012272e92269
6073,output_drain,8,0,1,1,8,0,1,1,1,0,0,0,0f498e3283ff1a6b274b0975fa0da3840dc10012272e92269
6082,output_drain,8,0,1,1,8,0,1,1,1,1,0,0,0e0a0a5db38850728ee280ee81823140d823dab017dd205c8
6083,output_drain,8,0,1,1,8,0,1,1,1,0,0,0,0e0a0a5db38850728ee280ee81823140d823dab017dd205c8
6086,output_drain,8,0,1,1,8,0,1,1,1,1,0,0,006873afadc018f45a15fe8d900ff40ff0104a2406f280a82
6087,output_drain,8,0,1,1,8,0,1,1,1,0,0,0,006873afadc018f45a15fe8d900ff40ff0104a2406f280a82
6090,output_drain,8,0,1,1,8,0,1,1,1,1,0,0,0f0a4e4489d09fcaf2300e47d0a801bbbed024000f3b33830
6091,output_drain,8,0,1,1,8,0,1,1,1,0,0,0,0f0a4e4489d09fcaf2300e47d0a801bbbed024000f3b33830
6094,output_drain,8,0,1,1,8,0,1,1,1,1,0,0,0212f397cd4c347afdc41214af9fe14a71c7aa164ea08fe11
6095,output_drain,8,0,1,1,8,0,1,1,1,0,0,0,0212f397cd4c347afdc41214af9fe14a71c7aa164ea08fe11
6099,output_drain,8,0,1,1,8,0,1,1,1,0,1,0,0212f397cd4c347afdc41214af9fe14a71c7aa164ea08fe11
6100,output_drain,8,0,1,1,8,0,1,1,1,0,0,0,0212f397cd4c347afdc41214af9fe14a71c7aa164ea08fe11
6109,output_drain,8,0,1,1,8,0,1,1,1,1,0,0,0df9cef6e0316f1a3298644df8128225c5044d517128c2915
6110,output_drain,8,0,1,1,8,0,1,1,1,0,0,0,0df9cef6e0316f1a3298644df8128225c5044d517128c2915
6113,output_drain,8,0,1,1,8,0,1,1,1,1,0,0,01047a07d0737287eea86c162cc03ea0f0a1358141e3a641d
6114,output_drain,8,0,1,1,8,0,1,1,1,0,0,0,01047a07d0737287eea86c162cc03ea0f0a1358141e3a641d
6117,output_drain,8,0,1,1,8,0,1,1,1,1,0,0,02f408ba31a32c52304960fde8e50f20080a083bff0fbdefb
6118,output_drain,8,0,1,1,8,0,1,1,1,0,0,0,02f408ba31a32c52304960fde8e50f20080a083bff0fbdefb
6121,output_drain,8,0,1,1,8,0,1,1,1,1,0,0,0789ebeb101b17717a129f0a2bfea155d842050092a6e1e24
6122,output_drain,8,0,1,1,8,0,1,1,1,0,0,0,0789ebeb101b17717a129f0a2bfea155d842050092a6e1e24
6126,output_drain,8,0,1,1,8,0,1,1,1,0,1,0,0789ebeb101b17717a129f0a2bfea155d842050092a6e1e24
6127,output_drain,8,0,1,1,8,0,1,1,1,0,0,0,0789ebeb101b17717a129f0a2bfea155d842050092a6e1e24
6136,output_drain,8,0,1,1,8,0,1,1,1,1,0,0,0fa16442cc19ab8461fe569285cdb79108fc392e20b084499
6137,output_drain,8,0,1,1,8,0,1,1,1,0,0,0,0fa16442cc19ab8461fe569285cdb79108fc392e20b084499
6140,output_drain,8,0,1,1,8,0,1,1,1,1,0,0,00eabc417d1a3730a0a1fe53ffc479b608a0283284a010780
6141,output_drain,8,0,1,1,8,0,1,1,1,0,0,0,00eabc417d1a3730a0a1fe53ffc479b608a0283284a010780
6144,output_drain,8,0,1,1,8,0,1,1,1,1,0,0,08a2f231d355d9987008878932b2ab0b1f17e41e1e32500f0
6145,output_drain,8,0,1,1,8,0,1,1,1,0,0,0,08a2f231d355d9987008878932b2ab0b1f17e41e1e32500f0
6148,output_drain,8,0,1,1,8,0,1,1,1,1,0,0,004c7468984cad491b457d4a1f4c09e64170490e421e00b04
6149,output_drain,8,0,1,1,8,0,1,1,1,0,0,0,004c7468984cad491b457d4a1f4c09e64170490e421e00b04
6153,output_drain,8,0,1,1,8,0,1,1,1,0,1,0,004c7468984cad491b457d4a1f4c09e64170490e421e00b04
6154,output_drain,8,0,1,1,8,0,1,1,1,0,0,0,004c7468984cad491b457d4a1f4c09e64170490e421e00b04
6163,output_drain,8,0,1,1,8,0,1,1,1,1,0,0,03274436df5e41e40b7833d8f70243d23be8457253c51eb1c
6164,output_drain,8,0,1,1,8,0,1,1,1,0,0,0,03274436df5e41e40b7833d8f70243d23be8457253c51eb1c
6167,output_drain,8,0,1,1,8,0,1,1,1,1,0,0,0e150e2e08f7460dc1197bf683b20101b426483a7fcca0642
6168,output_drain,8,0,1,1,8,0,1,1,1,0,0,0,0e150e2e08f7460dc1197bf683b20101b426483a7fcca0642
6171,output_drain,8,0,1,1,8,0,1,1,1,1,0,0,095e200ce30c4a89da684aaf8f0178a1218cacfa089fe1ee5
6172,output_drain,8,0,1,1,8,0,1,1,1,0,0,0,095e200ce30c4a89da684aaf8f0178a1218cacfa089fe1ee5
6175,output_drain,8,0,1,1,8,0,1,1,1,1,0,0,0af08de58150840ed1c8d5090ad4a02a505a1888982608955
6176,output_drain,8,0,1,1,8,0,1,1,1,0,0,0,0af08de58150840ed1c8d5090ad4a02a505a1888982608955
6180,output_drain,8,0,1,1,8,0,1,1,1,0,1,0,0af08de58150840ed1c8d5090ad4a02a505a1888982608955
6181,output_drain,8,0,1,1,8,0,1,1,1,0,0,0,0af08de58150840ed1c8d5090ad4a02a505a1888982608955
6190,output_drain,8,0,1,1,8,0,1,1,1,1,0,0,0575215b8a724d70615f4461468024a89440531053d12f91c
6191,output_drain,8,0,1,1,8,0,1,1,1,0,0,0,0575215b8a724d70615f4461468024a89440531053d12f91c
6194,output_drain,8,0,1,1,8,0,1,1,1,1,0,0,09e92e0dda684ce9003c00c81f55605df88a08af69404415c
6195,output_drain,8,0,1,1,8,0,1,1,1,0,0,0,09e92e0dda684ce9003c00c81f55605df88a08af69404415c
6198,output_drain,8,0,1,1,8,0,1,1,1,1,0,0,0c802e1d8946c161c08d0f3f2b86f2b1141e0df057c83023c
6199,output_drain,8,0,1,1,8,0,1,1,1,0,0,0,0c802e1d8946c161c08d0f3f2b86f2b1141e0df057c83023c
6202,output_drain,8,0,1,1,8,0,1,1,1,1,0,0,0fda171a41b47d043c40641280edc2f848f0ffeb80780c4c9
6203,output_drain,8,0,1,1,8,0,1,1,1,0,0,0,0fda171a41b47d043c40641280edc2f848f0ffeb80780c4c9
6207,output_drain,8,0,1,1,8,0,1,1,1,0,1,0,0fda171a41b47d043c40641280edc2f848f0ffeb80780c4c9
6208,output_drain,8,0,1,1,8,0,1,1,1,0,0,0,0fda171a41b47d043c40641280edc2f848f0ffeb80780c4c9
6217,output_drain,8,0,1,1,8,0,1,1,1,1,0,0,041b415aa82c022c0721dc1df00dd0d82c6917a4aaab64894
6218,output_drain,8,0,1,1,8,0,1,1,1,0,0,0,041b415aa82c022c0721dc1df00dd0d82c6917a4aaab64894
6221,output_drain,8,0,1,1,8,0,1,1,1,1,0,0,029080b0568269a7000c4227812fa8c502245f03f5100c826
6222,output_drain,8,0,1,1,8,0,1,1,1,0,0,0,029080b0568269a7000c4227812fa8c502245f03f5100c826
6225,output_drain,8,0,1,1,8,0,1,1,1,1,0,0,0a56fe3d0631cd1949588a0f4e5f74ff4f210dc252b158b46
6226,output_drain,8,0,1,1,8,0,1,1,1,0,0,0,0a56fe3d0631cd1949588a0f4e5f74ff4f210dc252b158b46
6229,output_drain,8,0,1,1,8,0,1,1,1,1,0,0,08228ab262818abebfb55fa40a62e1cbc320c3de926d4a243
6230,output_drain,8,0,1,1,8,0,1,1,1,0,0,0,08228ab262818abebfb55fa40a62e1cbc320c3de926d4a243
6234,output_drain,8,0,1,1,8,0,1,1,1,0,1,0,08228ab262818abebfb55fa40a62e1cbc320c3de926d4a243
6235,output_drain,8,0,1,1,8,0,1,1,1,0,0,0,08228ab262818abebfb55fa40a62e1cbc320c3de926d4a243
6244,output_drain,8,0,1,1,8,0,1,1,1,1,0,0,0c8070d21d03304f3899204e450100a1cec28a1b996f60aea
6245,output_drain,8,0,1,1,8,0,1,1,1,0,0,0,0c8070d21d03304f3899204e450100a1cec28a1b996f60aea
6248,output_drain,8,0,1,1,8,0,1,1,1,1,0,0,0f82788211d51ffee29e4f97a04809fd202704044ee348808
6249,output_drain,8,0,1,1,8,0,1,1,1,0,0,0,0f82788211d51ffee29e4f97a04809fd202704044ee348808
6252,output_drain,8,0,1,1,8,0,1,1,1,1,0,0,0f165088dd7aa63b2e400724aac5f17417302fda208ea08ff
6253,output_drain,8,0,1,1,8,0,1,1,1,0,0,0,0f165088dd7aa63b2e400724aac5f17417302fda208ea08ff
6256,output_drain,8,0,1,1,8,0,1,1,1,1,0,0,0559e523824ff281115fd115147a271d61494c099d0631371
6257,output_drain,8,0,1,1,8,0,1,1,1,0,0,0,0559e523824ff281115fd115147a271d61494c099d0631371
6261,output_drain,8,0,1,1,8,0,1,1,1,0,1,0,0559e523824ff281115fd115147a271d61494c099d0631371
6262,output_drain,8,0,1,1,8,0,1,1,1,0,0,0,0559e523824ff281115fd115147a271d61494c099d0631371
6271,output_drain,8,0,1,1,8,0,1,1,1,1,0,0,03b40efba90a8980f0038a531b0d32022b83c1f080014c308
6272,output_drain,8,0,1,1,8,0,1,1,1,0,0,0,03b40efba90a8980f0038a531b0d32022b83c1f080014c308
6275,output_drain,8,0,1,1,8,0,1,1,1,1,0,0,042e240a83ce081f077de7bef8c433e9d07413ff837e79c73
6276,output_drain,8,0,1,1,8,0,1,1,1,0,0,0,042e240a83ce081f077de7bef8c433e9d07413ff837e79c73
6279,output_drain,8,0,1,1,8,0,1,1,1,1,0,0,0f705927fe0baf587888a521014412a39ee17b92fc794b27f
6280,output_drain,8,0,1,1,8,0,1,1,1,0,0,0,0f705927fe0baf587888a521014412a39ee17b92fc794b27f
6283,output_drain,8,0,1,1,8,0,1,1,1,1,0,0,05490842a83f2a0a4d4e4e052571e2a27b2533042fca1691c
6284,output_drain,8,0,1,1,8,0,1,1,1,0,0,0,05490842a83f2a0a4d4e4e052571e2a27b2533042fca1691c
6288,output_drain,8,0,1,1,8,0,1,1,1,0,1,0,05490842a83f2a0a4d4e4e052571e2a27b2533042fca1691c
6289,output_drain,8,0,1,1,8,0,1,1,1,0,0,0,05490842a83f2a0a4d4e4e052571e2a27b2533042fca1691c
6298,output_drain,8,0,1,1,8,0,1,1,1,1,0,0,04af1bf804c4da482763cc5de7c6b0e0c0f12497d86828ba0
6299,output_drain,8,0,1,1,8,0,1,1,1,0,0,0,04af1bf804c4da482763cc5de7c6b0e0c0f12497d86828ba0
6302,output_drain,8,0,1,1,8,0,1,1,1,1,0,0,0523ffd01500550690009c50300664098022ca78fecf0e38c
6303,output_drain,8,0,1,1,8,0,1,1,1,0,0,0,0523ffd01500550690009c50300664098022ca78fecf0e38c
6306,output_drain,8,0,1,1,8,0,1,1,1,1,0,0,0c800761780ac2422f880128f948a0a9a724a2a0046555150
6307,output_drain,8,0,1,1,8,0,1,1,1,0,0,0,0c800761780ac2422f880128f948a0a9a724a2a0046555150
6310,output_drain,8,0,1,1,8,0,1,1,1,1,0,0,024a74d39a529b7542502a548444441002480d56844642bc9
6311,output_drain,8,0,1,1,8,0,1,1,1,0,0,0,024a74d39a529b7542502a548444441002480d56844642bc9
6315,output_drain,8,0,1,1,8,0,1,1,1,0,1,0,024a74d39a529b7542502a548444441002480d56844642bc9
6316,output_drain,8,0,1,1,8,0,1,1,1,0,0,0,024a74d39a529b7542502a548444441002480d56844642bc9
6325,output_drain,8,0,1,1,8,0,1,1,1,1,0,0,0048b088300ca64a5745001fc03f4a6046031fe2f660114ff
6326,output_drain,8,0,1,1,8,0,1,1,1,0,0,0,0048b088300ca64a5745001fc03f4a6046031fe2f660114ff
6329,output_drain,8,0,1,1,8,0,1,1,1,1,0,0,0921ca2501cc088bcb3afe1681d7c44890348f8787ad89d30
6330,output_drain,8,0,1,1,8,0,1,1,1,0,0,0,0921ca2501cc088bcb3afe1681d7c44890348f8787ad89d30
6333,output_drain,8,0,1,1,8,0,1,1,1,1,0,0,0793a06a8008b2a524e39a52942c0430d052301258554548d
6334,output_drain,8,0,1,1,8,0,1,1,1,0,0,0,0793a06a8008b2a524e39a52942c0430d052301258554548d
6337,output_drain,8,0,1,1,8,0,1,1,1,1,0,0,0634a29979c9224a514a5212140220a91f8118152929a105f
6338,output_drain,8,0,1,1,8,0,1,1,1,0,0,0,0634a29979c9224a514a5212140220a91f8118152929a105f
6342,output_drain,8,0,1,1,8,0,1,1,1,0,1,0,0634a29979c9224a514a5212140220a91f8118152929a105f
6343,output_drain,8,0,1,1,8,0,1,1,1,0,0,0,0634a29979c9224a514a5212140220a91f8118152929a105f
6352,output_drain,8,0,1,1,8,0,1,1,1,1,0,0,07ffa3fe02b00296a3502c2d7320c949f3800734688088051
6353,output_drain,8,0,1,1,8,0,1,1,1,0,0,0,07ffa3fe02b00296a3502c2d7320c949f3800734688088051
6356,output_drain,8,0,1,1,8,0,1,1,1,1,0,0,030e5880ce0c7e5f053f900ee427066408c8294534230bb34
6357,output_drain,8,0,1,1,8,0,1,1,1,0,0,0,030e5880ce0c7e5f053f900ee427066408c8294534230bb34
6360,output_drain,8,0,1,1,8,0,1,1,1,1,0,0,01825b314448414e7ef485c012857b79f49024359d95f3e87
6361,output_drain,8,0,1,1,8,0,1,1,1,0,0,0,01825b314448414e7ef485c012857b79f49024359d95f3e87
6364,output_drain,8,0,1,1,8,0,1,1,1,1,0,0,022cc739031ee6ac39ee0d1141411193d0a3d7d82c2f47b14
6365,output_drain,8,0,1,1,8,0,1,1,1,0,0,0,022cc739031ee6ac39ee0d1141411193d0a3d7d82c2f47b14
6369,output_drain,8,0,1,1,8,0,1,1,1,0,1,0,022cc739031ee6ac39ee0d1141411193d0a3d7d82c2f47b14
6370,output_drain,8,0,1,1,8,0,1,1,1,0,0,0,022cc739031ee6ac39ee0d1141411193d0a3d7d82c2f47b14
6379,output_drain,8,0,1,1,8,0,1,1,1,1,0,0,01629c1921898544d7225e2ef3b23020a8a280f177a001f11
6380,output_drain,8,0,1,1,8,0,1,1,1,0,0,0,01629c1921898544d7225e2ef3b23020a8a280f177a001f11
6383,output_drain,8,0,1,1,8,0,1,1,1,1,0,0,0e810a36e3f139fb00bcf27dc82c7c40f3f0bd41049242d5a
6384,output_drain,8,0,1,1,8,0,1,1,1,0,0,0,0e810a36e3f139fb00bcf27dc82c7c40f3f0bd41049242d5a
6387,output_drain,8,0,1,1,8,0,1,1,1,1,0,0,022d29129e8c1627153114a4339418e3dbda78c024222880d
6388,output_drain,8,0,1,1,8,0,1,1,1,0,0,0,022d29129e8c1627153114a4339418e3dbda78c024222880d
6391,output_drain,8,0,1,1,8,0,1,1,1,1,0,0,0c81f07807dcb0811a3e86c101287022136989828eba7887c
6392,output_drain,8,0,1,1,8,0,1,1,1,0,0,0,0c81f07807dcb0811a3e86c101287022136989828eba7887c
6396,output_drain,8,0,1,1,8,0,1,1,1,0,1,0,0c81f07807dcb0811a3e86c101287022136989828eba7887c
6397,output_drain,8,0,1,1,8,0,1,1,1,0,0,0,0c81f07807dcb0811a3e86c101287022136989828eba7887c
6406,output_drain,8,0,1,1,8,0,1,1,1,1,0,0,0824b020e6c0299fa7c3d693a94eb8130ea0eb401140805ca
6407,output_drain,8,0,1,1,8,0,1,1,1,0,0,0,0824b020e6c0299fa7c3d693a94eb8130ea0eb401140805ca
6410,output_drain,8,0,1,1,8,0,1,1,1,1,0,0,0e3de34c4567ba2ae0ec00a14da7280427e23506900f9a147
6411,output_drain,8,0,1,1,8,0,1,1,1,0,0,0,0e3de34c4567ba2ae0ec00a14da7280427e23506900f9a147
6414,output_drain,8,0,1,1,8,0,1,1,1,1,0,0,00e50ec89b213ecf1a08e088299e7551941c82094f37a10fc
6415,output_drain,8,0,1,1,8,0,1,1,1,0,0,0,00e50ec89b213ecf1a08e088299e7551941c82094f37a10fc
