Design name: work@dsc_encoder
Instance tree:
work@dsc_encoder (work@dsc_encoder /workspace/dsc-cix/dsc_cix_20260723/verilog_dsc/dsc_encoder.sv:27:)
work@dsc_encoder.dsce_apb_inst (work@dsce_apb /workspace/dsc-cix/dsc_cix_20260723/verilog_dsc/dsc_encoder.sv:129:)
work@dsc_encoder.dsce_timers_inst (work@dsce_timers /workspace/dsc-cix/dsc_cix_20260723/verilog_dsc/dsc_encoder.sv:168:)
work@dsc_encoder.dsce_interrupt_inst (work@dsce_interrupt /workspace/dsc-cix/dsc_cix_20260723/verilog_dsc/dsc_encoder.sv:182:)
work@dsc_encoder.dsce_interrupt_inst.sync_frame_inst (work@dsce_interrupt::gprim_sync2_stage /workspace/dsc-cix/dsc_cix_20260723/verilog_dsc/dsce_interrupt.sv:175:)
work@dsc_encoder.dsce_interrupt_inst.sync_timeout_inst (work@dsce_interrupt::gprim_sync2_stage /workspace/dsc-cix/dsc_cix_20260723/verilog_dsc/dsce_interrupt.sv:176:)
work@dsc_encoder.dsce_interrupt_inst.sync_error_inst (work@dsce_interrupt::gprim_sync2_stage /workspace/dsc-cix/dsc_cix_20260723/verilog_dsc/dsce_interrupt.sv:177:)
work@dsc_encoder.dsce_interrupt_inst.sync_timer_inst (work@dsce_interrupt::gprim_sync2_stage /workspace/dsc-cix/dsc_cix_20260723/verilog_dsc/dsce_interrupt.sv:178:)
work@dsc_encoder.dsce_interrupt_inst.gen_overflow_sync[0] ( /workspace/dsc-cix/dsc_cix_20260723/verilog_dsc/dsce_interrupt.sv:180:)
work@dsc_encoder.dsce_interrupt_inst.gen_overflow_sync[0].syn_overflow_inst (work@dsc_encoder.dsce_interrupt_inst.gen_overflow_sync[0]::gprim_sync_stage /workspace/dsc-cix/dsc_cix_20260723/verilog_dsc/dsce_interrupt.sv:181:)
work@dsc_encoder.dsce_interrupt_inst.gen_overflow_sync[1] ( /workspace/dsc-cix/dsc_cix_20260723/verilog_dsc/dsce_interrupt.sv:180:)
work@dsc_encoder.dsce_interrupt_inst.gen_overflow_sync[1].syn_overflow_inst (work@dsc_encoder.dsce_interrupt_inst.gen_overflow_sync[1]::gprim_sync_stage /workspace/dsc-cix/dsc_cix_20260723/verilog_dsc/dsce_interrupt.sv:181:)
work@dsc_encoder.dsce_interrupt_inst.gen_overflow_sync[2] ( /workspace/dsc-cix/dsc_cix_20260723/verilog_dsc/dsce_interrupt.sv:180:)
work@dsc_encoder.dsce_interrupt_inst.gen_overflow_sync[2].syn_overflow_inst (work@dsc_encoder.dsce_interrupt_inst.gen_overflow_sync[2]::gprim_sync_stage /workspace/dsc-cix/dsc_cix_20260723/verilog_dsc/dsce_interrupt.sv:181:)
work@dsc_encoder.dsce_interrupt_inst.gen_overflow_sync[3] ( /workspace/dsc-cix/dsc_cix_20260723/verilog_dsc/dsce_interrupt.sv:180:)
work@dsc_encoder.dsce_interrupt_inst.gen_overflow_sync[3].syn_overflow_inst (work@dsc_encoder.dsce_interrupt_inst.gen_overflow_sync[3]::gprim_sync_stage /workspace/dsc-cix/dsc_cix_20260723/verilog_dsc/dsce_interrupt.sv:181:)
work@dsc_encoder.dsce_pps_inst (work@dsce_pps /workspace/dsc-cix/dsc_cix_20260723/verilog_dsc/dsc_encoder.sv:204:)
work@dsc_encoder.dsce_pps_inst.pps_host_sram_inst (work@dsce_pps::gram_bist_1r1w /workspace/dsc-cix/dsc_cix_20260723/verilog_dsc/dsce_pps.sv:268:)
work@dsc_encoder.dsce_pps_inst.pps_engine_sram_inst (work@dsce_pps::gram_bist_1r1w /workspace/dsc-cix/dsc_cix_20260723/verilog_dsc/dsce_pps.sv:290:)
work@dsc_encoder.dsce_pps_inst.sync_update_inst (work@dsce_pps::gprim_sync2_stage /workspace/dsc-cix/dsc_cix_20260723/verilog_dsc/dsce_pps.sv:315:)
work@dsc_encoder.dsce_command_inst (work@dsce_command /workspace/dsc-cix/dsc_cix_20260723/verilog_dsc/dsc_encoder.sv:231:)
work@dsc_encoder.dsce_command_inst.sync_command_inst (work@dsce_command::gprim_sync2_stage /workspace/dsc-cix/dsc_cix_20260723/verilog_dsc/dsce_command.sv:376:)
work@dsc_encoder.dsce_command_inst.sync_force_inst (work@dsce_command::gprim_sync_stage /workspace/dsc-cix/dsc_cix_20260723/verilog_dsc/dsce_command.sv:377:)
work@dsc_encoder.dsce_command_inst.sync_enable_inst (work@dsce_command::gprim_sync_stage /workspace/dsc-cix/dsc_cix_20260723/verilog_dsc/dsce_command.sv:378:)
work@dsc_encoder.dsce_command_inst.sync_update_inst (work@dsce_command::gprim_sync2_stage /workspace/dsc-cix/dsc_cix_20260723/verilog_dsc/dsce_command.sv:379:)
work@dsc_encoder.dsce_command_inst.sync_new_frame_inst (work@dsce_command::gprim_sync2_stage /workspace/dsc-cix/dsc_cix_20260723/verilog_dsc/dsce_command.sv:380:)
work@dsc_encoder.dsce_reset_inst (work@dsce_reset /workspace/dsc-cix/dsc_cix_20260723/verilog_dsc/dsc_encoder.sv:260:)
work@dsc_encoder.dsce_engine_inst (work@dsce_engine /workspace/dsc-cix/dsc_cix_20260723/verilog_dsc/dsc_encoder.sv:280:)
work@dsc_encoder.dsce_engine_inst.dsce_pack_inst (work@dsce_pack /workspace/dsc-cix/dsc_cix_20260723/verilog_dsc/dsce_engine.sv:123:)
work@dsc_encoder.dsce_engine_inst.dsce_partition_inst (work@dsce_partition /workspace/dsc-cix/dsc_cix_20260723/verilog_dsc/dsce_engine.sv:147:)
work@dsc_encoder.dsce_engine_inst.dsce_slice_mux_inst (work@dsce_slice_mux /workspace/dsc-cix/dsc_cix_20260723/verilog_dsc/dsce_engine.sv:221:)
work@dsc_encoder.dsce_engine_inst.dsce_bypass_inst (work@dsce_bypass /workspace/dsc-cix/dsc_cix_20260723/verilog_dsc/dsce_engine.sv:250:)
work@dsc_encoder.dsce_engine_inst.dsce_bypass_inst.sync_bypass_inst (work@dsce_bypass::gprim_sync2_stage /workspace/dsc-cix/dsc_cix_20260723/verilog_dsc/dsce_bypass.sv:372:)
work@dsc_encoder.dsce_engine_inst.gen_slice[0] ( /workspace/dsc-cix/dsc_cix_20260723/verilog_dsc/dsce_engine.sv:174:)
work@dsc_encoder.dsce_engine_inst.gen_slice[0].dsce_slice_inst (work@dsce_slice /workspace/dsc-cix/dsc_cix_20260723/verilog_dsc/dsce_engine.sv:175:)
work@dsc_encoder.dsce_engine_inst.gen_slice[0].dsce_slice_inst.dsce_convert_inst (work@dsce_convert /workspace/dsc-cix/dsc_cix_20260723/verilog_dsc/dsce_slice.sv:150:)
work@dsc_encoder.dsce_engine_inst.gen_slice[0].dsce_slice_inst.dsce_slice_buffer_inst (work@dsce_slice_buffer /workspace/dsc-cix/dsc_cix_20260723/verilog_dsc/dsce_slice.sv:171:)
work@dsc_encoder.dsce_engine_inst.gen_slice[0].dsce_slice_inst.dsce_slice_buffer_inst.input_buffer_inst (work@dsce_slice_buffer::gram_bist_1r1w /workspace/dsc-cix/dsc_cix_20260723/verilog_dsc/dsce_slice_buffer.sv:349:)
work@dsc_encoder.dsce_engine_inst.gen_slice[0].dsce_slice_inst.dsce_slice_buffer_inst.sync_wrdy_inst (work@dsce_slice_buffer::gprim_sync_stage /workspace/dsc-cix/dsc_cix_20260723/verilog_dsc/dsce_slice_buffer.sv:370:)
work@dsc_encoder.dsce_engine_inst.gen_slice[0].dsce_slice_inst.dsce_flatness_inst (work@dsce_flatness /workspace/dsc-cix/dsc_cix_20260723/verilog_dsc/dsce_slice.sv:208:)
work@dsc_encoder.dsce_engine_inst.gen_slice[0].dsce_slice_inst.dsce_flatness_inst.dsce_flat_check_inst (work@dsce_flat_check /workspace/dsc-cix/dsc_cix_20260723/verilog_dsc/dsce_flatness.sv:76:)
work@dsc_encoder.dsce_engine_inst.gen_slice[0].dsce_slice_inst.dsce_flatness_inst.dsce_flat_flags_inst (work@dsce_flat_flags /workspace/dsc-cix/dsc_cix_20260723/verilog_dsc/dsce_flatness.sv:95:)
work@dsc_encoder.dsce_engine_inst.gen_slice[0].dsce_slice_inst.dsce_predict_inst (work@dsce_predict /workspace/dsc-cix/dsc_cix_20260723/verilog_dsc/dsce_slice.sv:235:)
work@dsc_encoder.dsce_engine_inst.gen_slice[0].dsce_slice_inst.dsce_predict_inst.dsce_mpp_y_inst (work@dsce_mpp /workspace/dsc-cix/dsc_cix_20260723/verilog_dsc/dsce_predict.sv:156:)
work@dsc_encoder.dsce_engine_inst.gen_slice[0].dsce_slice_inst.dsce_predict_inst.dsce_mpp_co_inst (work@dsce_mpp /workspace/dsc-cix/dsc_cix_20260723/verilog_dsc/dsce_predict.sv:181:)
work@dsc_encoder.dsce_engine_inst.gen_slice[0].dsce_slice_inst.dsce_predict_inst.dsce_mpp_cg_inst (work@dsce_mpp /workspace/dsc-cix/dsc_cix_20260723/verilog_dsc/dsce_predict.sv:206:)
work@dsc_encoder.dsce_engine_inst.gen_slice[0].dsce_slice_inst.dsce_predict_inst.dsce_mmap_y_inst (work@dsce_mmap /workspace/dsc-cix/dsc_cix_20260723/verilog_dsc/dsce_predict.sv:231:)
work@dsc_encoder.dsce_engine_inst.gen_slice[0].dsce_slice_inst.dsce_predict_inst.dsce_mmap_co_inst (work@dsce_mmap /workspace/dsc-cix/dsc_cix_20260723/verilog_dsc/dsce_predict.sv:256:)
work@dsc_encoder.dsce_engine_inst.gen_slice[0].dsce_slice_inst.dsce_predict_inst.dsce_mmap_cg_inst (work@dsce_mmap /workspace/dsc-cix/dsc_cix_20260723/verilog_dsc/dsce_predict.sv:281:)
work@dsc_encoder.dsce_engine_inst.gen_slice[0].dsce_slice_inst.dsce_predict_inst.gen_bp ( /workspace/dsc-cix/dsc_cix_20260723/verilog_dsc/dsce_predict.sv:309:)
work@dsc_encoder.dsce_engine_inst.gen_slice[0].dsce_slice_inst.dsce_predict_inst.gen_bp.dsce_bpvector_inst (work@dsce_bpvector /workspace/dsc-cix/dsc_cix_20260723/verilog_dsc/dsce_predict.sv:310:)
work@dsc_encoder.dsce_engine_inst.gen_slice[0].dsce_slice_inst.dsce_predict_inst.gen_bp.dsce_bpvector_inst.dsce_sad_m1_inst (work@dsce_sad /workspace/dsc-cix/dsc_cix_20260723/verilog_dsc/dsce_bpvector.sv:238:)
work@dsc_encoder.dsce_engine_inst.gen_slice[0].dsce_slice_inst.dsce_predict_inst.gen_bp.dsce_bpvector_inst.dsce_sad_m1_inst.gen_component_mad[0] ( /workspace/dsc-cix/dsc_cix_20260723/verilog_dsc/dsce_sad.sv:84:)
work@dsc_encoder.dsce_engine_inst.gen_slice[0].dsce_slice_inst.dsce_predict_inst.gen_bp.dsce_bpvector_inst.dsce_sad_m1_inst.gen_component_mad[1] ( /workspace/dsc-cix/dsc_cix_20260723/verilog_dsc/dsce_sad.sv:84:)
work@dsc_encoder.dsce_engine_inst.gen_slice[0].dsce_slice_inst.dsce_predict_inst.gen_bp.dsce_bpvector_inst.dsce_sad_m1_inst.gen_component_mad[2] ( /workspace/dsc-cix/dsc_cix_20260723/verilog_dsc/dsce_sad.sv:84:)
work@dsc_encoder.dsce_engine_inst.gen_slice[0].dsce_slice_inst.dsce_predict_inst.gen_bp.dsce_bpvector_inst.dsce_sad_m1_inst.gen_component_mad[3] ( /workspace/dsc-cix/dsc_cix_20260723/verilog_dsc/dsce_sad.sv:84:)
work@dsc_encoder.dsce_engine_inst.gen_slice[0].dsce_slice_inst.dsce_predict_inst.gen_bp.dsce_bpvector_inst.dsce_sad_m1_inst.gen_component_mad[4] ( /workspace/dsc-cix/dsc_cix_20260723/verilog_dsc/dsce_sad.sv:84:)
work@dsc_encoder.dsce_engine_inst.gen_slice[0].dsce_slice_inst.dsce_predict_inst.gen_bp.dsce_bpvector_inst.dsce_sad_m1_inst.gen_component_mad[5] ( /workspace/dsc-cix/dsc_cix_20260723/verilog_dsc/dsce_sad.sv:84:)
work@dsc_encoder.dsce_engine_inst.gen_slice[0].dsce_slice_inst.dsce_predict_inst.gen_bp.dsce_bpvector_inst.dsce_sad_m1_inst.gen_component_mad[6] ( /workspace/dsc-cix/dsc_cix_20260723/verilog_dsc/dsce_sad.sv:84:)
work@dsc_encoder.dsce_engine_inst.gen_slice[0].dsce_slice_inst.dsce_predict_inst.gen_bp.dsce_bpvector_inst.dsce_sad_m1_inst.gen_component_mad[7] ( /workspace/dsc-cix/dsc_cix_20260723/verilog_dsc/dsce_sad.sv:84:)
work@dsc_encoder.dsce_engine_inst.gen_slice[0].dsce_slice_inst.dsce_predict_inst.gen_bp.dsce_bpvector_inst.dsce_sad_m1_inst.gen_component_mad[8] ( /workspace/dsc-cix/dsc_cix_20260723/verilog_dsc/dsce_sad.sv:84:)
work@dsc_encoder.dsce_engine_inst.gen_slice[0].dsce_slice_inst.dsce_predict_inst.gen_bp.dsce_bpvector_inst.gen_sad_array[1] ( /workspace/dsc-cix/dsc_cix_20260723/verilog_dsc/dsce_bpvector.sv:252:)
work@dsc_encoder.dsce_engine_inst.gen_slice[0].dsce_slice_inst.dsce_predict_inst.gen_bp.dsce_bpvector_inst.gen_sad_array[1].dsce_sad_array_inst (work@dsce_sad /workspace/dsc-cix/dsc_cix_20260723/verilog_dsc/dsce_bpvector.sv:253:)
work@dsc_encoder.dsce_engine_inst.gen_slice[0].dsce_slice_inst.dsce_predict_inst.gen_bp.dsce_bpvector_inst.gen_sad_array[1].dsce_sad_array_inst.gen_component_mad[0] ( /workspace/dsc-cix/dsc_cix_20260723/verilog_dsc/dsce_sad.sv:84:)
work@dsc_encoder.dsce_engine_inst.gen_slice[0].dsce_slice_inst.dsce_predict_inst.gen_bp.dsce_bpvector_inst.gen_sad_array[1].dsce_sad_array_inst.gen_component_mad[1] ( /workspace/dsc-cix/dsc_cix_20260723/verilog_dsc/dsce_sad.sv:84:)
work@dsc_encoder.dsce_engine_inst.gen_slice[0].dsce_slice_inst.dsce_predict_inst.gen_bp.dsce_bpvector_inst.gen_sad_array[1].dsce_sad_array_inst.gen_component_mad[2] ( /workspace/dsc-cix/dsc_cix_20260723/verilog_dsc/dsce_sad.sv:84:)
work@dsc_encoder.dsce_engine_inst.gen_slice[0].dsce_slice_inst.dsce_predict_inst.gen_bp.dsce_bpvector_inst.gen_sad_array[1].dsce_sad_array_inst.gen_component_mad[3] ( /workspace/dsc-cix/dsc_cix_20260723/verilog_dsc/dsce_sad.sv:84:)
work@dsc_encoder.dsce_engine_inst.gen_slice[0].dsce_slice_inst.dsce_predict_inst.gen_bp.dsce_bpvector_inst.gen_sad_array[1].dsce_sad_array_inst.gen_component_mad[4] ( /workspace/dsc-cix/dsc_cix_20260723/verilog_dsc/dsce_sad.sv:84:)
work@dsc_encoder.dsce_engine_inst.gen_slice[0].dsce_slice_inst.dsce_predict_inst.gen_bp.dsce_bpvector_inst.gen_sad_array[1].dsce_sad_array_inst.gen_component_mad[5] ( /workspace/dsc-cix/dsc_cix_20260723/verilog_dsc/dsce_sad.sv:84:)
work@dsc_encoder.dsce_engine_inst.gen_slice[0].dsce_slice_inst.dsce_predict_inst.gen_bp.dsce_bpvector_inst.gen_sad_array[1].dsce_sad_array_inst.gen_component_mad[6] ( /workspace/dsc-cix/dsc_cix_20260723/verilog_dsc/dsce_sad.sv:84:)
work@dsc_encoder.dsce_engine_inst.gen_slice[0].dsce_slice_inst.dsce_predict_inst.gen_bp.dsce_bpvector_inst.gen_sad_array[1].dsce_sad_array_inst.gen_component_mad[7] ( /workspace/dsc-cix/dsc_cix_20260723/verilog_dsc/dsce_sad.sv:84:)
work@dsc_encoder.dsce_engine_inst.gen_slice[0].dsce_slice_inst.dsce_predict_inst.gen_bp.dsce_bpvector_inst.gen_sad_array[1].dsce_sad_array_inst.gen_component_mad[8] ( /workspace/dsc-cix/dsc_cix_20260723/verilog_dsc/dsce_sad.sv:84:)
work@dsc_encoder.dsce_engine_inst.gen_slice[0].dsce_slice_inst.dsce_predict_inst.gen_bp.dsce_bpvector_inst.gen_sad_array[2] ( /workspace/dsc-cix/dsc_cix_20260723/verilog_dsc/dsce_bpvector.sv:252:)
work@dsc_encoder.dsce_engine_inst.gen_slice[0].dsce_slice_inst.dsce_predict_inst.gen_bp.dsce_bpvector_inst.gen_sad_array[2].dsce_sad_array_inst (work@dsce_sad /workspace/dsc-cix/dsc_cix_20260723/verilog_dsc/dsce_bpvector.sv:253:)
work@dsc_encoder.dsce_engine_inst.gen_slice[0].dsce_slice_inst.dsce_predict_inst.gen_bp.dsce_bpvector_inst.gen_sad_array[2].dsce_sad_array_inst.gen_component_mad[0] ( /workspace/dsc-cix/dsc_cix_20260723/verilog_dsc/dsce_sad.sv:84:)
work@dsc_encoder.dsce_engine_inst.gen_slice[0].dsce_slice_inst.dsce_predict_inst.gen_bp.dsce_bpvector_inst.gen_sad_array[2].dsce_sad_array_inst.gen_component_mad[1] ( /workspace/dsc-cix/dsc_cix_20260723/verilog_dsc/dsce_sad.sv:84:)
work@dsc_encoder.dsce_engine_inst.gen_slice[0].dsce_slice_inst.dsce_predict_inst.gen_bp.dsce_bpvector_inst.gen_sad_array[2].dsce_sad_array_inst.gen_component_mad[2] ( /workspace/dsc-cix/dsc_cix_20260723/verilog_dsc/dsce_sad.sv:84:)
work@dsc_encoder.dsce_engine_inst.gen_slice[0].dsce_slice_inst.dsce_predict_inst.gen_bp.dsce_bpvector_inst.gen_sad_array[2].dsce_sad_array_inst.gen_component_mad[3] ( /workspace/dsc-cix/dsc_cix_20260723/verilog_dsc/dsce_sad.sv:84:)
work@dsc_encoder.dsce_engine_inst.gen_slice[0].dsce_slice_inst.dsce_predict_inst.gen_bp.dsce_bpvector_inst.gen_sad_array[2].dsce_sad_array_inst.gen_component_mad[4] ( /workspace/dsc-cix/dsc_cix_20260723/verilog_dsc/dsce_sad.sv:84:)
work@dsc_encoder.dsce_engine_inst.gen_slice[0].dsce_slice_inst.dsce_predict_inst.gen_bp.dsce_bpvector_inst.gen_sad_array[2].dsce_sad_array_inst.gen_component_mad[5] ( /workspace/dsc-cix/dsc_cix_20260723/verilog_dsc/dsce_sad.sv:84:)
work@dsc_encoder.dsce_engine_inst.gen_slice[0].dsce_slice_inst.dsce_predict_inst.gen_bp.dsce_bpvector_inst.gen_sad_array[2].dsce_sad_array_inst.gen_component_mad[6] ( /workspace/dsc-cix/dsc_cix_20260723/verilog_dsc/dsce_sad.sv:84:)
work@dsc_encoder.dsce_engine_inst.gen_slice[0].dsce_slice_inst.dsce_predict_inst.gen_bp.dsce_bpvector_inst.gen_sad_array[2].dsce_sad_array_inst.gen_component_mad[7] ( /workspace/dsc-cix/dsc_cix_20260723/verilog_dsc/dsce_sad.sv:84:)
work@dsc_encoder.dsce_engine_inst.gen_slice[0].dsce_slice_inst.dsce_predict_inst.gen_bp.dsce_bpvector_inst.gen_sad_array[2].dsce_sad_array_inst.gen_component_mad[8] ( /workspace/dsc-cix/dsc_cix_20260723/verilog_dsc/dsce_sad.sv:84:)
work@dsc_encoder.dsce_engine_inst.gen_slice[0].dsce_slice_inst.dsce_predict_inst.gen_bp.dsce_bpvector_inst.gen_sad_array[3] ( /workspace/dsc-cix/dsc_cix_20260723/verilog_dsc/dsce_bpvector.sv:252:)
work@dsc_encoder.dsce_engine_inst.gen_slice[0].dsce_slice_inst.dsce_predict_inst.gen_bp.dsce_bpvector_inst.gen_sad_array[3].dsce_sad_array_inst (work@dsce_sad /workspace/dsc-cix/dsc_cix_20260723/verilog_dsc/dsce_bpvector.sv:253:)
work@dsc_encoder.dsce_engine_inst.gen_slice[0].dsce_slice_inst.dsce_predict_inst.gen_bp.dsce_bpvector_inst.gen_sad_array[3].dsce_sad_array_inst.gen_component_mad[0] ( /workspace/dsc-cix/dsc_cix_20260723/verilog_dsc/dsce_sad.sv:84:)
work@dsc_encoder.dsce_engine_inst.gen_slice[0].dsce_slice_inst.dsce_predict_inst.gen_bp.dsce_bpvector_inst.gen_sad_array[3].dsce_sad_array_inst.gen_component_mad[1] ( /workspace/dsc-cix/dsc_cix_20260723/verilog_dsc/dsce_sad.sv:84:)
work@dsc_encoder.dsce_engine_inst.gen_slice[0].dsce_slice_inst.dsce_predict_inst.gen_bp.dsce_bpvector_inst.gen_sad_array[3].dsce_sad_array_inst.gen_component_mad[2] ( /workspace/dsc-cix/dsc_cix_20260723/verilog_dsc/dsce_sad.sv:84:)
work@dsc_encoder.dsce_engine_inst.gen_slice[0].dsce_slice_inst.dsce_predict_inst.gen_bp.dsce_bpvector_inst.gen_sad_array[3].dsce_sad_array_inst.gen_component_mad[3] ( /workspace/dsc-cix/dsc_cix_20260723/verilog_dsc/dsce_sad.sv:84:)
work@dsc_encoder.dsce_engine_inst.gen_slice[0].dsce_slice_inst.dsce_predict_inst.gen_bp.dsce_bpvector_inst.gen_sad_array[3].dsce_sad_array_inst.gen_component_mad[4] ( /workspace/dsc-cix/dsc_cix_20260723/verilog_dsc/dsce_sad.sv:84:)
work@dsc_encoder.dsce_engine_inst.gen_slice[0].dsce_slice_inst.dsce_predict_inst.gen_bp.dsce_bpvector_inst.gen_sad_array[3].dsce_sad_array_inst.gen_component_mad[5] ( /workspace/dsc-cix/dsc_cix_20260723/verilog_dsc/dsce_sad.sv:84:)
work@dsc_encoder.dsce_engine_inst.gen_slice[0].dsce_slice_inst.dsce_predict_inst.gen_bp.dsce_bpvector_inst.gen_sad_array[3].dsce_sad_array_inst.gen_component_mad[6] ( /workspace/dsc-cix/dsc_cix_20260723/verilog_dsc/dsce_sad.sv:84:)
work@dsc_encoder.dsce_engine_inst.gen_slice[0].dsce_slice_inst.dsce_predict_inst.gen_bp.dsce_bpvector_inst.gen_sad_array[3].dsce_sad_array_inst.gen_component_mad[7] ( /workspace/dsc-cix/dsc_cix_20260723/verilog_dsc/dsce_sad.sv:84:)
work@dsc_encoder.dsce_engine_inst.gen_slice[0].dsce_slice_inst.dsce_predict_inst.gen_bp.dsce_bpvector_inst.gen_sad_array[3].dsce_sad_array_inst.gen_component_mad[8] ( /workspace/dsc-cix/dsc_cix_20260723/verilog_dsc/dsce_sad.sv:84:)
work@dsc_encoder.dsce_engine_inst.gen_slice[0].dsce_slice_inst.dsce_predict_inst.gen_bp.dsce_bpvector_inst.gen_sad_array[4] ( /workspace/dsc-cix/dsc_cix_20260723/verilog_dsc/dsce_bpvector.sv:252:)
work@dsc_encoder.dsce_engine_inst.gen_slice[0].dsce_slice_inst.dsce_predict_inst.gen_bp.dsce_bpvector_inst.gen_sad_array[4].dsce_sad_array_inst (work@dsce_sad /workspace/dsc-cix/dsc_cix_20260723/verilog_dsc/dsce_bpvector.sv:253:)
work@dsc_encoder.dsce_engine_inst.gen_slice[0].dsce_slice_inst.dsce_predict_inst.gen_bp.dsce_bpvector_inst.gen_sad_array[4].dsce_sad_array_inst.gen_component_mad[0] ( /workspace/dsc-cix/dsc_cix_20260723/verilog_dsc/dsce_sad.sv:84:)
work@dsc_encoder.dsce_engine_inst.gen_slice[0].dsce_slice_inst.dsce_predict_inst.gen_bp.dsce_bpvector_inst.gen_sad_array[4].dsce_sad_array_inst.gen_component_mad[1] ( /workspace/dsc-cix/dsc_cix_20260723/verilog_dsc/dsce_sad.sv:84:)
work@dsc_encoder.dsce_engine_inst.gen_slice[0].dsce_slice_inst.dsce_predict_inst.gen_bp.dsce_bpvector_inst.gen_sad_array[4].dsce_sad_array_inst.gen_component_mad[2] ( /workspace/dsc-cix/dsc_cix_20260723/verilog_dsc/dsce_sad.sv:84:)
work@dsc_encoder.dsce_engine_inst.gen_slice[0].dsce_slice_inst.dsce_predict_inst.gen_bp.dsce_bpvector_inst.gen_sad_array[4].dsce_sad_array_inst.gen_component_mad[3] ( /workspace/dsc-cix/dsc_cix_20260723/verilog_dsc/dsce_sad.sv:84:)
work@dsc_encoder.dsce_engine_inst.gen_slice[0].dsce_slice_inst.dsce_predict_inst.gen_bp.dsce_bpvector_inst.gen_sad_array[4].dsce_sad_array_inst.gen_component_mad[4] ( /workspace/dsc-cix/dsc_cix_20260723/verilog_dsc/dsce_sad.sv:84:)
work@dsc_encoder.dsce_engine_inst.gen_slice[0].dsce_slice_inst.dsce_predict_inst.gen_bp.dsce_bpvector_inst.gen_sad_array[4].dsce_sad_array_inst.gen_component_mad[5] ( /workspace/dsc-cix/dsc_cix_20260723/verilog_dsc/dsce_sad.sv:84:)
work@dsc_encoder.dsce_engine_inst.gen_slice[0].dsce_slice_inst.dsce_predict_inst.gen_bp.dsce_bpvector_inst.gen_sad_array[4].dsce_sad_array_inst.gen_component_mad[6] ( /workspace/dsc-cix/dsc_cix_20260723/verilog_dsc/dsce_sad.sv:84:)
work@dsc_encoder.dsce_engine_inst.gen_slice[0].dsce_slice_inst.dsce_predict_inst.gen_bp.dsce_bpvector_inst.gen_sad_array[4].dsce_sad_array_inst.gen_component_mad[7] ( /workspace/dsc-cix/dsc_cix_20260723/verilog_dsc/dsce_sad.sv:84:)
work@dsc_encoder.dsce_engine_inst.gen_slice[0].dsce_slice_inst.dsce_predict_inst.gen_bp.dsce_bpvector_inst.gen_sad_array[4].dsce_sad_array_inst.gen_component_mad[8] ( /workspace/dsc-cix/dsc_cix_20260723/verilog_dsc/dsce_sad.sv:84:)
work@dsc_encoder.dsce_engine_inst.gen_slice[0].dsce_slice_inst.dsce_predict_inst.gen_bp.dsce_bpvector_inst.gen_sad_array[5] ( /workspace/dsc-cix/dsc_cix_20260723/verilog_dsc/dsce_bpvector.sv:252:)
work@dsc_encoder.dsce_engine_inst.gen_slice[0].dsce_slice_inst.dsce_predict_inst.gen_bp.dsce_bpvector_inst.gen_sad_array[5].dsce_sad_array_inst (work@dsce_sad /workspace/dsc-cix/dsc_cix_20260723/verilog_dsc/dsce_bpvector.sv:253:)
work@dsc_encoder.dsce_engine_inst.gen_slice[0].dsce_slice_inst.dsce_predict_inst.gen_bp.dsce_bpvector_inst.gen_sad_array[5].dsce_sad_array_inst.gen_component_mad[0] ( /workspace/dsc-cix/dsc_cix_20260723/verilog_dsc/dsce_sad.sv:84:)
work@dsc_encoder.dsce_engine_inst.gen_slice[0].dsce_slice_inst.dsce_predict_inst.gen_bp.dsce_bpvector_inst.gen_sad_array[5].dsce_sad_array_inst.gen_component_mad[1] ( /workspace/dsc-cix/dsc_cix_20260723/verilog_dsc/dsce_sad.sv:84:)
work@dsc_encoder.dsce_engine_inst.gen_slice[0].dsce_slice_inst.dsce_predict_inst.gen_bp.dsce_bpvector_inst.gen_sad_array[5].dsce_sad_array_inst.gen_component_mad[2] ( /workspace/dsc-cix/dsc_cix_20260723/verilog_dsc/dsce_sad.sv:84:)
work@dsc_encoder.dsce_engine_inst.gen_slice[0].dsce_slice_inst.dsce_predict_inst.gen_bp.dsce_bpvector_inst.gen_sad_array[5].dsce_sad_array_inst.gen_component_mad[3] ( /workspace/dsc-cix/dsc_cix_20260723/verilog_dsc/dsce_sad.sv:84:)
work@dsc_encoder.dsce_engine_inst.gen_slice[0].dsce_slice_inst.dsce_predict_inst.gen_bp.dsce_bpvector_inst.gen_sad_array[5].dsce_sad_array_inst.gen_component_mad[4] ( /workspace/dsc-cix/dsc_cix_20260723/verilog_dsc/dsce_sad.sv:84:)
work@dsc_encoder.dsce_engine_inst.gen_slice[0].dsce_slice_inst.dsce_predict_inst.gen_bp.dsce_bpvector_inst.gen_sad_array[5].dsce_sad_array_inst.gen_component_mad[5] ( /workspace/dsc-cix/dsc_cix_20260723/verilog_dsc/dsce_sad.sv:84:)
work@dsc_encoder.dsce_engine_inst.gen_slice[0].dsce_slice_inst.dsce_predict_inst.gen_bp.dsce_bpvector_inst.gen_sad_array[5].dsce_sad_array_inst.gen_component_mad[6] ( /workspace/dsc-cix/dsc_cix_20260723/verilog_dsc/dsce_sad.sv:84:)
work@dsc_encoder.dsce_engine_inst.gen_slice[0].dsce_slice_inst.dsce_predict_inst.gen_bp.dsce_bpvector_inst.gen_sad_array[5].dsce_sad_array_inst.gen_component_mad[7] ( /workspace/dsc-cix/dsc_cix_20260723/verilog_dsc/dsce_sad.sv:84:)
work@dsc_encoder.dsce_engine_inst.gen_slice[0].dsce_slice_inst.dsce_predict_inst.gen_bp.dsce_bpvector_inst.gen_sad_array[5].dsce_sad_array_inst.gen_component_mad[8] ( /workspace/dsc-cix/dsc_cix_20260723/verilog_dsc/dsce_sad.sv:84:)
work@dsc_encoder.dsce_engine_inst.gen_slice[0].dsce_slice_inst.dsce_predict_inst.gen_bp.dsce_bpvector_inst.gen_sad_array[6] ( /workspace/dsc-cix/dsc_cix_20260723/verilog_dsc/dsce_bpvector.sv:252:)
work@dsc_encoder.dsce_engine_inst.gen_slice[0].dsce_slice_inst.dsce_predict_inst.gen_bp.dsce_bpvector_inst.gen_sad_array[6].dsce_sad_array_inst (work@dsce_sad /workspace/dsc-cix/dsc_cix_20260723/verilog_dsc/dsce_bpvector.sv:253:)
work@dsc_encoder.dsce_engine_inst.gen_slice[0].dsce_slice_inst.dsce_predict_inst.gen_bp.dsce_bpvector_inst.gen_sad_array[6].dsce_sad_array_inst.gen_component_mad[0] ( /workspace/dsc-cix/dsc_cix_20260723/verilog_dsc/dsce_sad.sv:84:)
work@dsc_encoder.dsce_engine_inst.gen_slice[0].dsce_slice_inst.dsce_predict_inst.gen_bp.dsce_bpvector_inst.gen_sad_array[6].dsce_sad_array_inst.gen_component_mad[1] ( /workspace/dsc-cix/dsc_cix_20260723/verilog_dsc/dsce_sad.sv:84:)
work@dsc_encoder.dsce_engine_inst.gen_slice[0].dsce_slice_inst.dsce_predict_inst.gen_bp.dsce_bpvector_inst.gen_sad_array[6].dsce_sad_array_inst.gen_component_mad[2] ( /workspace/dsc-cix/dsc_cix_20260723/verilog_dsc/dsce_sad.sv:84:)
work@dsc_encoder.dsce_engine_inst.gen_slice[0].dsce_slice_inst.dsce_predict_inst.gen_bp.dsce_bpvector_inst.gen_sad_array[6].dsce_sad_array_inst.gen_component_mad[3] ( /workspace/dsc-cix/dsc_cix_20260723/verilog_dsc/dsce_sad.sv:84:)
work@dsc_encoder.dsce_engine_inst.gen_slice[0].dsce_slice_inst.dsce_predict_inst.gen_bp.dsce_bpvector_inst.gen_sad_array[6].dsce_sad_array_inst.gen_component_mad[4] ( /workspace/dsc-cix/dsc_cix_20260723/verilog_dsc/dsce_sad.sv:84:)
work@dsc_encoder.dsce_engine_inst.gen_slice[0].dsce_slice_inst.dsce_predict_inst.gen_bp.dsce_bpvector_inst.gen_sad_array[6].dsce_sad_array_inst.gen_component_mad[5] ( /workspace/dsc-cix/dsc_cix_20260723/verilog_dsc/dsce_sad.sv:84:)
work@dsc_encoder.dsce_engine_inst.gen_slice[0].dsce_slice_inst.dsce_predict_inst.gen_bp.dsce_bpvector_inst.gen_sad_array[6].dsce_sad_array_inst.gen_component_mad[6] ( /workspace/dsc-cix/dsc_cix_20260723/verilog_dsc/dsce_sad.sv:84:)
work@dsc_encoder.dsce_engine_inst.gen_slice[0].dsce_slice_inst.dsce_predict_inst.gen_bp.dsce_bpvector_inst.gen_sad_array[6].dsce_sad_array_inst.gen_component_mad[7] ( /workspace/dsc-cix/dsc_cix_20260723/verilog_dsc/dsce_sad.sv:84:)
work@dsc_encoder.dsce_engine_inst.gen_slice[0].dsce_slice_inst.dsce_predict_inst.gen_bp.dsce_bpvector_inst.gen_sad_array[6].dsce_sad_array_inst.gen_component_mad[8] ( /workspace/dsc-cix/dsc_cix_20260723/verilog_dsc/dsce_sad.sv:84:)
work@dsc_encoder.dsce_engine_inst.gen_slice[0].dsce_slice_inst.dsce_predict_inst.gen_bp.dsce_bpvector_inst.gen_sad_array[7] ( /workspace/dsc-cix/dsc_cix_20260723/verilog_dsc/dsce_bpvector.sv:252:)
work@dsc_encoder.dsce_engine_inst.gen_slice[0].dsce_slice_inst.dsce_predict_inst.gen_bp.dsce_bpvector_inst.gen_sad_array[7].dsce_sad_array_inst (work@dsce_sad /workspace/dsc-cix/dsc_cix_20260723/verilog_dsc/dsce_bpvector.sv:253:)
work@dsc_encoder.dsce_engine_inst.gen_slice[0].dsce_slice_inst.dsce_predict_inst.gen_bp.dsce_bpvector_inst.gen_sad_array[7].dsce_sad_array_inst.gen_component_mad[0] ( /workspace/dsc-cix/dsc_cix_20260723/verilog_dsc/dsce_sad.sv:84:)
work@dsc_encoder.dsce_engine_inst.gen_slice[0].dsce_slice_inst.dsce_predict_inst.gen_bp.dsce_bpvector_inst.gen_sad_array[7].dsce_sad_array_inst.gen_component_mad[1] ( /workspace/dsc-cix/dsc_cix_20260723/verilog_dsc/dsce_sad.sv:84:)
work@dsc_encoder.dsce_engine_inst.gen_slice[0].dsce_slice_inst.dsce_predict_inst.gen_bp.dsce_bpvector_inst.gen_sad_array[7].dsce_sad_array_inst.gen_component_mad[2] ( /workspace/dsc-cix/dsc_cix_20260723/verilog_dsc/dsce_sad.sv:84:)
work@dsc_encoder.dsce_engine_inst.gen_slice[0].dsce_slice_inst.dsce_predict_inst.gen_bp.dsce_bpvector_inst.gen_sad_array[7].dsce_sad_array_inst.gen_component_mad[3] ( /workspace/dsc-cix/dsc_cix_20260723/verilog_dsc/dsce_sad.sv:84:)
work@dsc_encoder.dsce_engine_inst.gen_slice[0].dsce_slice_inst.dsce_predict_inst.gen_bp.dsce_bpvector_inst.gen_sad_array[7].dsce_sad_array_inst.gen_component_mad[4] ( /workspace/dsc-cix/dsc_cix_20260723/verilog_dsc/dsce_sad.sv:84:)
work@dsc_encoder.dsce_engine_inst.gen_slice[0].dsce_slice_inst.dsce_predict_inst.gen_bp.dsce_bpvector_inst.gen_sad_array[7].dsce_sad_array_inst.gen_component_mad[5] ( /workspace/dsc-cix/dsc_cix_20260723/verilog_dsc/dsce_sad.sv:84:)
work@dsc_encoder.dsce_engine_inst.gen_slice[0].dsce_slice_inst.dsce_predict_inst.gen_bp.dsce_bpvector_inst.gen_sad_array[7].dsce_sad_array_inst.gen_component_mad[6] ( /workspace/dsc-cix/dsc_cix_20260723/verilog_dsc/dsce_sad.sv:84:)
work@dsc_encoder.dsce_engine_inst.gen_slice[0].dsce_slice_inst.dsce_predict_inst.gen_bp.dsce_bpvector_inst.gen_sad_array[7].dsce_sad_array_inst.gen_component_mad[7] ( /workspace/dsc-cix/dsc_cix_20260723/verilog_dsc/dsce_sad.sv:84:)
work@dsc_encoder.dsce_engine_inst.gen_slice[0].dsce_slice_inst.dsce_predict_inst.gen_bp.dsce_bpvector_inst.gen_sad_array[7].dsce_sad_array_inst.gen_component_mad[8] ( /workspace/dsc-cix/dsc_cix_20260723/verilog_dsc/dsce_sad.sv:84:)
work@dsc_encoder.dsce_engine_inst.gen_slice[0].dsce_slice_inst.dsce_predict_inst.gen_bp.dsce_bpvector_inst.gen_sad_array[8] ( /workspace/dsc-cix/dsc_cix_20260723/verilog_dsc/dsce_bpvector.sv:252:)
work@dsc_encoder.dsce_engine_inst.gen_slice[0].dsce_slice_inst.dsce_predict_inst.gen_bp.dsce_bpvector_inst.gen_sad_array[8].dsce_sad_array_inst (work@dsce_sad /workspace/dsc-cix/dsc_cix_20260723/verilog_dsc/dsce_bpvector.sv:253:)
work@dsc_encoder.dsce_engine_inst.gen_slice[0].dsce_slice_inst.dsce_predict_inst.gen_bp.dsce_bpvector_inst.gen_sad_array[8].dsce_sad_array_inst.gen_component_mad[0] ( /workspace/dsc-cix/dsc_cix_20260723/verilog_dsc/dsce_sad.sv:84:)
work@dsc_encoder.dsce_engine_inst.gen_slice[0].dsce_slice_inst.dsce_predict_inst.gen_bp.dsce_bpvector_inst.gen_sad_array[8].dsce_sad_array_inst.gen_component_mad[1] ( /workspace/dsc-cix/dsc_cix_20260723/verilog_dsc/dsce_sad.sv:84:)
work@dsc_encoder.dsce_engine_inst.gen_slice[0].dsce_slice_inst.dsce_predict_inst.gen_bp.dsce_bpvector_inst.gen_sad_array[8].dsce_sad_array_inst.gen_component_mad[2] ( /workspace/dsc-cix/dsc_cix_20260723/verilog_dsc/dsce_sad.sv:84:)
work@dsc_encoder.dsce_engine_inst.gen_slice[0].dsce_slice_inst.dsce_predict_inst.gen_bp.dsce_bpvector_inst.gen_sad_array[8].dsce_sad_array_inst.gen_component_mad[3] ( /workspace/dsc-cix/dsc_cix_20260723/verilog_dsc/dsce_sad.sv:84:)
work@dsc_encoder.dsce_engine_inst.gen_slice[0].dsce_slice_inst.dsce_predict_inst.gen_bp.dsce_bpvector_inst.gen_sad_array[8].dsce_sad_array_inst.gen_component_mad[4] ( /workspace/dsc-cix/dsc_cix_20260723/verilog_dsc/dsce_sad.sv:84:)
work@dsc_encoder.dsce_engine_inst.gen_slice[0].dsce_slice_inst.dsce_predict_inst.gen_bp.dsce_bpvector_inst.gen_sad_array[8].dsce_sad_array_inst.gen_component_mad[5] ( /workspace/dsc-cix/dsc_cix_20260723/verilog_dsc/dsce_sad.sv:84:)
work@dsc_encoder.dsce_engine_inst.gen_slice[0].dsce_slice_inst.dsce_predict_inst.gen_bp.dsce_bpvector_inst.gen_sad_array[8].dsce_sad_array_inst.gen_component_mad[6] ( /workspace/dsc-cix/dsc_cix_20260723/verilog_dsc/dsce_sad.sv:84:)
work@dsc_encoder.dsce_engine_inst.gen_slice[0].dsce_slice_inst.dsce_predict_inst.gen_bp.dsce_bpvector_inst.gen_sad_array[8].dsce_sad_array_inst.gen_component_mad[7] ( /workspace/dsc-cix/dsc_cix_20260723/verilog_dsc/dsce_sad.sv:84:)
work@dsc_encoder.dsce_engine_inst.gen_slice[0].dsce_slice_inst.dsce_predict_inst.gen_bp.dsce_bpvector_inst.gen_sad_array[8].dsce_sad_array_inst.gen_component_mad[8] ( /workspace/dsc-cix/dsc_cix_20260723/verilog_dsc/dsce_sad.sv:84:)
work@dsc_encoder.dsce_engine_inst.gen_slice[0].dsce_slice_inst.dsce_ich_inst (work@dsce_ich /workspace/dsc-cix/dsc_cix_20260723/verilog_dsc/dsce_slice.sv:272:)
work@dsc_encoder.dsce_engine_inst.gen_slice[0].dsce_slice_inst.dsce_ich_inst.dsce_ich_history_inst (work@dsce_ich_history /workspace/dsc-cix/dsc_cix_20260723/verilog_dsc/dsce_ich.sv:116:)
work@dsc_encoder.dsce_engine_inst.gen_slice[0].dsce_slice_inst.dsce_ich_inst.dsce_ich_candidate_inst (work@dsce_ich_candidate /workspace/dsc-cix/dsc_cix_20260723/verilog_dsc/dsce_ich.sv:144:)
work@dsc_encoder.dsce_engine_inst.gen_slice[0].dsce_slice_inst.dsce_ich_inst.dsce_ich_decision_inst (work@dsce_ich_decision /workspace/dsc-cix/dsc_cix_20260723/verilog_dsc/dsce_ich.sv:171:)
work@dsc_encoder.dsce_engine_inst.gen_slice[0].dsce_slice_inst.dsce_decision_inst (work@dsce_decision /workspace/dsc-cix/dsc_cix_20260723/verilog_dsc/dsce_slice.sv:313:)
work@dsc_encoder.dsce_engine_inst.gen_slice[0].dsce_slice_inst.dsce_linemem_inst (work@dsce_linemem /workspace/dsc-cix/dsc_cix_20260723/verilog_dsc/dsce_slice.sv:353:)
work@dsc_encoder.dsce_engine_inst.gen_slice[0].dsce_slice_inst.dsce_linemem_inst.line_buffer_inst (work@dsce_linemem::gram_bist_1r1w /workspace/dsc-cix/dsc_cix_20260723/verilog_dsc/dsce_linemem.sv:802:)
work@dsc_encoder.dsce_engine_inst.gen_slice[0].dsce_slice_inst.dsce_rate_adjust_inst (work@dsce_rate_adjust /workspace/dsc-cix/dsc_cix_20260723/verilog_dsc/dsce_slice.sv:382:)
work@dsc_encoder.dsce_engine_inst.gen_slice[0].dsce_slice_inst.dsce_rate_inst (work@dsce_rate /workspace/dsc-cix/dsc_cix_20260723/verilog_dsc/dsce_slice.sv:405:)
work@dsc_encoder.dsce_engine_inst.gen_slice[0].dsce_slice_inst.dsce_qlevel_inst (work@dsce_qlevel /workspace/dsc-cix/dsc_cix_20260723/verilog_dsc/dsce_slice.sv:437:)
work@dsc_encoder.dsce_engine_inst.gen_slice[0].dsce_slice_inst.dsce_format_inst (work@dsce_format /workspace/dsc-cix/dsc_cix_20260723/verilog_dsc/dsce_slice.sv:462:)
work@dsc_encoder.dsce_engine_inst.gen_slice[0].dsce_slice_inst.dsce_format_inst.dsce_stream_builder_inst (work@dsce_stream_builder /workspace/dsc-cix/dsc_cix_20260723/verilog_dsc/dsce_format.sv:179:)
work@dsc_encoder.dsce_engine_inst.gen_slice[0].dsce_slice_inst.dsce_format_inst.dsce_stream_builder_inst.gen_buffers[0] ( /workspace/dsc-cix/dsc_cix_20260723/verilog_dsc/dsce_stream_builder.sv:242:)
work@dsc_encoder.dsce_engine_inst.gen_slice[0].dsce_slice_inst.dsce_format_inst.dsce_stream_builder_inst.gen_buffers[0].dsce_stream_fifo_inst (work@dsce_stream_fifo /workspace/dsc-cix/dsc_cix_20260723/verilog_dsc/dsce_stream_builder.sv:243:)
work@dsc_encoder.dsce_engine_inst.gen_slice[0].dsce_slice_inst.dsce_format_inst.dsce_stream_builder_inst.gen_buffers[1] ( /workspace/dsc-cix/dsc_cix_20260723/verilog_dsc/dsce_stream_builder.sv:242:)
work@dsc_encoder.dsce_engine_inst.gen_slice[0].dsce_slice_inst.dsce_format_inst.dsce_stream_builder_inst.gen_buffers[1].dsce_stream_fifo_inst (work@dsce_stream_fifo /workspace/dsc-cix/dsc_cix_20260723/verilog_dsc/dsce_stream_builder.sv:243:)
work@dsc_encoder.dsce_engine_inst.gen_slice[0].dsce_slice_inst.dsce_format_inst.dsce_stream_builder_inst.gen_buffers[2] ( /workspace/dsc-cix/dsc_cix_20260723/verilog_dsc/dsce_stream_builder.sv:242:)
work@dsc_encoder.dsce_engine_inst.gen_slice[0].dsce_slice_inst.dsce_format_inst.dsce_stream_builder_inst.gen_buffers[2].dsce_stream_fifo_inst (work@dsce_stream_fifo /workspace/dsc-cix/dsc_cix_20260723/verilog_dsc/dsce_stream_builder.sv:243:)
work@dsc_encoder.dsce_engine_inst.gen_slice[0].dsce_slice_inst.dsce_format_inst.dsce_format_buffer_inst (work@dsce_format_buffer /workspace/dsc-cix/dsc_cix_20260723/verilog_dsc/dsce_format.sv:204:)
work@dsc_encoder.dsce_engine_inst.gen_slice[0].dsce_slice_inst.dsce_format_inst.dsce_format_buffer_inst.sync_xmit_inst (work@dsce_format_buffer::gprim_sync_stage /workspace/dsc-cix/dsc_cix_20260723/verilog_dsc/dsce_format_buffer.sv:272:)
work@dsc_encoder.dsce_engine_inst.gen_slice[0].dsce_slice_inst.dsce_format_inst.dsce_format_buffer_inst.sync_frame_inst (work@dsce_format_buffer::gprim_sync2_stage /workspace/dsc-cix/dsc_cix_20260723/verilog_dsc/dsce_format_buffer.sv:273:)
work@dsc_encoder.dsce_engine_inst.gen_slice[0].dsce_slice_inst.dsce_format_inst.dsce_format_buffer_inst.format_buffer_inst (work@dsce_format_buffer::gram_bist_1r1w /workspace/dsc-cix/dsc_cix_20260723/verilog_dsc/dsce_format_buffer.sv:276:)
work@dsc_encoder.dsce_engine_inst.gen_slice[0].dsce_slice_inst.dsce_format_inst.dsce_format_buffer_inst.gen_waddr[0] ( /workspace/dsc-cix/dsc_cix_20260723/verilog_dsc/dsce_format_buffer.sv:269:)
work@dsc_encoder.dsce_engine_inst.gen_slice[0].dsce_slice_inst.dsce_format_inst.dsce_format_buffer_inst.gen_waddr[0].sync_waddr_inst (work@dsc_encoder.dsce_engine_inst.gen_slice[0].dsce_slice_inst.dsce_format_inst.dsce_format_buffer_inst.gen_waddr[0]::gprim_sync_stage /workspace/dsc-cix/dsc_cix_20260723/verilog_dsc/dsce_format_buffer.sv:270:)
work@dsc_encoder.dsce_engine_inst.gen_slice[0].dsce_slice_inst.dsce_format_inst.dsce_format_buffer_inst.gen_waddr[1] ( /workspace/dsc-cix/dsc_cix_20260723/verilog_dsc/dsce_format_buffer.sv:269:)
work@dsc_encoder.dsce_engine_inst.gen_slice[0].dsce_slice_inst.dsce_format_inst.dsce_format_buffer_inst.gen_waddr[1].sync_waddr_inst (work@dsc_encoder.dsce_engine_inst.gen_slice[0].dsce_slice_inst.dsce_format_inst.dsce_format_buffer_inst.gen_waddr[1]::gprim_sync_stage /workspace/dsc-cix/dsc_cix_20260723/verilog_dsc/dsce_format_buffer.sv:270:)
work@dsc_encoder.dsce_engine_inst.gen_slice[0].dsce_slice_inst.dsce_format_inst.dsce_format_buffer_inst.gen_waddr[2] ( /workspace/dsc-cix/dsc_cix_20260723/verilog_dsc/dsce_format_buffer.sv:269:)
work@dsc_encoder.dsce_engine_inst.gen_slice[0].dsce_slice_inst.dsce_format_inst.dsce_format_buffer_inst.gen_waddr[2].sync_waddr_inst (work@dsc_encoder.dsce_engine_inst.gen_slice[0].dsce_slice_inst.dsce_format_inst.dsce_format_buffer_inst.gen_waddr[2]::gprim_sync_stage /workspace/dsc-cix/dsc_cix_20260723/verilog_dsc/dsce_format_buffer.sv:270:)
work@dsc_encoder.dsce_engine_inst.gen_slice[0].dsce_slice_inst.dsce_format_inst.dsce_format_buffer_inst.gen_waddr[3] ( /workspace/dsc-cix/dsc_cix_20260723/verilog_dsc/dsce_format_buffer.sv:269:)
work@dsc_encoder.dsce_engine_inst.gen_slice[0].dsce_slice_inst.dsce_format_inst.dsce_format_buffer_inst.gen_waddr[3].sync_waddr_inst (work@dsc_encoder.dsce_engine_inst.gen_slice[0].dsce_slice_inst.dsce_format_inst.dsce_format_buffer_inst.gen_waddr[3]::gprim_sync_stage /workspace/dsc-cix/dsc_cix_20260723/verilog_dsc/dsce_format_buffer.sv:270:)
work@dsc_encoder.dsce_engine_inst.gen_slice[0].dsce_slice_inst.dsce_format_inst.dsce_format_buffer_inst.gen_waddr[4] ( /workspace/dsc-cix/dsc_cix_20260723/verilog_dsc/dsce_format_buffer.sv:269:)
work@dsc_encoder.dsce_engine_inst.gen_slice[0].dsce_slice_inst.dsce_format_inst.dsce_format_buffer_inst.gen_waddr[4].sync_waddr_inst (work@dsc_encoder.dsce_engine_inst.gen_slice[0].dsce_slice_inst.dsce_format_inst.dsce_format_buffer_inst.gen_waddr[4]::gprim_sync_stage /workspace/dsc-cix/dsc_cix_20260723/verilog_dsc/dsce_format_buffer.sv:270:)
work@dsc_encoder.dsce_engine_inst.gen_slice[0].dsce_slice_inst.dsce_format_inst.dsce_format_buffer_inst.gen_waddr[5] ( /workspace/dsc-cix/dsc_cix_20260723/verilog_dsc/dsce_format_buffer.sv:269:)
work@dsc_encoder.dsce_engine_inst.gen_slice[0].dsce_slice_inst.dsce_format_inst.dsce_format_buffer_inst.gen_waddr[5].sync_waddr_inst (work@dsc_encoder.dsce_engine_inst.gen_slice[0].dsce_slice_inst.dsce_format_inst.dsce_format_buffer_inst.gen_waddr[5]::gprim_sync_stage /workspace/dsc-cix/dsc_cix_20260723/verilog_dsc/dsce_format_buffer.sv:270:)
work@dsc_encoder.dsce_engine_inst.gen_slice[0].dsce_slice_inst.dsce_format_inst.dsce_format_buffer_inst.gen_waddr[6] ( /workspace/dsc-cix/dsc_cix_20260723/verilog_dsc/dsce_format_buffer.sv:269:)
work@dsc_encoder.dsce_engine_inst.gen_slice[0].dsce_slice_inst.dsce_format_inst.dsce_format_buffer_inst.gen_waddr[6].sync_waddr_inst (work@dsc_encoder.dsce_engine_inst.gen_slice[0].dsce_slice_inst.dsce_format_inst.dsce_format_buffer_inst.gen_waddr[6]::gprim_sync_stage /workspace/dsc-cix/dsc_cix_20260723/verilog_dsc/dsce_format_buffer.sv:270:)
work@dsc_encoder.dsce_engine_inst.gen_slice[0].dsce_slice_inst.dsce_format_inst.dsce_format_buffer_inst.gen_waddr[7] ( /workspace/dsc-cix/dsc_cix_20260723/verilog_dsc/dsce_format_buffer.sv:269:)
work@dsc_encoder.dsce_engine_inst.gen_slice[0].dsce_slice_inst.dsce_format_inst.dsce_format_buffer_inst.gen_waddr[7].sync_waddr_inst (work@dsc_encoder.dsce_engine_inst.gen_slice[0].dsce_slice_inst.dsce_format_inst.dsce_format_buffer_inst.gen_waddr[7]::gprim_sync_stage /workspace/dsc-cix/dsc_cix_20260723/verilog_dsc/dsce_format_buffer.sv:270:)
work@dsc_encoder.dsce_engine_inst.gen_slice[0].dsce_slice_inst.dsce_format_inst.gen_vlc[0] ( /workspace/dsc-cix/dsc_cix_20260723/verilog_dsc/dsce_format.sv:115:)
work@dsc_encoder.dsce_engine_inst.gen_slice[0].dsce_slice_inst.dsce_format_inst.gen_vlc[0].dsce_vlc_inst (work@dsce_vlc /workspace/dsc-cix/dsc_cix_20260723/verilog_dsc/dsce_format.sv:119:)
work@dsc_encoder.dsce_engine_inst.gen_slice[0].dsce_slice_inst.dsce_format_inst.gen_vlc[0].dsce_muxword_inst (work@dsce_muxword /workspace/dsc-cix/dsc_cix_20260723/verilog_dsc/dsce_format.sv:156:)
work@dsc_encoder.dsce_engine_inst.gen_slice[0].dsce_slice_inst.dsce_format_inst.gen_vlc[1] ( /workspace/dsc-cix/dsc_cix_20260723/verilog_dsc/dsce_format.sv:115:)
work@dsc_encoder.dsce_engine_inst.gen_slice[0].dsce_slice_inst.dsce_format_inst.gen_vlc[1].dsce_vlc_inst (work@dsce_vlc /workspace/dsc-cix/dsc_cix_20260723/verilog_dsc/dsce_format.sv:119:)
work@dsc_encoder.dsce_engine_inst.gen_slice[0].dsce_slice_inst.dsce_format_inst.gen_vlc[1].dsce_muxword_inst (work@dsce_muxword /workspace/dsc-cix/dsc_cix_20260723/verilog_dsc/dsce_format.sv:156:)
work@dsc_encoder.dsce_engine_inst.gen_slice[0].dsce_slice_inst.dsce_format_inst.gen_vlc[2] ( /workspace/dsc-cix/dsc_cix_20260723/verilog_dsc/dsce_format.sv:115:)
work@dsc_encoder.dsce_engine_inst.gen_slice[0].dsce_slice_inst.dsce_format_inst.gen_vlc[2].dsce_vlc_inst (work@dsce_vlc /workspace/dsc-cix/dsc_cix_20260723/verilog_dsc/dsce_format.sv:119:)
work@dsc_encoder.dsce_engine_inst.gen_slice[0].dsce_slice_inst.dsce_format_inst.gen_vlc[2].dsce_muxword_inst (work@dsce_muxword /workspace/dsc-cix/dsc_cix_20260723/verilog_dsc/dsce_format.sv:156:)
work@dsc_encoder.dsce_engine_inst.gen_slice[1] ( /workspace/dsc-cix/dsc_cix_20260723/verilog_dsc/dsce_engine.sv:174:)
work@dsc_encoder.dsce_engine_inst.gen_slice[1].dsce_slice_inst (work@dsce_slice /workspace/dsc-cix/dsc_cix_20260723/verilog_dsc/dsce_engine.sv:175:)
work@dsc_encoder.dsce_engine_inst.gen_slice[1].dsce_slice_inst.dsce_convert_inst (work@dsce_convert /workspace/dsc-cix/dsc_cix_20260723/verilog_dsc/dsce_slice.sv:150:)
work@dsc_encoder.dsce_engine_inst.gen_slice[1].dsce_slice_inst.dsce_slice_buffer_inst (work@dsce_slice_buffer /workspace/dsc-cix/dsc_cix_20260723/verilog_dsc/dsce_slice.sv:171:)
work@dsc_encoder.dsce_engine_inst.gen_slice[1].dsce_slice_inst.dsce_slice_buffer_inst.input_buffer_inst (work@dsce_slice_buffer::gram_bist_1r1w /workspace/dsc-cix/dsc_cix_20260723/verilog_dsc/dsce_slice_buffer.sv:349:)
work@dsc_encoder.dsce_engine_inst.gen_slice[1].dsce_slice_inst.dsce_slice_buffer_inst.sync_wrdy_inst (work@dsce_slice_buffer::gprim_sync_stage /workspace/dsc-cix/dsc_cix_20260723/verilog_dsc/dsce_slice_buffer.sv:370:)
work@dsc_encoder.dsce_engine_inst.gen_slice[1].dsce_slice_inst.dsce_flatness_inst (work@dsce_flatness /workspace/dsc-cix/dsc_cix_20260723/verilog_dsc/dsce_slice.sv:208:)
work@dsc_encoder.dsce_engine_inst.gen_slice[1].dsce_slice_inst.dsce_flatness_inst.dsce_flat_check_inst (work@dsce_flat_check /workspace/dsc-cix/dsc_cix_20260723/verilog_dsc/dsce_flatness.sv:76:)
work@dsc_encoder.dsce_engine_inst.gen_slice[1].dsce_slice_inst.dsce_flatness_inst.dsce_flat_flags_inst (work@dsce_flat_flags /workspace/dsc-cix/dsc_cix_20260723/verilog_dsc/dsce_flatness.sv:95:)
work@dsc_encoder.dsce_engine_inst.gen_slice[1].dsce_slice_inst.dsce_predict_inst (work@dsce_predict /workspace/dsc-cix/dsc_cix_20260723/verilog_dsc/dsce_slice.sv:235:)
work@dsc_encoder.dsce_engine_inst.gen_slice[1].dsce_slice_inst.dsce_predict_inst.dsce_mpp_y_inst (work@dsce_mpp /workspace/dsc-cix/dsc_cix_20260723/verilog_dsc/dsce_predict.sv:156:)
work@dsc_encoder.dsce_engine_inst.gen_slice[1].dsce_slice_inst.dsce_predict_inst.dsce_mpp_co_inst (work@dsce_mpp /workspace/dsc-cix/dsc_cix_20260723/verilog_dsc/dsce_predict.sv:181:)
work@dsc_encoder.dsce_engine_inst.gen_slice[1].dsce_slice_inst.dsce_predict_inst.dsce_mpp_cg_inst (work@dsce_mpp /workspace/dsc-cix/dsc_cix_20260723/verilog_dsc/dsce_predict.sv:206:)
work@dsc_encoder.dsce_engine_inst.gen_slice[1].dsce_slice_inst.dsce_predict_inst.dsce_mmap_y_inst (work@dsce_mmap /workspace/dsc-cix/dsc_cix_20260723/verilog_dsc/dsce_predict.sv:231:)
work@dsc_encoder.dsce_engine_inst.gen_slice[1].dsce_slice_inst.dsce_predict_inst.dsce_mmap_co_inst (work@dsce_mmap /workspace/dsc-cix/dsc_cix_20260723/verilog_dsc/dsce_predict.sv:256:)
work@dsc_encoder.dsce_engine_inst.gen_slice[1].dsce_slice_inst.dsce_predict_inst.dsce_mmap_cg_inst (work@dsce_mmap /workspace/dsc-cix/dsc_cix_20260723/verilog_dsc/dsce_predict.sv:281:)
work@dsc_encoder.dsce_engine_inst.gen_slice[1].dsce_slice_inst.dsce_predict_inst.gen_bp ( /workspace/dsc-cix/dsc_cix_20260723/verilog_dsc/dsce_predict.sv:309:)
work@dsc_encoder.dsce_engine_inst.gen_slice[1].dsce_slice_inst.dsce_predict_inst.gen_bp.dsce_bpvector_inst (work@dsce_bpvector /workspace/dsc-cix/dsc_cix_20260723/verilog_dsc/dsce_predict.sv:310:)
work@dsc_encoder.dsce_engine_inst.gen_slice[1].dsce_slice_inst.dsce_predict_inst.gen_bp.dsce_bpvector_inst.dsce_sad_m1_inst (work@dsce_sad /workspace/dsc-cix/dsc_cix_20260723/verilog_dsc/dsce_bpvector.sv:238:)
work@dsc_encoder.dsce_engine_inst.gen_slice[1].dsce_slice_inst.dsce_predict_inst.gen_bp.dsce_bpvector_inst.dsce_sad_m1_inst.gen_component_mad[0] ( /workspace/dsc-cix/dsc_cix_20260723/verilog_dsc/dsce_sad.sv:84:)
work@dsc_encoder.dsce_engine_inst.gen_slice[1].dsce_slice_inst.dsce_predict_inst.gen_bp.dsce_bpvector_inst.dsce_sad_m1_inst.gen_component_mad[1] ( /workspace/dsc-cix/dsc_cix_20260723/verilog_dsc/dsce_sad.sv:84:)
work@dsc_encoder.dsce_engine_inst.gen_slice[1].dsce_slice_inst.dsce_predict_inst.gen_bp.dsce_bpvector_inst.dsce_sad_m1_inst.gen_component_mad[2] ( /workspace/dsc-cix/dsc_cix_20260723/verilog_dsc/dsce_sad.sv:84:)
work@dsc_encoder.dsce_engine_inst.gen_slice[1].dsce_slice_inst.dsce_predict_inst.gen_bp.dsce_bpvector_inst.dsce_sad_m1_inst.gen_component_mad[3] ( /workspace/dsc-cix/dsc_cix_20260723/verilog_dsc/dsce_sad.sv:84:)
work@dsc_encoder.dsce_engine_inst.gen_slice[1].dsce_slice_inst.dsce_predict_inst.gen_bp.dsce_bpvector_inst.dsce_sad_m1_inst.gen_component_mad[4] ( /workspace/dsc-cix/dsc_cix_20260723/verilog_dsc/dsce_sad.sv:84:)
work@dsc_encoder.dsce_engine_inst.gen_slice[1].dsce_slice_inst.dsce_predict_inst.gen_bp.dsce_bpvector_inst.dsce_sad_m1_inst.gen_component_mad[5] ( /workspace/dsc-cix/dsc_cix_20260723/verilog_dsc/dsce_sad.sv:84:)
work@dsc_encoder.dsce_engine_inst.gen_slice[1].dsce_slice_inst.dsce_predict_inst.gen_bp.dsce_bpvector_inst.dsce_sad_m1_inst.gen_component_mad[6] ( /workspace/dsc-cix/dsc_cix_20260723/verilog_dsc/dsce_sad.sv:84:)
work@dsc_encoder.dsce_engine_inst.gen_slice[1].dsce_slice_inst.dsce_predict_inst.gen_bp.dsce_bpvector_inst.dsce_sad_m1_inst.gen_component_mad[7] ( /workspace/dsc-cix/dsc_cix_20260723/verilog_dsc/dsce_sad.sv:84:)
work@dsc_encoder.dsce_engine_inst.gen_slice[1].dsce_slice_inst.dsce_predict_inst.gen_bp.dsce_bpvector_inst.dsce_sad_m1_inst.gen_component_mad[8] ( /workspace/dsc-cix/dsc_cix_20260723/verilog_dsc/dsce_sad.sv:84:)
work@dsc_encoder.dsce_engine_inst.gen_slice[1].dsce_slice_inst.dsce_predict_inst.gen_bp.dsce_bpvector_inst.gen_sad_array[1] ( /workspace/dsc-cix/dsc_cix_20260723/verilog_dsc/dsce_bpvector.sv:252:)
work@dsc_encoder.dsce_engine_inst.gen_slice[1].dsce_slice_inst.dsce_predict_inst.gen_bp.dsce_bpvector_inst.gen_sad_array[1].dsce_sad_array_inst (work@dsce_sad /workspace/dsc-cix/dsc_cix_20260723/verilog_dsc/dsce_bpvector.sv:253:)
work@dsc_encoder.dsce_engine_inst.gen_slice[1].dsce_slice_inst.dsce_predict_inst.gen_bp.dsce_bpvector_inst.gen_sad_array[1].dsce_sad_array_inst.gen_component_mad[0] ( /workspace/dsc-cix/dsc_cix_20260723/verilog_dsc/dsce_sad.sv:84:)
work@dsc_encoder.dsce_engine_inst.gen_slice[1].dsce_slice_inst.dsce_predict_inst.gen_bp.dsce_bpvector_inst.gen_sad_array[1].dsce_sad_array_inst.gen_component_mad[1] ( /workspace/dsc-cix/dsc_cix_20260723/verilog_dsc/dsce_sad.sv:84:)
work@dsc_encoder.dsce_engine_inst.gen_slice[1].dsce_slice_inst.dsce_predict_inst.gen_bp.dsce_bpvector_inst.gen_sad_array[1].dsce_sad_array_inst.gen_component_mad[2] ( /workspace/dsc-cix/dsc_cix_20260723/verilog_dsc/dsce_sad.sv:84:)
work@dsc_encoder.dsce_engine_inst.gen_slice[1].dsce_slice_inst.dsce_predict_inst.gen_bp.dsce_bpvector_inst.gen_sad_array[1].dsce_sad_array_inst.gen_component_mad[3] ( /workspace/dsc-cix/dsc_cix_20260723/verilog_dsc/dsce_sad.sv:84:)
work@dsc_encoder.dsce_engine_inst.gen_slice[1].dsce_slice_inst.dsce_predict_inst.gen_bp.dsce_bpvector_inst.gen_sad_array[1].dsce_sad_array_inst.gen_component_mad[4] ( /workspace/dsc-cix/dsc_cix_20260723/verilog_dsc/dsce_sad.sv:84:)
work@dsc_encoder.dsce_engine_inst.gen_slice[1].dsce_slice_inst.dsce_predict_inst.gen_bp.dsce_bpvector_inst.gen_sad_array[1].dsce_sad_array_inst.gen_component_mad[5] ( /workspace/dsc-cix/dsc_cix_20260723/verilog_dsc/dsce_sad.sv:84:)
work@dsc_encoder.dsce_engine_inst.gen_slice[1].dsce_slice_inst.dsce_predict_inst.gen_bp.dsce_bpvector_inst.gen_sad_array[1].dsce_sad_array_inst.gen_component_mad[6] ( /workspace/dsc-cix/dsc_cix_20260723/verilog_dsc/dsce_sad.sv:84:)
work@dsc_encoder.dsce_engine_inst.gen_slice[1].dsce_slice_inst.dsce_predict_inst.gen_bp.dsce_bpvector_inst.gen_sad_array[1].dsce_sad_array_inst.gen_component_mad[7] ( /workspace/dsc-cix/dsc_cix_20260723/verilog_dsc/dsce_sad.sv:84:)
work@dsc_encoder.dsce_engine_inst.gen_slice[1].dsce_slice_inst.dsce_predict_inst.gen_bp.dsce_bpvector_inst.gen_sad_array[1].dsce_sad_array_inst.gen_component_mad[8] ( /workspace/dsc-cix/dsc_cix_20260723/verilog_dsc/dsce_sad.sv:84:)
work@dsc_encoder.dsce_engine_inst.gen_slice[1].dsce_slice_inst.dsce_predict_inst.gen_bp.dsce_bpvector_inst.gen_sad_array[2] ( /workspace/dsc-cix/dsc_cix_20260723/verilog_dsc/dsce_bpvector.sv:252:)
work@dsc_encoder.dsce_engine_inst.gen_slice[1].dsce_slice_inst.dsce_predict_inst.gen_bp.dsce_bpvector_inst.gen_sad_array[2].dsce_sad_array_inst (work@dsce_sad /workspace/dsc-cix/dsc_cix_20260723/verilog_dsc/dsce_bpvector.sv:253:)
work@dsc_encoder.dsce_engine_inst.gen_slice[1].dsce_slice_inst.dsce_predict_inst.gen_bp.dsce_bpvector_inst.gen_sad_array[2].dsce_sad_array_inst.gen_component_mad[0] ( /workspace/dsc-cix/dsc_cix_20260723/verilog_dsc/dsce_sad.sv:84:)
work@dsc_encoder.dsce_engine_inst.gen_slice[1].dsce_slice_inst.dsce_predict_inst.gen_bp.dsce_bpvector_inst.gen_sad_array[2].dsce_sad_array_inst.gen_component_mad[1] ( /workspace/dsc-cix/dsc_cix_20260723/verilog_dsc/dsce_sad.sv:84:)
work@dsc_encoder.dsce_engine_inst.gen_slice[1].dsce_slice_inst.dsce_predict_inst.gen_bp.dsce_bpvector_inst.gen_sad_array[2].dsce_sad_array_inst.gen_component_mad[2] ( /workspace/dsc-cix/dsc_cix_20260723/verilog_dsc/dsce_sad.sv:84:)
work@dsc_encoder.dsce_engine_inst.gen_slice[1].dsce_slice_inst.dsce_predict_inst.gen_bp.dsce_bpvector_inst.gen_sad_array[2].dsce_sad_array_inst.gen_component_mad[3] ( /workspace/dsc-cix/dsc_cix_20260723/verilog_dsc/dsce_sad.sv:84:)
work@dsc_encoder.dsce_engine_inst.gen_slice[1].dsce_slice_inst.dsce_predict_inst.gen_bp.dsce_bpvector_inst.gen_sad_array[2].dsce_sad_array_inst.gen_component_mad[4] ( /workspace/dsc-cix/dsc_cix_20260723/verilog_dsc/dsce_sad.sv:84:)
work@dsc_encoder.dsce_engine_inst.gen_slice[1].dsce_slice_inst.dsce_predict_inst.gen_bp.dsce_bpvector_inst.gen_sad_array[2].dsce_sad_array_inst.gen_component_mad[5] ( /workspace/dsc-cix/dsc_cix_20260723/verilog_dsc/dsce_sad.sv:84:)
work@dsc_encoder.dsce_engine_inst.gen_slice[1].dsce_slice_inst.dsce_predict_inst.gen_bp.dsce_bpvector_inst.gen_sad_array[2].dsce_sad_array_inst.gen_component_mad[6] ( /workspace/dsc-cix/dsc_cix_20260723/verilog_dsc/dsce_sad.sv:84:)
work@dsc_encoder.dsce_engine_inst.gen_slice[1].dsce_slice_inst.dsce_predict_inst.gen_bp.dsce_bpvector_inst.gen_sad_array[2].dsce_sad_array_inst.gen_component_mad[7] ( /workspace/dsc-cix/dsc_cix_20260723/verilog_dsc/dsce_sad.sv:84:)
work@dsc_encoder.dsce_engine_inst.gen_slice[1].dsce_slice_inst.dsce_predict_inst.gen_bp.dsce_bpvector_inst.gen_sad_array[2].dsce_sad_array_inst.gen_component_mad[8] ( /workspace/dsc-cix/dsc_cix_20260723/verilog_dsc/dsce_sad.sv:84:)
work@dsc_encoder.dsce_engine_inst.gen_slice[1].dsce_slice_inst.dsce_predict_inst.gen_bp.dsce_bpvector_inst.gen_sad_array[3] ( /workspace/dsc-cix/dsc_cix_20260723/verilog_dsc/dsce_bpvector.sv:252:)
work@dsc_encoder.dsce_engine_inst.gen_slice[1].dsce_slice_inst.dsce_predict_inst.gen_bp.dsce_bpvector_inst.gen_sad_array[3].dsce_sad_array_inst (work@dsce_sad /workspace/dsc-cix/dsc_cix_20260723/verilog_dsc/dsce_bpvector.sv:253:)
work@dsc_encoder.dsce_engine_inst.gen_slice[1].dsce_slice_inst.dsce_predict_inst.gen_bp.dsce_bpvector_inst.gen_sad_array[3].dsce_sad_array_inst.gen_component_mad[0] ( /workspace/dsc-cix/dsc_cix_20260723/verilog_dsc/dsce_sad.sv:84:)
work@dsc_encoder.dsce_engine_inst.gen_slice[1].dsce_slice_inst.dsce_predict_inst.gen_bp.dsce_bpvector_inst.gen_sad_array[3].dsce_sad_array_inst.gen_component_mad[1] ( /workspace/dsc-cix/dsc_cix_20260723/verilog_dsc/dsce_sad.sv:84:)
work@dsc_encoder.dsce_engine_inst.gen_slice[1].dsce_slice_inst.dsce_predict_inst.gen_bp.dsce_bpvector_inst.gen_sad_array[3].dsce_sad_array_inst.gen_component_mad[2] ( /workspace/dsc-cix/dsc_cix_20260723/verilog_dsc/dsce_sad.sv:84:)
work@dsc_encoder.dsce_engine_inst.gen_slice[1].dsce_slice_inst.dsce_predict_inst.gen_bp.dsce_bpvector_inst.gen_sad_array[3].dsce_sad_array_inst.gen_component_mad[3] ( /workspace/dsc-cix/dsc_cix_20260723/verilog_dsc/dsce_sad.sv:84:)
work@dsc_encoder.dsce_engine_inst.gen_slice[1].dsce_slice_inst.dsce_predict_inst.gen_bp.dsce_bpvector_inst.gen_sad_array[3].dsce_sad_array_inst.gen_component_mad[4] ( /workspace/dsc-cix/dsc_cix_20260723/verilog_dsc/dsce_sad.sv:84:)
work@dsc_encoder.dsce_engine_inst.gen_slice[1].dsce_slice_inst.dsce_predict_inst.gen_bp.dsce_bpvector_inst.gen_sad_array[3].dsce_sad_array_inst.gen_component_mad[5] ( /workspace/dsc-cix/dsc_cix_20260723/verilog_dsc/dsce_sad.sv:84:)
work@dsc_encoder.dsce_engine_inst.gen_slice[1].dsce_slice_inst.dsce_predict_inst.gen_bp.dsce_bpvector_inst.gen_sad_array[3].dsce_sad_array_inst.gen_component_mad[6] ( /workspace/dsc-cix/dsc_cix_20260723/verilog_dsc/dsce_sad.sv:84:)
work@dsc_encoder.dsce_engine_inst.gen_slice[1].dsce_slice_inst.dsce_predict_inst.gen_bp.dsce_bpvector_inst.gen_sad_array[3].dsce_sad_array_inst.gen_component_mad[7] ( /workspace/dsc-cix/dsc_cix_20260723/verilog_dsc/dsce_sad.sv:84:)
work@dsc_encoder.dsce_engine_inst.gen_slice[1].dsce_slice_inst.dsce_predict_inst.gen_bp.dsce_bpvector_inst.gen_sad_array[3].dsce_sad_array_inst.gen_component_mad[8] ( /workspace/dsc-cix/dsc_cix_20260723/verilog_dsc/dsce_sad.sv:84:)
work@dsc_encoder.dsce_engine_inst.gen_slice[1].dsce_slice_inst.dsce_predict_inst.gen_bp.dsce_bpvector_inst.gen_sad_array[4] ( /workspace/dsc-cix/dsc_cix_20260723/verilog_dsc/dsce_bpvector.sv:252:)
work@dsc_encoder.dsce_engine_inst.gen_slice[1].dsce_slice_inst.dsce_predict_inst.gen_bp.dsce_bpvector_inst.gen_sad_array[4].dsce_sad_array_inst (work@dsce_sad /workspace/dsc-cix/dsc_cix_20260723/verilog_dsc/dsce_bpvector.sv:253:)
work@dsc_encoder.dsce_engine_inst.gen_slice[1].dsce_slice_inst.dsce_predict_inst.gen_bp.dsce_bpvector_inst.gen_sad_array[4].dsce_sad_array_inst.gen_component_mad[0] ( /workspace/dsc-cix/dsc_cix_20260723/verilog_dsc/dsce_sad.sv:84:)
work@dsc_encoder.dsce_engine_inst.gen_slice[1].dsce_slice_inst.dsce_predict_inst.gen_bp.dsce_bpvector_inst.gen_sad_array[4].dsce_sad_array_inst.gen_component_mad[1] ( /workspace/dsc-cix/dsc_cix_20260723/verilog_dsc/dsce_sad.sv:84:)
work@dsc_encoder.dsce_engine_inst.gen_slice[1].dsce_slice_inst.dsce_predict_inst.gen_bp.dsce_bpvector_inst.gen_sad_array[4].dsce_sad_array_inst.gen_component_mad[2] ( /workspace/dsc-cix/dsc_cix_20260723/verilog_dsc/dsce_sad.sv:84:)
work@dsc_encoder.dsce_engine_inst.gen_slice[1].dsce_slice_inst.dsce_predict_inst.gen_bp.dsce_bpvector_inst.gen_sad_array[4].dsce_sad_array_inst.gen_component_mad[3] ( /workspace/dsc-cix/dsc_cix_20260723/verilog_dsc/dsce_sad.sv:84:)
work@dsc_encoder.dsce_engine_inst.gen_slice[1].dsce_slice_inst.dsce_predict_inst.gen_bp.dsce_bpvector_inst.gen_sad_array[4].dsce_sad_array_inst.gen_component_mad[4] ( /workspace/dsc-cix/dsc_cix_20260723/verilog_dsc/dsce_sad.sv:84:)
work@dsc_encoder.dsce_engine_inst.gen_slice[1].dsce_slice_inst.dsce_predict_inst.gen_bp.dsce_bpvector_inst.gen_sad_array[4].dsce_sad_array_inst.gen_component_mad[5] ( /workspace/dsc-cix/dsc_cix_20260723/verilog_dsc/dsce_sad.sv:84:)
work@dsc_encoder.dsce_engine_inst.gen_slice[1].dsce_slice_inst.dsce_predict_inst.gen_bp.dsce_bpvector_inst.gen_sad_array[4].dsce_sad_array_inst.gen_component_mad[6] ( /workspace/dsc-cix/dsc_cix_20260723/verilog_dsc/dsce_sad.sv:84:)
work@dsc_encoder.dsce_engine_inst.gen_slice[1].dsce_slice_inst.dsce_predict_inst.gen_bp.dsce_bpvector_inst.gen_sad_array[4].dsce_sad_array_inst.gen_component_mad[7] ( /workspace/dsc-cix/dsc_cix_20260723/verilog_dsc/dsce_sad.sv:84:)
work@dsc_encoder.dsce_engine_inst.gen_slice[1].dsce_slice_inst.dsce_predict_inst.gen_bp.dsce_bpvector_inst.gen_sad_array[4].dsce_sad_array_inst.gen_component_mad[8] ( /workspace/dsc-cix/dsc_cix_20260723/verilog_dsc/dsce_sad.sv:84:)
work@dsc_encoder.dsce_engine_inst.gen_slice[1].dsce_slice_inst.dsce_predict_inst.gen_bp.dsce_bpvector_inst.gen_sad_array[5] ( /workspace/dsc-cix/dsc_cix_20260723/verilog_dsc/dsce_bpvector.sv:252:)
work@dsc_encoder.dsce_engine_inst.gen_slice[1].dsce_slice_inst.dsce_predict_inst.gen_bp.dsce_bpvector_inst.gen_sad_array[5].dsce_sad_array_inst (work@dsce_sad /workspace/dsc-cix/dsc_cix_20260723/verilog_dsc/dsce_bpvector.sv:253:)
work@dsc_encoder.dsce_engine_inst.gen_slice[1].dsce_slice_inst.dsce_predict_inst.gen_bp.dsce_bpvector_inst.gen_sad_array[5].dsce_sad_array_inst.gen_component_mad[0] ( /workspace/dsc-cix/dsc_cix_20260723/verilog_dsc/dsce_sad.sv:84:)
work@dsc_encoder.dsce_engine_inst.gen_slice[1].dsce_slice_inst.dsce_predict_inst.gen_bp.dsce_bpvector_inst.gen_sad_array[5].dsce_sad_array_inst.gen_component_mad[1] ( /workspace/dsc-cix/dsc_cix_20260723/verilog_dsc/dsce_sad.sv:84:)
work@dsc_encoder.dsce_engine_inst.gen_slice[1].dsce_slice_inst.dsce_predict_inst.gen_bp.dsce_bpvector_inst.gen_sad_array[5].dsce_sad_array_inst.gen_component_mad[2] ( /workspace/dsc-cix/dsc_cix_20260723/verilog_dsc/dsce_sad.sv:84:)
work@dsc_encoder.dsce_engine_inst.gen_slice[1].dsce_slice_inst.dsce_predict_inst.gen_bp.dsce_bpvector_inst.gen_sad_array[5].dsce_sad_array_inst.gen_component_mad[3] ( /workspace/dsc-cix/dsc_cix_20260723/verilog_dsc/dsce_sad.sv:84:)
work@dsc_encoder.dsce_engine_inst.gen_slice[1].dsce_slice_inst.dsce_predict_inst.gen_bp.dsce_bpvector_inst.gen_sad_array[5].dsce_sad_array_inst.gen_component_mad[4] ( /workspace/dsc-cix/dsc_cix_20260723/verilog_dsc/dsce_sad.sv:84:)
work@dsc_encoder.dsce_engine_inst.gen_slice[1].dsce_slice_inst.dsce_predict_inst.gen_bp.dsce_bpvector_inst.gen_sad_array[5].dsce_sad_array_inst.gen_component_mad[5] ( /workspace/dsc-cix/dsc_cix_20260723/verilog_dsc/dsce_sad.sv:84:)
work@dsc_encoder.dsce_engine_inst.gen_slice[1].dsce_slice_inst.dsce_predict_inst.gen_bp.dsce_bpvector_inst.gen_sad_array[5].dsce_sad_array_inst.gen_component_mad[6] ( /workspace/dsc-cix/dsc_cix_20260723/verilog_dsc/dsce_sad.sv:84:)
work@dsc_encoder.dsce_engine_inst.gen_slice[1].dsce_slice_inst.dsce_predict_inst.gen_bp.dsce_bpvector_inst.gen_sad_array[5].dsce_sad_array_inst.gen_component_mad[7] ( /workspace/dsc-cix/dsc_cix_20260723/verilog_dsc/dsce_sad.sv:84:)
work@dsc_encoder.dsce_engine_inst.gen_slice[1].dsce_slice_inst.dsce_predict_inst.gen_bp.dsce_bpvector_inst.gen_sad_array[5].dsce_sad_array_inst.gen_component_mad[8] ( /workspace/dsc-cix/dsc_cix_20260723/verilog_dsc/dsce_sad.sv:84:)
work@dsc_encoder.dsce_engine_inst.gen_slice[1].dsce_slice_inst.dsce_predict_inst.gen_bp.dsce_bpvector_inst.gen_sad_array[6] ( /workspace/dsc-cix/dsc_cix_20260723/verilog_dsc/dsce_bpvector.sv:252:)
work@dsc_encoder.dsce_engine_inst.gen_slice[1].dsce_slice_inst.dsce_predict_inst.gen_bp.dsce_bpvector_inst.gen_sad_array[6].dsce_sad_array_inst (work@dsce_sad /workspace/dsc-cix/dsc_cix_20260723/verilog_dsc/dsce_bpvector.sv:253:)
work@dsc_encoder.dsce_engine_inst.gen_slice[1].dsce_slice_inst.dsce_predict_inst.gen_bp.dsce_bpvector_inst.gen_sad_array[6].dsce_sad_array_inst.gen_component_mad[0] ( /workspace/dsc-cix/dsc_cix_20260723/verilog_dsc/dsce_sad.sv:84:)
work@dsc_encoder.dsce_engine_inst.gen_slice[1].dsce_slice_inst.dsce_predict_inst.gen_bp.dsce_bpvector_inst.gen_sad_array[6].dsce_sad_array_inst.gen_component_mad[1] ( /workspace/dsc-cix/dsc_cix_20260723/verilog_dsc/dsce_sad.sv:84:)
work@dsc_encoder.dsce_engine_inst.gen_slice[1].dsce_slice_inst.dsce_predict_inst.gen_bp.dsce_bpvector_inst.gen_sad_array[6].dsce_sad_array_inst.gen_component_mad[2] ( /workspace/dsc-cix/dsc_cix_20260723/verilog_dsc/dsce_sad.sv:84:)
work@dsc_encoder.dsce_engine_inst.gen_slice[1].dsce_slice_inst.dsce_predict_inst.gen_bp.dsce_bpvector_inst.gen_sad_array[6].dsce_sad_array_inst.gen_component_mad[3] ( /workspace/dsc-cix/dsc_cix_20260723/verilog_dsc/dsce_sad.sv:84:)
work@dsc_encoder.dsce_engine_inst.gen_slice[1].dsce_slice_inst.dsce_predict_inst.gen_bp.dsce_bpvector_inst.gen_sad_array[6].dsce_sad_array_inst.gen_component_mad[4] ( /workspace/dsc-cix/dsc_cix_20260723/verilog_dsc/dsce_sad.sv:84:)
work@dsc_encoder.dsce_engine_inst.gen_slice[1].dsce_slice_inst.dsce_predict_inst.gen_bp.dsce_bpvector_inst.gen_sad_array[6].dsce_sad_array_inst.gen_component_mad[5] ( /workspace/dsc-cix/dsc_cix_20260723/verilog_dsc/dsce_sad.sv:84:)
work@dsc_encoder.dsce_engine_inst.gen_slice[1].dsce_slice_inst.dsce_predict_inst.gen_bp.dsce_bpvector_inst.gen_sad_array[6].dsce_sad_array_inst.gen_component_mad[6] ( /workspace/dsc-cix/dsc_cix_20260723/verilog_dsc/dsce_sad.sv:84:)
work@dsc_encoder.dsce_engine_inst.gen_slice[1].dsce_slice_inst.dsce_predict_inst.gen_bp.dsce_bpvector_inst.gen_sad_array[6].dsce_sad_array_inst.gen_component_mad[7] ( /workspace/dsc-cix/dsc_cix_20260723/verilog_dsc/dsce_sad.sv:84:)
work@dsc_encoder.dsce_engine_inst.gen_slice[1].dsce_slice_inst.dsce_predict_inst.gen_bp.dsce_bpvector_inst.gen_sad_array[6].dsce_sad_array_inst.gen_component_mad[8] ( /workspace/dsc-cix/dsc_cix_20260723/verilog_dsc/dsce_sad.sv:84:)
work@dsc_encoder.dsce_engine_inst.gen_slice[1].dsce_slice_inst.dsce_predict_inst.gen_bp.dsce_bpvector_inst.gen_sad_array[7] ( /workspace/dsc-cix/dsc_cix_20260723/verilog_dsc/dsce_bpvector.sv:252:)
work@dsc_encoder.dsce_engine_inst.gen_slice[1].dsce_slice_inst.dsce_predict_inst.gen_bp.dsce_bpvector_inst.gen_sad_array[7].dsce_sad_array_inst (work@dsce_sad /workspace/dsc-cix/dsc_cix_20260723/verilog_dsc/dsce_bpvector.sv:253:)
work@dsc_encoder.dsce_engine_inst.gen_slice[1].dsce_slice_inst.dsce_predict_inst.gen_bp.dsce_bpvector_inst.gen_sad_array[7].dsce_sad_array_inst.gen_component_mad[0] ( /workspace/dsc-cix/dsc_cix_20260723/verilog_dsc/dsce_sad.sv:84:)
work@dsc_encoder.dsce_engine_inst.gen_slice[1].dsce_slice_inst.dsce_predict_inst.gen_bp.dsce_bpvector_inst.gen_sad_array[7].dsce_sad_array_inst.gen_component_mad[1] ( /workspace/dsc-cix/dsc_cix_20260723/verilog_dsc/dsce_sad.sv:84:)
work@dsc_encoder.dsce_engine_inst.gen_slice[1].dsce_slice_inst.dsce_predict_inst.gen_bp.dsce_bpvector_inst.gen_sad_array[7].dsce_sad_array_inst.gen_component_mad[2] ( /workspace/dsc-cix/dsc_cix_20260723/verilog_dsc/dsce_sad.sv:84:)
work@dsc_encoder.dsce_engine_inst.gen_slice[1].dsce_slice_inst.dsce_predict_inst.gen_bp.dsce_bpvector_inst.gen_sad_array[7].dsce_sad_array_inst.gen_component_mad[3] ( /workspace/dsc-cix/dsc_cix_20260723/verilog_dsc/dsce_sad.sv:84:)
work@dsc_encoder.dsce_engine_inst.gen_slice[1].dsce_slice_inst.dsce_predict_inst.gen_bp.dsce_bpvector_inst.gen_sad_array[7].dsce_sad_array_inst.gen_component_mad[4] ( /workspace/dsc-cix/dsc_cix_20260723/verilog_dsc/dsce_sad.sv:84:)
work@dsc_encoder.dsce_engine_inst.gen_slice[1].dsce_slice_inst.dsce_predict_inst.gen_bp.dsce_bpvector_inst.gen_sad_array[7].dsce_sad_array_inst.gen_component_mad[5] ( /workspace/dsc-cix/dsc_cix_20260723/verilog_dsc/dsce_sad.sv:84:)
work@dsc_encoder.dsce_engine_inst.gen_slice[1].dsce_slice_inst.dsce_predict_inst.gen_bp.dsce_bpvector_inst.gen_sad_array[7].dsce_sad_array_inst.gen_component_mad[6] ( /workspace/dsc-cix/dsc_cix_20260723/verilog_dsc/dsce_sad.sv:84:)
work@dsc_encoder.dsce_engine_inst.gen_slice[1].dsce_slice_inst.dsce_predict_inst.gen_bp.dsce_bpvector_inst.gen_sad_array[7].dsce_sad_array_inst.gen_component_mad[7] ( /workspace/dsc-cix/dsc_cix_20260723/verilog_dsc/dsce_sad.sv:84:)
work@dsc_encoder.dsce_engine_inst.gen_slice[1].dsce_slice_inst.dsce_predict_inst.gen_bp.dsce_bpvector_inst.gen_sad_array[7].dsce_sad_array_inst.gen_component_mad[8] ( /workspace/dsc-cix/dsc_cix_20260723/verilog_dsc/dsce_sad.sv:84:)
work@dsc_encoder.dsce_engine_inst.gen_slice[1].dsce_slice_inst.dsce_predict_inst.gen_bp.dsce_bpvector_inst.gen_sad_array[8] ( /workspace/dsc-cix/dsc_cix_20260723/verilog_dsc/dsce_bpvector.sv:252:)
work@dsc_encoder.dsce_engine_inst.gen_slice[1].dsce_slice_inst.dsce_predict_inst.gen_bp.dsce_bpvector_inst.gen_sad_array[8].dsce_sad_array_inst (work@dsce_sad /workspace/dsc-cix/dsc_cix_20260723/verilog_dsc/dsce_bpvector.sv:253:)
work@dsc_encoder.dsce_engine_inst.gen_slice[1].dsce_slice_inst.dsce_predict_inst.gen_bp.dsce_bpvector_inst.gen_sad_array[8].dsce_sad_array_inst.gen_component_mad[0] ( /workspace/dsc-cix/dsc_cix_20260723/verilog_dsc/dsce_sad.sv:84:)
work@dsc_encoder.dsce_engine_inst.gen_slice[1].dsce_slice_inst.dsce_predict_inst.gen_bp.dsce_bpvector_inst.gen_sad_array[8].dsce_sad_array_inst.gen_component_mad[1] ( /workspace/dsc-cix/dsc_cix_20260723/verilog_dsc/dsce_sad.sv:84:)
work@dsc_encoder.dsce_engine_inst.gen_slice[1].dsce_slice_inst.dsce_predict_inst.gen_bp.dsce_bpvector_inst.gen_sad_array[8].dsce_sad_array_inst.gen_component_mad[2] ( /workspace/dsc-cix/dsc_cix_20260723/verilog_dsc/dsce_sad.sv:84:)
work@dsc_encoder.dsce_engine_inst.gen_slice[1].dsce_slice_inst.dsce_predict_inst.gen_bp.dsce_bpvector_inst.gen_sad_array[8].dsce_sad_array_inst.gen_component_mad[3] ( /workspace/dsc-cix/dsc_cix_20260723/verilog_dsc/dsce_sad.sv:84:)
work@dsc_encoder.dsce_engine_inst.gen_slice[1].dsce_slice_inst.dsce_predict_inst.gen_bp.dsce_bpvector_inst.gen_sad_array[8].dsce_sad_array_inst.gen_component_mad[4] ( /workspace/dsc-cix/dsc_cix_20260723/verilog_dsc/dsce_sad.sv:84:)
work@dsc_encoder.dsce_engine_inst.gen_slice[1].dsce_slice_inst.dsce_predict_inst.gen_bp.dsce_bpvector_inst.gen_sad_array[8].dsce_sad_array_inst.gen_component_mad[5] ( /workspace/dsc-cix/dsc_cix_20260723/verilog_dsc/dsce_sad.sv:84:)
work@dsc_encoder.dsce_engine_inst.gen_slice[1].dsce_slice_inst.dsce_predict_inst.gen_bp.dsce_bpvector_inst.gen_sad_array[8].dsce_sad_array_inst.gen_component_mad[6] ( /workspace/dsc-cix/dsc_cix_20260723/verilog_dsc/dsce_sad.sv:84:)
work@dsc_encoder.dsce_engine_inst.gen_slice[1].dsce_slice_inst.dsce_predict_inst.gen_bp.dsce_bpvector_inst.gen_sad_array[8].dsce_sad_array_inst.gen_component_mad[7] ( /workspace/dsc-cix/dsc_cix_20260723/verilog_dsc/dsce_sad.sv:84:)
work@dsc_encoder.dsce_engine_inst.gen_slice[1].dsce_slice_inst.dsce_predict_inst.gen_bp.dsce_bpvector_inst.gen_sad_array[8].dsce_sad_array_inst.gen_component_mad[8] ( /workspace/dsc-cix/dsc_cix_20260723/verilog_dsc/dsce_sad.sv:84:)
work@dsc_encoder.dsce_engine_inst.gen_slice[1].dsce_slice_inst.dsce_ich_inst (work@dsce_ich /workspace/dsc-cix/dsc_cix_20260723/verilog_dsc/dsce_slice.sv:272:)
work@dsc_encoder.dsce_engine_inst.gen_slice[1].dsce_slice_inst.dsce_ich_inst.dsce_ich_history_inst (work@dsce_ich_history /workspace/dsc-cix/dsc_cix_20260723/verilog_dsc/dsce_ich.sv:116:)
work@dsc_encoder.dsce_engine_inst.gen_slice[1].dsce_slice_inst.dsce_ich_inst.dsce_ich_candidate_inst (work@dsce_ich_candidate /workspace/dsc-cix/dsc_cix_20260723/verilog_dsc/dsce_ich.sv:144:)
work@dsc_encoder.dsce_engine_inst.gen_slice[1].dsce_slice_inst.dsce_ich_inst.dsce_ich_decision_inst (work@dsce_ich_decision /workspace/dsc-cix/dsc_cix_20260723/verilog_dsc/dsce_ich.sv:171:)
work@dsc_encoder.dsce_engine_inst.gen_slice[1].dsce_slice_inst.dsce_decision_inst (work@dsce_decision /workspace/dsc-cix/dsc_cix_20260723/verilog_dsc/dsce_slice.sv:313:)
work@dsc_encoder.dsce_engine_inst.gen_slice[1].dsce_slice_inst.dsce_linemem_inst (work@dsce_linemem /workspace/dsc-cix/dsc_cix_20260723/verilog_dsc/dsce_slice.sv:353:)
work@dsc_encoder.dsce_engine_inst.gen_slice[1].dsce_slice_inst.dsce_linemem_inst.line_buffer_inst (work@dsce_linemem::gram_bist_1r1w /workspace/dsc-cix/dsc_cix_20260723/verilog_dsc/dsce_linemem.sv:802:)
work@dsc_encoder.dsce_engine_inst.gen_slice[1].dsce_slice_inst.dsce_rate_adjust_inst (work@dsce_rate_adjust /workspace/dsc-cix/dsc_cix_20260723/verilog_dsc/dsce_slice.sv:382:)
work@dsc_encoder.dsce_engine_inst.gen_slice[1].dsce_slice_inst.dsce_rate_inst (work@dsce_rate /workspace/dsc-cix/dsc_cix_20260723/verilog_dsc/dsce_slice.sv:405:)
work@dsc_encoder.dsce_engine_inst.gen_slice[1].dsce_slice_inst.dsce_qlevel_inst (work@dsce_qlevel /workspace/dsc-cix/dsc_cix_20260723/verilog_dsc/dsce_slice.sv:437:)
work@dsc_encoder.dsce_engine_inst.gen_slice[1].dsce_slice_inst.dsce_format_inst (work@dsce_format /workspace/dsc-cix/dsc_cix_20260723/verilog_dsc/dsce_slice.sv:462:)
work@dsc_encoder.dsce_engine_inst.gen_slice[1].dsce_slice_inst.dsce_format_inst.dsce_stream_builder_inst (work@dsce_stream_builder /workspace/dsc-cix/dsc_cix_20260723/verilog_dsc/dsce_format.sv:179:)
work@dsc_encoder.dsce_engine_inst.gen_slice[1].dsce_slice_inst.dsce_format_inst.dsce_stream_builder_inst.gen_buffers[0] ( /workspace/dsc-cix/dsc_cix_20260723/verilog_dsc/dsce_stream_builder.sv:242:)
work@dsc_encoder.dsce_engine_inst.gen_slice[1].dsce_slice_inst.dsce_format_inst.dsce_stream_builder_inst.gen_buffers[0].dsce_stream_fifo_inst (work@dsce_stream_fifo /workspace/dsc-cix/dsc_cix_20260723/verilog_dsc/dsce_stream_builder.sv:243:)
work@dsc_encoder.dsce_engine_inst.gen_slice[1].dsce_slice_inst.dsce_format_inst.dsce_stream_builder_inst.gen_buffers[1] ( /workspace/dsc-cix/dsc_cix_20260723/verilog_dsc/dsce_stream_builder.sv:242:)
work@dsc_encoder.dsce_engine_inst.gen_slice[1].dsce_slice_inst.dsce_format_inst.dsce_stream_builder_inst.gen_buffers[1].dsce_stream_fifo_inst (work@dsce_stream_fifo /workspace/dsc-cix/dsc_cix_20260723/verilog_dsc/dsce_stream_builder.sv:243:)
work@dsc_encoder.dsce_engine_inst.gen_slice[1].dsce_slice_inst.dsce_format_inst.dsce_stream_builder_inst.gen_buffers[2] ( /workspace/dsc-cix/dsc_cix_20260723/verilog_dsc/dsce_stream_builder.sv:242:)
work@dsc_encoder.dsce_engine_inst.gen_slice[1].dsce_slice_inst.dsce_format_inst.dsce_stream_builder_inst.gen_buffers[2].dsce_stream_fifo_inst (work@dsce_stream_fifo /workspace/dsc-cix/dsc_cix_20260723/verilog_dsc/dsce_stream_builder.sv:243:)
work@dsc_encoder.dsce_engine_inst.gen_slice[1].dsce_slice_inst.dsce_format_inst.dsce_format_buffer_inst (work@dsce_format_buffer /workspace/dsc-cix/dsc_cix_20260723/verilog_dsc/dsce_format.sv:204:)
work@dsc_encoder.dsce_engine_inst.gen_slice[1].dsce_slice_inst.dsce_format_inst.dsce_format_buffer_inst.sync_xmit_inst (work@dsce_format_buffer::gprim_sync_stage /workspace/dsc-cix/dsc_cix_20260723/verilog_dsc/dsce_format_buffer.sv:272:)
work@dsc_encoder.dsce_engine_inst.gen_slice[1].dsce_slice_inst.dsce_format_inst.dsce_format_buffer_inst.sync_frame_inst (work@dsce_format_buffer::gprim_sync2_stage /workspace/dsc-cix/dsc_cix_20260723/verilog_dsc/dsce_format_buffer.sv:273:)
work@dsc_encoder.dsce_engine_inst.gen_slice[1].dsce_slice_inst.dsce_format_inst.dsce_format_buffer_inst.format_buffer_inst (work@dsce_format_buffer::gram_bist_1r1w /workspace/dsc-cix/dsc_cix_20260723/verilog_dsc/dsce_format_buffer.sv:276:)
work@dsc_encoder.dsce_engine_inst.gen_slice[1].dsce_slice_inst.dsce_format_inst.dsce_format_buffer_inst.gen_waddr[0] ( /workspace/dsc-cix/dsc_cix_20260723/verilog_dsc/dsce_format_buffer.sv:269:)
work@dsc_encoder.dsce_engine_inst.gen_slice[1].dsce_slice_inst.dsce_format_inst.dsce_format_buffer_inst.gen_waddr[0].sync_waddr_inst (work@dsc_encoder.dsce_engine_inst.gen_slice[1].dsce_slice_inst.dsce_format_inst.dsce_format_buffer_inst.gen_waddr[0]::gprim_sync_stage /workspace/dsc-cix/dsc_cix_20260723/verilog_dsc/dsce_format_buffer.sv:270:)
work@dsc_encoder.dsce_engine_inst.gen_slice[1].dsce_slice_inst.dsce_format_inst.dsce_format_buffer_inst.gen_waddr[1] ( /workspace/dsc-cix/dsc_cix_20260723/verilog_dsc/dsce_format_buffer.sv:269:)
work@dsc_encoder.dsce_engine_inst.gen_slice[1].dsce_slice_inst.dsce_format_inst.dsce_format_buffer_inst.gen_waddr[1].sync_waddr_inst (work@dsc_encoder.dsce_engine_inst.gen_slice[1].dsce_slice_inst.dsce_format_inst.dsce_format_buffer_inst.gen_waddr[1]::gprim_sync_stage /workspace/dsc-cix/dsc_cix_20260723/verilog_dsc/dsce_format_buffer.sv:270:)
work@dsc_encoder.dsce_engine_inst.gen_slice[1].dsce_slice_inst.dsce_format_inst.dsce_format_buffer_inst.gen_waddr[2] ( /workspace/dsc-cix/dsc_cix_20260723/verilog_dsc/dsce_format_buffer.sv:269:)
work@dsc_encoder.dsce_engine_inst.gen_slice[1].dsce_slice_inst.dsce_format_inst.dsce_format_buffer_inst.gen_waddr[2].sync_waddr_inst (work@dsc_encoder.dsce_engine_inst.gen_slice[1].dsce_slice_inst.dsce_format_inst.dsce_format_buffer_inst.gen_waddr[2]::gprim_sync_stage /workspace/dsc-cix/dsc_cix_20260723/verilog_dsc/dsce_format_buffer.sv:270:)
work@dsc_encoder.dsce_engine_inst.gen_slice[1].dsce_slice_inst.dsce_format_inst.dsce_format_buffer_inst.gen_waddr[3] ( /workspace/dsc-cix/dsc_cix_20260723/verilog_dsc/dsce_format_buffer.sv:269:)
work@dsc_encoder.dsce_engine_inst.gen_slice[1].dsce_slice_inst.dsce_format_inst.dsce_format_buffer_inst.gen_waddr[3].sync_waddr_inst (work@dsc_encoder.dsce_engine_inst.gen_slice[1].dsce_slice_inst.dsce_format_inst.dsce_format_buffer_inst.gen_waddr[3]::gprim_sync_stage /workspace/dsc-cix/dsc_cix_20260723/verilog_dsc/dsce_format_buffer.sv:270:)
work@dsc_encoder.dsce_engine_inst.gen_slice[1].dsce_slice_inst.dsce_format_inst.dsce_format_buffer_inst.gen_waddr[4] ( /workspace/dsc-cix/dsc_cix_20260723/verilog_dsc/dsce_format_buffer.sv:269:)
work@dsc_encoder.dsce_engine_inst.gen_slice[1].dsce_slice_inst.dsce_format_inst.dsce_format_buffer_inst.gen_waddr[4].sync_waddr_inst (work@dsc_encoder.dsce_engine_inst.gen_slice[1].dsce_slice_inst.dsce_format_inst.dsce_format_buffer_inst.gen_waddr[4]::gprim_sync_stage /workspace/dsc-cix/dsc_cix_20260723/verilog_dsc/dsce_format_buffer.sv:270:)
work@dsc_encoder.dsce_engine_inst.gen_slice[1].dsce_slice_inst.dsce_format_inst.dsce_format_buffer_inst.gen_waddr[5] ( /workspace/dsc-cix/dsc_cix_20260723/verilog_dsc/dsce_format_buffer.sv:269:)
work@dsc_encoder.dsce_engine_inst.gen_slice[1].dsce_slice_inst.dsce_format_inst.dsce_format_buffer_inst.gen_waddr[5].sync_waddr_inst (work@dsc_encoder.dsce_engine_inst.gen_slice[1].dsce_slice_inst.dsce_format_inst.dsce_format_buffer_inst.gen_waddr[5]::gprim_sync_stage /workspace/dsc-cix/dsc_cix_20260723/verilog_dsc/dsce_format_buffer.sv:270:)
work@dsc_encoder.dsce_engine_inst.gen_slice[1].dsce_slice_inst.dsce_format_inst.dsce_format_buffer_inst.gen_waddr[6] ( /workspace/dsc-cix/dsc_cix_20260723/verilog_dsc/dsce_format_buffer.sv:269:)
work@dsc_encoder.dsce_engine_inst.gen_slice[1].dsce_slice_inst.dsce_format_inst.dsce_format_buffer_inst.gen_waddr[6].sync_waddr_inst (work@dsc_encoder.dsce_engine_inst.gen_slice[1].dsce_slice_inst.dsce_format_inst.dsce_format_buffer_inst.gen_waddr[6]::gprim_sync_stage /workspace/dsc-cix/dsc_cix_20260723/verilog_dsc/dsce_format_buffer.sv:270:)
work@dsc_encoder.dsce_engine_inst.gen_slice[1].dsce_slice_inst.dsce_format_inst.dsce_format_buffer_inst.gen_waddr[7] ( /workspace/dsc-cix/dsc_cix_20260723/verilog_dsc/dsce_format_buffer.sv:269:)
work@dsc_encoder.dsce_engine_inst.gen_slice[1].dsce_slice_inst.dsce_format_inst.dsce_format_buffer_inst.gen_waddr[7].sync_waddr_inst (work@dsc_encoder.dsce_engine_inst.gen_slice[1].dsce_slice_inst.dsce_format_inst.dsce_format_buffer_inst.gen_waddr[7]::gprim_sync_stage /workspace/dsc-cix/dsc_cix_20260723/verilog_dsc/dsce_format_buffer.sv:270:)
work@dsc_encoder.dsce_engine_inst.gen_slice[1].dsce_slice_inst.dsce_format_inst.gen_vlc[0] ( /workspace/dsc-cix/dsc_cix_20260723/verilog_dsc/dsce_format.sv:115:)
work@dsc_encoder.dsce_engine_inst.gen_slice[1].dsce_slice_inst.dsce_format_inst.gen_vlc[0].dsce_vlc_inst (work@dsce_vlc /workspace/dsc-cix/dsc_cix_20260723/verilog_dsc/dsce_format.sv:119:)
work@dsc_encoder.dsce_engine_inst.gen_slice[1].dsce_slice_inst.dsce_format_inst.gen_vlc[0].dsce_muxword_inst (work@dsce_muxword /workspace/dsc-cix/dsc_cix_20260723/verilog_dsc/dsce_format.sv:156:)
work@dsc_encoder.dsce_engine_inst.gen_slice[1].dsce_slice_inst.dsce_format_inst.gen_vlc[1] ( /workspace/dsc-cix/dsc_cix_20260723/verilog_dsc/dsce_format.sv:115:)
work@dsc_encoder.dsce_engine_inst.gen_slice[1].dsce_slice_inst.dsce_format_inst.gen_vlc[1].dsce_vlc_inst (work@dsce_vlc /workspace/dsc-cix/dsc_cix_20260723/verilog_dsc/dsce_format.sv:119:)
work@dsc_encoder.dsce_engine_inst.gen_slice[1].dsce_slice_inst.dsce_format_inst.gen_vlc[1].dsce_muxword_inst (work@dsce_muxword /workspace/dsc-cix/dsc_cix_20260723/verilog_dsc/dsce_format.sv:156:)
work@dsc_encoder.dsce_engine_inst.gen_slice[1].dsce_slice_inst.dsce_format_inst.gen_vlc[2] ( /workspace/dsc-cix/dsc_cix_20260723/verilog_dsc/dsce_format.sv:115:)
work@dsc_encoder.dsce_engine_inst.gen_slice[1].dsce_slice_inst.dsce_format_inst.gen_vlc[2].dsce_vlc_inst (work@dsce_vlc /workspace/dsc-cix/dsc_cix_20260723/verilog_dsc/dsce_format.sv:119:)
work@dsc_encoder.dsce_engine_inst.gen_slice[1].dsce_slice_inst.dsce_format_inst.gen_vlc[2].dsce_muxword_inst (work@dsce_muxword /workspace/dsc-cix/dsc_cix_20260723/verilog_dsc/dsce_format.sv:156:)
work@dsc_encoder.dsce_engine_inst.gen_slice[2] ( /workspace/dsc-cix/dsc_cix_20260723/verilog_dsc/dsce_engine.sv:174:)
work@dsc_encoder.dsce_engine_inst.gen_slice[2].dsce_slice_inst (work@dsce_slice /workspace/dsc-cix/dsc_cix_20260723/verilog_dsc/dsce_engine.sv:175:)
work@dsc_encoder.dsce_engine_inst.gen_slice[2].dsce_slice_inst.dsce_convert_inst (work@dsce_convert /workspace/dsc-cix/dsc_cix_20260723/verilog_dsc/dsce_slice.sv:150:)
work@dsc_encoder.dsce_engine_inst.gen_slice[2].dsce_slice_inst.dsce_slice_buffer_inst (work@dsce_slice_buffer /workspace/dsc-cix/dsc_cix_20260723/verilog_dsc/dsce_slice.sv:171:)
work@dsc_encoder.dsce_engine_inst.gen_slice[2].dsce_slice_inst.dsce_slice_buffer_inst.input_buffer_inst (work@dsce_slice_buffer::gram_bist_1r1w /workspace/dsc-cix/dsc_cix_20260723/verilog_dsc/dsce_slice_buffer.sv:349:)
work@dsc_encoder.dsce_engine_inst.gen_slice[2].dsce_slice_inst.dsce_slice_buffer_inst.sync_wrdy_inst (work@dsce_slice_buffer::gprim_sync_stage /workspace/dsc-cix/dsc_cix_20260723/verilog_dsc/dsce_slice_buffer.sv:370:)
work@dsc_encoder.dsce_engine_inst.gen_slice[2].dsce_slice_inst.dsce_flatness_inst (work@dsce_flatness /workspace/dsc-cix/dsc_cix_20260723/verilog_dsc/dsce_slice.sv:208:)
work@dsc_encoder.dsce_engine_inst.gen_slice[2].dsce_slice_inst.dsce_flatness_inst.dsce_flat_check_inst (work@dsce_flat_check /workspace/dsc-cix/dsc_cix_20260723/verilog_dsc/dsce_flatness.sv:76:)
work@dsc_encoder.dsce_engine_inst.gen_slice[2].dsce_slice_inst.dsce_flatness_inst.dsce_flat_flags_inst (work@dsce_flat_flags /workspace/dsc-cix/dsc_cix_20260723/verilog_dsc/dsce_flatness.sv:95:)
work@dsc_encoder.dsce_engine_inst.gen_slice[2].dsce_slice_inst.dsce_predict_inst (work@dsce_predict /workspace/dsc-cix/dsc_cix_20260723/verilog_dsc/dsce_slice.sv:235:)
work@dsc_encoder.dsce_engine_inst.gen_slice[2].dsce_slice_inst.dsce_predict_inst.dsce_mpp_y_inst (work@dsce_mpp /workspace/dsc-cix/dsc_cix_20260723/verilog_dsc/dsce_predict.sv:156:)
work@dsc_encoder.dsce_engine_inst.gen_slice[2].dsce_slice_inst.dsce_predict_inst.dsce_mpp_co_inst (work@dsce_mpp /workspace/dsc-cix/dsc_cix_20260723/verilog_dsc/dsce_predict.sv:181:)
work@dsc_encoder.dsce_engine_inst.gen_slice[2].dsce_slice_inst.dsce_predict_inst.dsce_mpp_cg_inst (work@dsce_mpp /workspace/dsc-cix/dsc_cix_20260723/verilog_dsc/dsce_predict.sv:206:)
work@dsc_encoder.dsce_engine_inst.gen_slice[2].dsce_slice_inst.dsce_predict_inst.dsce_mmap_y_inst (work@dsce_mmap /workspace/dsc-cix/dsc_cix_20260723/verilog_dsc/dsce_predict.sv:231:)
work@dsc_encoder.dsce_engine_inst.gen_slice[2].dsce_slice_inst.dsce_predict_inst.dsce_mmap_co_inst (work@dsce_mmap /workspace/dsc-cix/dsc_cix_20260723/verilog_dsc/dsce_predict.sv:256:)
work@dsc_encoder.dsce_engine_inst.gen_slice[2].dsce_slice_inst.dsce_predict_inst.dsce_mmap_cg_inst (work@dsce_mmap /workspace/dsc-cix/dsc_cix_20260723/verilog_dsc/dsce_predict.sv:281:)
work@dsc_encoder.dsce_engine_inst.gen_slice[2].dsce_slice_inst.dsce_predict_inst.gen_bp ( /workspace/dsc-cix/dsc_cix_20260723/verilog_dsc/dsce_predict.sv:309:)
work@dsc_encoder.dsce_engine_inst.gen_slice[2].dsce_slice_inst.dsce_predict_inst.gen_bp.dsce_bpvector_inst (work@dsce_bpvector /workspace/dsc-cix/dsc_cix_20260723/verilog_dsc/dsce_predict.sv:310:)
work@dsc_encoder.dsce_engine_inst.gen_slice[2].dsce_slice_inst.dsce_predict_inst.gen_bp.dsce_bpvector_inst.dsce_sad_m1_inst (work@dsce_sad /workspace/dsc-cix/dsc_cix_20260723/verilog_dsc/dsce_bpvector.sv:238:)
work@dsc_encoder.dsce_engine_inst.gen_slice[2].dsce_slice_inst.dsce_predict_inst.gen_bp.dsce_bpvector_inst.dsce_sad_m1_inst.gen_component_mad[0] ( /workspace/dsc-cix/dsc_cix_20260723/verilog_dsc/dsce_sad.sv:84:)
work@dsc_encoder.dsce_engine_inst.gen_slice[2].dsce_slice_inst.dsce_predict_inst.gen_bp.dsce_bpvector_inst.dsce_sad_m1_inst.gen_component_mad[1] ( /workspace/dsc-cix/dsc_cix_20260723/verilog_dsc/dsce_sad.sv:84:)
work@dsc_encoder.dsce_engine_inst.gen_slice[2].dsce_slice_inst.dsce_predict_inst.gen_bp.dsce_bpvector_inst.dsce_sad_m1_inst.gen_component_mad[2] ( /workspace/dsc-cix/dsc_cix_20260723/verilog_dsc/dsce_sad.sv:84:)
work@dsc_encoder.dsce_engine_inst.gen_slice[2].dsce_slice_inst.dsce_predict_inst.gen_bp.dsce_bpvector_inst.dsce_sad_m1_inst.gen_component_mad[3] ( /workspace/dsc-cix/dsc_cix_20260723/verilog_dsc/dsce_sad.sv:84:)
work@dsc_encoder.dsce_engine_inst.gen_slice[2].dsce_slice_inst.dsce_predict_inst.gen_bp.dsce_bpvector_inst.dsce_sad_m1_inst.gen_component_mad[4] ( /workspace/dsc-cix/dsc_cix_20260723/verilog_dsc/dsce_sad.sv:84:)
work@dsc_encoder.dsce_engine_inst.gen_slice[2].dsce_slice_inst.dsce_predict_inst.gen_bp.dsce_bpvector_inst.dsce_sad_m1_inst.gen_component_mad[5] ( /workspace/dsc-cix/dsc_cix_20260723/verilog_dsc/dsce_sad.sv:84:)
work@dsc_encoder.dsce_engine_inst.gen_slice[2].dsce_slice_inst.dsce_predict_inst.gen_bp.dsce_bpvector_inst.dsce_sad_m1_inst.gen_component_mad[6] ( /workspace/dsc-cix/dsc_cix_20260723/verilog_dsc/dsce_sad.sv:84:)
work@dsc_encoder.dsce_engine_inst.gen_slice[2].dsce_slice_inst.dsce_predict_inst.gen_bp.dsce_bpvector_inst.dsce_sad_m1_inst.gen_component_mad[7] ( /workspace/dsc-cix/dsc_cix_20260723/verilog_dsc/dsce_sad.sv:84:)
work@dsc_encoder.dsce_engine_inst.gen_slice[2].dsce_slice_inst.dsce_predict_inst.gen_bp.dsce_bpvector_inst.dsce_sad_m1_inst.gen_component_mad[8] ( /workspace/dsc-cix/dsc_cix_20260723/verilog_dsc/dsce_sad.sv:84:)
work@dsc_encoder.dsce_engine_inst.gen_slice[2].dsce_slice_inst.dsce_predict_inst.gen_bp.dsce_bpvector_inst.gen_sad_array[1] ( /workspace/dsc-cix/dsc_cix_20260723/verilog_dsc/dsce_bpvector.sv:252:)
work@dsc_encoder.dsce_engine_inst.gen_slice[2].dsce_slice_inst.dsce_predict_inst.gen_bp.dsce_bpvector_inst.gen_sad_array[1].dsce_sad_array_inst (work@dsce_sad /workspace/dsc-cix/dsc_cix_20260723/verilog_dsc/dsce_bpvector.sv:253:)
work@dsc_encoder.dsce_engine_inst.gen_slice[2].dsce_slice_inst.dsce_predict_inst.gen_bp.dsce_bpvector_inst.gen_sad_array[1].dsce_sad_array_inst.gen_component_mad[0] ( /workspace/dsc-cix/dsc_cix_20260723/verilog_dsc/dsce_sad.sv:84:)
work@dsc_encoder.dsce_engine_inst.gen_slice[2].dsce_slice_inst.dsce_predict_inst.gen_bp.dsce_bpvector_inst.gen_sad_array[1].dsce_sad_array_inst.gen_component_mad[1] ( /workspace/dsc-cix/dsc_cix_20260723/verilog_dsc/dsce_sad.sv:84:)
work@dsc_encoder.dsce_engine_inst.gen_slice[2].dsce_slice_inst.dsce_predict_inst.gen_bp.dsce_bpvector_inst.gen_sad_array[1].dsce_sad_array_inst.gen_component_mad[2] ( /workspace/dsc-cix/dsc_cix_20260723/verilog_dsc/dsce_sad.sv:84:)
work@dsc_encoder.dsce_engine_inst.gen_slice[2].dsce_slice_inst.dsce_predict_inst.gen_bp.dsce_bpvector_inst.gen_sad_array[1].dsce_sad_array_inst.gen_component_mad[3] ( /workspace/dsc-cix/dsc_cix_20260723/verilog_dsc/dsce_sad.sv:84:)
work@dsc_encoder.dsce_engine_inst.gen_slice[2].dsce_slice_inst.dsce_predict_inst.gen_bp.dsce_bpvector_inst.gen_sad_array[1].dsce_sad_array_inst.gen_component_mad[4] ( /workspace/dsc-cix/dsc_cix_20260723/verilog_dsc/dsce_sad.sv:84:)
work@dsc_encoder.dsce_engine_inst.gen_slice[2].dsce_slice_inst.dsce_predict_inst.gen_bp.dsce_bpvector_inst.gen_sad_array[1].dsce_sad_array_inst.gen_component_mad[5] ( /workspace/dsc-cix/dsc_cix_20260723/verilog_dsc/dsce_sad.sv:84:)
work@dsc_encoder.dsce_engine_inst.gen_slice[2].dsce_slice_inst.dsce_predict_inst.gen_bp.dsce_bpvector_inst.gen_sad_array[1].dsce_sad_array_inst.gen_component_mad[6] ( /workspace/dsc-cix/dsc_cix_20260723/verilog_dsc/dsce_sad.sv:84:)
work@dsc_encoder.dsce_engine_inst.gen_slice[2].dsce_slice_inst.dsce_predict_inst.gen_bp.dsce_bpvector_inst.gen_sad_array[1].dsce_sad_array_inst.gen_component_mad[7] ( /workspace/dsc-cix/dsc_cix_20260723/verilog_dsc/dsce_sad.sv:84:)
work@dsc_encoder.dsce_engine_inst.gen_slice[2].dsce_slice_inst.dsce_predict_inst.gen_bp.dsce_bpvector_inst.gen_sad_array[1].dsce_sad_array_inst.gen_component_mad[8] ( /workspace/dsc-cix/dsc_cix_20260723/verilog_dsc/dsce_sad.sv:84:)
work@dsc_encoder.dsce_engine_inst.gen_slice[2].dsce_slice_inst.dsce_predict_inst.gen_bp.dsce_bpvector_inst.gen_sad_array[2] ( /workspace/dsc-cix/dsc_cix_20260723/verilog_dsc/dsce_bpvector.sv:252:)
work@dsc_encoder.dsce_engine_inst.gen_slice[2].dsce_slice_inst.dsce_predict_inst.gen_bp.dsce_bpvector_inst.gen_sad_array[2].dsce_sad_array_inst (work@dsce_sad /workspace/dsc-cix/dsc_cix_20260723/verilog_dsc/dsce_bpvector.sv:253:)
work@dsc_encoder.dsce_engine_inst.gen_slice[2].dsce_slice_inst.dsce_predict_inst.gen_bp.dsce_bpvector_inst.gen_sad_array[2].dsce_sad_array_inst.gen_component_mad[0] ( /workspace/dsc-cix/dsc_cix_20260723/verilog_dsc/dsce_sad.sv:84:)
work@dsc_encoder.dsce_engine_inst.gen_slice[2].dsce_slice_inst.dsce_predict_inst.gen_bp.dsce_bpvector_inst.gen_sad_array[2].dsce_sad_array_inst.gen_component_mad[1] ( /workspace/dsc-cix/dsc_cix_20260723/verilog_dsc/dsce_sad.sv:84:)
work@dsc_encoder.dsce_engine_inst.gen_slice[2].dsce_slice_inst.dsce_predict_inst.gen_bp.dsce_bpvector_inst.gen_sad_array[2].dsce_sad_array_inst.gen_component_mad[2] ( /workspace/dsc-cix/dsc_cix_20260723/verilog_dsc/dsce_sad.sv:84:)
work@dsc_encoder.dsce_engine_inst.gen_slice[2].dsce_slice_inst.dsce_predict_inst.gen_bp.dsce_bpvector_inst.gen_sad_array[2].dsce_sad_array_inst.gen_component_mad[3] ( /workspace/dsc-cix/dsc_cix_20260723/verilog_dsc/dsce_sad.sv:84:)
work@dsc_encoder.dsce_engine_inst.gen_slice[2].dsce_slice_inst.dsce_predict_inst.gen_bp.dsce_bpvector_inst.gen_sad_array[2].dsce_sad_array_inst.gen_component_mad[4] ( /workspace/dsc-cix/dsc_cix_20260723/verilog_dsc/dsce_sad.sv:84:)
work@dsc_encoder.dsce_engine_inst.gen_slice[2].dsce_slice_inst.dsce_predict_inst.gen_bp.dsce_bpvector_inst.gen_sad_array[2].dsce_sad_array_inst.gen_component_mad[5] ( /workspace/dsc-cix/dsc_cix_20260723/verilog_dsc/dsce_sad.sv:84:)
work@dsc_encoder.dsce_engine_inst.gen_slice[2].dsce_slice_inst.dsce_predict_inst.gen_bp.dsce_bpvector_inst.gen_sad_array[2].dsce_sad_array_inst.gen_component_mad[6] ( /workspace/dsc-cix/dsc_cix_20260723/verilog_dsc/dsce_sad.sv:84:)
work@dsc_encoder.dsce_engine_inst.gen_slice[2].dsce_slice_inst.dsce_predict_inst.gen_bp.dsce_bpvector_inst.gen_sad_array[2].dsce_sad_array_inst.gen_component_mad[7] ( /workspace/dsc-cix/dsc_cix_20260723/verilog_dsc/dsce_sad.sv:84:)
work@dsc_encoder.dsce_engine_inst.gen_slice[2].dsce_slice_inst.dsce_predict_inst.gen_bp.dsce_bpvector_inst.gen_sad_array[2].dsce_sad_array_inst.gen_component_mad[8] ( /workspace/dsc-cix/dsc_cix_20260723/verilog_dsc/dsce_sad.sv:84:)
work@dsc_encoder.dsce_engine_inst.gen_slice[2].dsce_slice_inst.dsce_predict_inst.gen_bp.dsce_bpvector_inst.gen_sad_array[3] ( /workspace/dsc-cix/dsc_cix_20260723/verilog_dsc/dsce_bpvector.sv:252:)
work@dsc_encoder.dsce_engine_inst.gen_slice[2].dsce_slice_inst.dsce_predict_inst.gen_bp.dsce_bpvector_inst.gen_sad_array[3].dsce_sad_array_inst (work@dsce_sad /workspace/dsc-cix/dsc_cix_20260723/verilog_dsc/dsce_bpvector.sv:253:)
work@dsc_encoder.dsce_engine_inst.gen_slice[2].dsce_slice_inst.dsce_predict_inst.gen_bp.dsce_bpvector_inst.gen_sad_array[3].dsce_sad_array_inst.gen_component_mad[0] ( /workspace/dsc-cix/dsc_cix_20260723/verilog_dsc/dsce_sad.sv:84:)
work@dsc_encoder.dsce_engine_inst.gen_slice[2].dsce_slice_inst.dsce_predict_inst.gen_bp.dsce_bpvector_inst.gen_sad_array[3].dsce_sad_array_inst.gen_component_mad[1] ( /workspace/dsc-cix/dsc_cix_20260723/verilog_dsc/dsce_sad.sv:84:)
work@dsc_encoder.dsce_engine_inst.gen_slice[2].dsce_slice_inst.dsce_predict_inst.gen_bp.dsce_bpvector_inst.gen_sad_array[3].dsce_sad_array_inst.gen_component_mad[2] ( /workspace/dsc-cix/dsc_cix_20260723/verilog_dsc/dsce_sad.sv:84:)
work@dsc_encoder.dsce_engine_inst.gen_slice[2].dsce_slice_inst.dsce_predict_inst.gen_bp.dsce_bpvector_inst.gen_sad_array[3].dsce_sad_array_inst.gen_component_mad[3] ( /workspace/dsc-cix/dsc_cix_20260723/verilog_dsc/dsce_sad.sv:84:)
work@dsc_encoder.dsce_engine_inst.gen_slice[2].dsce_slice_inst.dsce_predict_inst.gen_bp.dsce_bpvector_inst.gen_sad_array[3].dsce_sad_array_inst.gen_component_mad[4] ( /workspace/dsc-cix/dsc_cix_20260723/verilog_dsc/dsce_sad.sv:84:)
work@dsc_encoder.dsce_engine_inst.gen_slice[2].dsce_slice_inst.dsce_predict_inst.gen_bp.dsce_bpvector_inst.gen_sad_array[3].dsce_sad_array_inst.gen_component_mad[5] ( /workspace/dsc-cix/dsc_cix_20260723/verilog_dsc/dsce_sad.sv:84:)
work@dsc_encoder.dsce_engine_inst.gen_slice[2].dsce_slice_inst.dsce_predict_inst.gen_bp.dsce_bpvector_inst.gen_sad_array[3].dsce_sad_array_inst.gen_component_mad[6] ( /workspace/dsc-cix/dsc_cix_20260723/verilog_dsc/dsce_sad.sv:84:)
work@dsc_encoder.dsce_engine_inst.gen_slice[2].dsce_slice_inst.dsce_predict_inst.gen_bp.dsce_bpvector_inst.gen_sad_array[3].dsce_sad_array_inst.gen_component_mad[7] ( /workspace/dsc-cix/dsc_cix_20260723/verilog_dsc/dsce_sad.sv:84:)
work@dsc_encoder.dsce_engine_inst.gen_slice[2].dsce_slice_inst.dsce_predict_inst.gen_bp.dsce_bpvector_inst.gen_sad_array[3].dsce_sad_array_inst.gen_component_mad[8] ( /workspace/dsc-cix/dsc_cix_20260723/verilog_dsc/dsce_sad.sv:84:)
work@dsc_encoder.dsce_engine_inst.gen_slice[2].dsce_slice_inst.dsce_predict_inst.gen_bp.dsce_bpvector_inst.gen_sad_array[4] ( /workspace/dsc-cix/dsc_cix_20260723/verilog_dsc/dsce_bpvector.sv:252:)
work@dsc_encoder.dsce_engine_inst.gen_slice[2].dsce_slice_inst.dsce_predict_inst.gen_bp.dsce_bpvector_inst.gen_sad_array[4].dsce_sad_array_inst (work@dsce_sad /workspace/dsc-cix/dsc_cix_20260723/verilog_dsc/dsce_bpvector.sv:253:)
work@dsc_encoder.dsce_engine_inst.gen_slice[2].dsce_slice_inst.dsce_predict_inst.gen_bp.dsce_bpvector_inst.gen_sad_array[4].dsce_sad_array_inst.gen_component_mad[0] ( /workspace/dsc-cix/dsc_cix_20260723/verilog_dsc/dsce_sad.sv:84:)
work@dsc_encoder.dsce_engine_inst.gen_slice[2].dsce_slice_inst.dsce_predict_inst.gen_bp.dsce_bpvector_inst.gen_sad_array[4].dsce_sad_array_inst.gen_component_mad[1] ( /workspace/dsc-cix/dsc_cix_20260723/verilog_dsc/dsce_sad.sv:84:)
work@dsc_encoder.dsce_engine_inst.gen_slice[2].dsce_slice_inst.dsce_predict_inst.gen_bp.dsce_bpvector_inst.gen_sad_array[4].dsce_sad_array_inst.gen_component_mad[2] ( /workspace/dsc-cix/dsc_cix_20260723/verilog_dsc/dsce_sad.sv:84:)
work@dsc_encoder.dsce_engine_inst.gen_slice[2].dsce_slice_inst.dsce_predict_inst.gen_bp.dsce_bpvector_inst.gen_sad_array[4].dsce_sad_array_inst.gen_component_mad[3] ( /workspace/dsc-cix/dsc_cix_20260723/verilog_dsc/dsce_sad.sv:84:)
work@dsc_encoder.dsce_engine_inst.gen_slice[2].dsce_slice_inst.dsce_predict_inst.gen_bp.dsce_bpvector_inst.gen_sad_array[4].dsce_sad_array_inst.gen_component_mad[4] ( /workspace/dsc-cix/dsc_cix_20260723/verilog_dsc/dsce_sad.sv:84:)
work@dsc_encoder.dsce_engine_inst.gen_slice[2].dsce_slice_inst.dsce_predict_inst.gen_bp.dsce_bpvector_inst.gen_sad_array[4].dsce_sad_array_inst.gen_component_mad[5] ( /workspace/dsc-cix/dsc_cix_20260723/verilog_dsc/dsce_sad.sv:84:)
work@dsc_encoder.dsce_engine_inst.gen_slice[2].dsce_slice_inst.dsce_predict_inst.gen_bp.dsce_bpvector_inst.gen_sad_array[4].dsce_sad_array_inst.gen_component_mad[6] ( /workspace/dsc-cix/dsc_cix_20260723/verilog_dsc/dsce_sad.sv:84:)
work@dsc_encoder.dsce_engine_inst.gen_slice[2].dsce_slice_inst.dsce_predict_inst.gen_bp.dsce_bpvector_inst.gen_sad_array[4].dsce_sad_array_inst.gen_component_mad[7] ( /workspace/dsc-cix/dsc_cix_20260723/verilog_dsc/dsce_sad.sv:84:)
work@dsc_encoder.dsce_engine_inst.gen_slice[2].dsce_slice_inst.dsce_predict_inst.gen_bp.dsce_bpvector_inst.gen_sad_array[4].dsce_sad_array_inst.gen_component_mad[8] ( /workspace/dsc-cix/dsc_cix_20260723/verilog_dsc/dsce_sad.sv:84:)
work@dsc_encoder.dsce_engine_inst.gen_slice[2].dsce_slice_inst.dsce_predict_inst.gen_bp.dsce_bpvector_inst.gen_sad_array[5] ( /workspace/dsc-cix/dsc_cix_20260723/verilog_dsc/dsce_bpvector.sv:252:)
work@dsc_encoder.dsce_engine_inst.gen_slice[2].dsce_slice_inst.dsce_predict_inst.gen_bp.dsce_bpvector_inst.gen_sad_array[5].dsce_sad_array_inst (work@dsce_sad /workspace/dsc-cix/dsc_cix_20260723/verilog_dsc/dsce_bpvector.sv:253:)
work@dsc_encoder.dsce_engine_inst.gen_slice[2].dsce_slice_inst.dsce_predict_inst.gen_bp.dsce_bpvector_inst.gen_sad_array[5].dsce_sad_array_inst.gen_component_mad[0] ( /workspace/dsc-cix/dsc_cix_20260723/verilog_dsc/dsce_sad.sv:84:)
work@dsc_encoder.dsce_engine_inst.gen_slice[2].dsce_slice_inst.dsce_predict_inst.gen_bp.dsce_bpvector_inst.gen_sad_array[5].dsce_sad_array_inst.gen_component_mad[1] ( /workspace/dsc-cix/dsc_cix_20260723/verilog_dsc/dsce_sad.sv:84:)
work@dsc_encoder.dsce_engine_inst.gen_slice[2].dsce_slice_inst.dsce_predict_inst.gen_bp.dsce_bpvector_inst.gen_sad_array[5].dsce_sad_array_inst.gen_component_mad[2] ( /workspace/dsc-cix/dsc_cix_20260723/verilog_dsc/dsce_sad.sv:84:)
work@dsc_encoder.dsce_engine_inst.gen_slice[2].dsce_slice_inst.dsce_predict_inst.gen_bp.dsce_bpvector_inst.gen_sad_array[5].dsce_sad_array_inst.gen_component_mad[3] ( /workspace/dsc-cix/dsc_cix_20260723/verilog_dsc/dsce_sad.sv:84:)
work@dsc_encoder.dsce_engine_inst.gen_slice[2].dsce_slice_inst.dsce_predict_inst.gen_bp.dsce_bpvector_inst.gen_sad_array[5].dsce_sad_array_inst.gen_component_mad[4] ( /workspace/dsc-cix/dsc_cix_20260723/verilog_dsc/dsce_sad.sv:84:)
work@dsc_encoder.dsce_engine_inst.gen_slice[2].dsce_slice_inst.dsce_predict_inst.gen_bp.dsce_bpvector_inst.gen_sad_array[5].dsce_sad_array_inst.gen_component_mad[5] ( /workspace/dsc-cix/dsc_cix_20260723/verilog_dsc/dsce_sad.sv:84:)
work@dsc_encoder.dsce_engine_inst.gen_slice[2].dsce_slice_inst.dsce_predict_inst.gen_bp.dsce_bpvector_inst.gen_sad_array[5].dsce_sad_array_inst.gen_component_mad[6] ( /workspace/dsc-cix/dsc_cix_20260723/verilog_dsc/dsce_sad.sv:84:)
work@dsc_encoder.dsce_engine_inst.gen_slice[2].dsce_slice_inst.dsce_predict_inst.gen_bp.dsce_bpvector_inst.gen_sad_array[5].dsce_sad_array_inst.gen_component_mad[7] ( /workspace/dsc-cix/dsc_cix_20260723/verilog_dsc/dsce_sad.sv:84:)
work@dsc_encoder.dsce_engine_inst.gen_slice[2].dsce_slice_inst.dsce_predict_inst.gen_bp.dsce_bpvector_inst.gen_sad_array[5].dsce_sad_array_inst.gen_component_mad[8] ( /workspace/dsc-cix/dsc_cix_20260723/verilog_dsc/dsce_sad.sv:84:)
work@dsc_encoder.dsce_engine_inst.gen_slice[2].dsce_slice_inst.dsce_predict_inst.gen_bp.dsce_bpvector_inst.gen_sad_array[6] ( /workspace/dsc-cix/dsc_cix_20260723/verilog_dsc/dsce_bpvector.sv:252:)
work@dsc_encoder.dsce_engine_inst.gen_slice[2].dsce_slice_inst.dsce_predict_inst.gen_bp.dsce_bpvector_inst.gen_sad_array[6].dsce_sad_array_inst (work@dsce_sad /workspace/dsc-cix/dsc_cix_20260723/verilog_dsc/dsce_bpvector.sv:253:)
work@dsc_encoder.dsce_engine_inst.gen_slice[2].dsce_slice_inst.dsce_predict_inst.gen_bp.dsce_bpvector_inst.gen_sad_array[6].dsce_sad_array_inst.gen_component_mad[0] ( /workspace/dsc-cix/dsc_cix_20260723/verilog_dsc/dsce_sad.sv:84:)
work@dsc_encoder.dsce_engine_inst.gen_slice[2].dsce_slice_inst.dsce_predict_inst.gen_bp.dsce_bpvector_inst.gen_sad_array[6].dsce_sad_array_inst.gen_component_mad[1] ( /workspace/dsc-cix/dsc_cix_20260723/verilog_dsc/dsce_sad.sv:84:)
work@dsc_encoder.dsce_engine_inst.gen_slice[2].dsce_slice_inst.dsce_predict_inst.gen_bp.dsce_bpvector_inst.gen_sad_array[6].dsce_sad_array_inst.gen_component_mad[2] ( /workspace/dsc-cix/dsc_cix_20260723/verilog_dsc/dsce_sad.sv:84:)
work@dsc_encoder.dsce_engine_inst.gen_slice[2].dsce_slice_inst.dsce_predict_inst.gen_bp.dsce_bpvector_inst.gen_sad_array[6].dsce_sad_array_inst.gen_component_mad[3] ( /workspace/dsc-cix/dsc_cix_20260723/verilog_dsc/dsce_sad.sv:84:)
work@dsc_encoder.dsce_engine_inst.gen_slice[2].dsce_slice_inst.dsce_predict_inst.gen_bp.dsce_bpvector_inst.gen_sad_array[6].dsce_sad_array_inst.gen_component_mad[4] ( /workspace/dsc-cix/dsc_cix_20260723/verilog_dsc/dsce_sad.sv:84:)
work@dsc_encoder.dsce_engine_inst.gen_slice[2].dsce_slice_inst.dsce_predict_inst.gen_bp.dsce_bpvector_inst.gen_sad_array[6].dsce_sad_array_inst.gen_component_mad[5] ( /workspace/dsc-cix/dsc_cix_20260723/verilog_dsc/dsce_sad.sv:84:)
work@dsc_encoder.dsce_engine_inst.gen_slice[2].dsce_slice_inst.dsce_predict_inst.gen_bp.dsce_bpvector_inst.gen_sad_array[6].dsce_sad_array_inst.gen_component_mad[6] ( /workspace/dsc-cix/dsc_cix_20260723/verilog_dsc/dsce_sad.sv:84:)
work@dsc_encoder.dsce_engine_inst.gen_slice[2].dsce_slice_inst.dsce_predict_inst.gen_bp.dsce_bpvector_inst.gen_sad_array[6].dsce_sad_array_inst.gen_component_mad[7] ( /workspace/dsc-cix/dsc_cix_20260723/verilog_dsc/dsce_sad.sv:84:)
work@dsc_encoder.dsce_engine_inst.gen_slice[2].dsce_slice_inst.dsce_predict_inst.gen_bp.dsce_bpvector_inst.gen_sad_array[6].dsce_sad_array_inst.gen_component_mad[8] ( /workspace/dsc-cix/dsc_cix_20260723/verilog_dsc/dsce_sad.sv:84:)
work@dsc_encoder.dsce_engine_inst.gen_slice[2].dsce_slice_inst.dsce_predict_inst.gen_bp.dsce_bpvector_inst.gen_sad_array[7] ( /workspace/dsc-cix/dsc_cix_20260723/verilog_dsc/dsce_bpvector.sv:252:)
work@dsc_encoder.dsce_engine_inst.gen_slice[2].dsce_slice_inst.dsce_predict_inst.gen_bp.dsce_bpvector_inst.gen_sad_array[7].dsce_sad_array_inst (work@dsce_sad /workspace/dsc-cix/dsc_cix_20260723/verilog_dsc/dsce_bpvector.sv:253:)
work@dsc_encoder.dsce_engine_inst.gen_slice[2].dsce_slice_inst.dsce_predict_inst.gen_bp.dsce_bpvector_inst.gen_sad_array[7].dsce_sad_array_inst.gen_component_mad[0] ( /workspace/dsc-cix/dsc_cix_20260723/verilog_dsc/dsce_sad.sv:84:)
work@dsc_encoder.dsce_engine_inst.gen_slice[2].dsce_slice_inst.dsce_predict_inst.gen_bp.dsce_bpvector_inst.gen_sad_array[7].dsce_sad_array_inst.gen_component_mad[1] ( /workspace/dsc-cix/dsc_cix_20260723/verilog_dsc/dsce_sad.sv:84:)
work@dsc_encoder.dsce_engine_inst.gen_slice[2].dsce_slice_inst.dsce_predict_inst.gen_bp.dsce_bpvector_inst.gen_sad_array[7].dsce_sad_array_inst.gen_component_mad[2] ( /workspace/dsc-cix/dsc_cix_20260723/verilog_dsc/dsce_sad.sv:84:)
work@dsc_encoder.dsce_engine_inst.gen_slice[2].dsce_slice_inst.dsce_predict_inst.gen_bp.dsce_bpvector_inst.gen_sad_array[7].dsce_sad_array_inst.gen_component_mad[3] ( /workspace/dsc-cix/dsc_cix_20260723/verilog_dsc/dsce_sad.sv:84:)
work@dsc_encoder.dsce_engine_inst.gen_slice[2].dsce_slice_inst.dsce_predict_inst.gen_bp.dsce_bpvector_inst.gen_sad_array[7].dsce_sad_array_inst.gen_component_mad[4] ( /workspace/dsc-cix/dsc_cix_20260723/verilog_dsc/dsce_sad.sv:84:)
work@dsc_encoder.dsce_engine_inst.gen_slice[2].dsce_slice_inst.dsce_predict_inst.gen_bp.dsce_bpvector_inst.gen_sad_array[7].dsce_sad_array_inst.gen_component_mad[5] ( /workspace/dsc-cix/dsc_cix_20260723/verilog_dsc/dsce_sad.sv:84:)
work@dsc_encoder.dsce_engine_inst.gen_slice[2].dsce_slice_inst.dsce_predict_inst.gen_bp.dsce_bpvector_inst.gen_sad_array[7].dsce_sad_array_inst.gen_component_mad[6] ( /workspace/dsc-cix/dsc_cix_20260723/verilog_dsc/dsce_sad.sv:84:)
work@dsc_encoder.dsce_engine_inst.gen_slice[2].dsce_slice_inst.dsce_predict_inst.gen_bp.dsce_bpvector_inst.gen_sad_array[7].dsce_sad_array_inst.gen_component_mad[7] ( /workspace/dsc-cix/dsc_cix_20260723/verilog_dsc/dsce_sad.sv:84:)
work@dsc_encoder.dsce_engine_inst.gen_slice[2].dsce_slice_inst.dsce_predict_inst.gen_bp.dsce_bpvector_inst.gen_sad_array[7].dsce_sad_array_inst.gen_component_mad[8] ( /workspace/dsc-cix/dsc_cix_20260723/verilog_dsc/dsce_sad.sv:84:)
work@dsc_encoder.dsce_engine_inst.gen_slice[2].dsce_slice_inst.dsce_predict_inst.gen_bp.dsce_bpvector_inst.gen_sad_array[8] ( /workspace/dsc-cix/dsc_cix_20260723/verilog_dsc/dsce_bpvector.sv:252:)
work@dsc_encoder.dsce_engine_inst.gen_slice[2].dsce_slice_inst.dsce_predict_inst.gen_bp.dsce_bpvector_inst.gen_sad_array[8].dsce_sad_array_inst (work@dsce_sad /workspace/dsc-cix/dsc_cix_20260723/verilog_dsc/dsce_bpvector.sv:253:)
work@dsc_encoder.dsce_engine_inst.gen_slice[2].dsce_slice_inst.dsce_predict_inst.gen_bp.dsce_bpvector_inst.gen_sad_array[8].dsce_sad_array_inst.gen_component_mad[0] ( /workspace/dsc-cix/dsc_cix_20260723/verilog_dsc/dsce_sad.sv:84:)
work@dsc_encoder.dsce_engine_inst.gen_slice[2].dsce_slice_inst.dsce_predict_inst.gen_bp.dsce_bpvector_inst.gen_sad_array[8].dsce_sad_array_inst.gen_component_mad[1] ( /workspace/dsc-cix/dsc_cix_20260723/verilog_dsc/dsce_sad.sv:84:)
work@dsc_encoder.dsce_engine_inst.gen_slice[2].dsce_slice_inst.dsce_predict_inst.gen_bp.dsce_bpvector_inst.gen_sad_array[8].dsce_sad_array_inst.gen_component_mad[2] ( /workspace/dsc-cix/dsc_cix_20260723/verilog_dsc/dsce_sad.sv:84:)
work@dsc_encoder.dsce_engine_inst.gen_slice[2].dsce_slice_inst.dsce_predict_inst.gen_bp.dsce_bpvector_inst.gen_sad_array[8].dsce_sad_array_inst.gen_component_mad[3] ( /workspace/dsc-cix/dsc_cix_20260723/verilog_dsc/dsce_sad.sv:84:)
work@dsc_encoder.dsce_engine_inst.gen_slice[2].dsce_slice_inst.dsce_predict_inst.gen_bp.dsce_bpvector_inst.gen_sad_array[8].dsce_sad_array_inst.gen_component_mad[4] ( /workspace/dsc-cix/dsc_cix_20260723/verilog_dsc/dsce_sad.sv:84:)
work@dsc_encoder.dsce_engine_inst.gen_slice[2].dsce_slice_inst.dsce_predict_inst.gen_bp.dsce_bpvector_inst.gen_sad_array[8].dsce_sad_array_inst.gen_component_mad[5] ( /workspace/dsc-cix/dsc_cix_20260723/verilog_dsc/dsce_sad.sv:84:)
work@dsc_encoder.dsce_engine_inst.gen_slice[2].dsce_slice_inst.dsce_predict_inst.gen_bp.dsce_bpvector_inst.gen_sad_array[8].dsce_sad_array_inst.gen_component_mad[6] ( /workspace/dsc-cix/dsc_cix_20260723/verilog_dsc/dsce_sad.sv:84:)
work@dsc_encoder.dsce_engine_inst.gen_slice[2].dsce_slice_inst.dsce_predict_inst.gen_bp.dsce_bpvector_inst.gen_sad_array[8].dsce_sad_array_inst.gen_component_mad[7] ( /workspace/dsc-cix/dsc_cix_20260723/verilog_dsc/dsce_sad.sv:84:)
work@dsc_encoder.dsce_engine_inst.gen_slice[2].dsce_slice_inst.dsce_predict_inst.gen_bp.dsce_bpvector_inst.gen_sad_array[8].dsce_sad_array_inst.gen_component_mad[8] ( /workspace/dsc-cix/dsc_cix_20260723/verilog_dsc/dsce_sad.sv:84:)
work@dsc_encoder.dsce_engine_inst.gen_slice[2].dsce_slice_inst.dsce_ich_inst (work@dsce_ich /workspace/dsc-cix/dsc_cix_20260723/verilog_dsc/dsce_slice.sv:272:)
work@dsc_encoder.dsce_engine_inst.gen_slice[2].dsce_slice_inst.dsce_ich_inst.dsce_ich_history_inst (work@dsce_ich_history /workspace/dsc-cix/dsc_cix_20260723/verilog_dsc/dsce_ich.sv:116:)
work@dsc_encoder.dsce_engine_inst.gen_slice[2].dsce_slice_inst.dsce_ich_inst.dsce_ich_candidate_inst (work@dsce_ich_candidate /workspace/dsc-cix/dsc_cix_20260723/verilog_dsc/dsce_ich.sv:144:)
work@dsc_encoder.dsce_engine_inst.gen_slice[2].dsce_slice_inst.dsce_ich_inst.dsce_ich_decision_inst (work@dsce_ich_decision /workspace/dsc-cix/dsc_cix_20260723/verilog_dsc/dsce_ich.sv:171:)
work@dsc_encoder.dsce_engine_inst.gen_slice[2].dsce_slice_inst.dsce_decision_inst (work@dsce_decision /workspace/dsc-cix/dsc_cix_20260723/verilog_dsc/dsce_slice.sv:313:)
work@dsc_encoder.dsce_engine_inst.gen_slice[2].dsce_slice_inst.dsce_linemem_inst (work@dsce_linemem /workspace/dsc-cix/dsc_cix_20260723/verilog_dsc/dsce_slice.sv:353:)
work@dsc_encoder.dsce_engine_inst.gen_slice[2].dsce_slice_inst.dsce_linemem_inst.line_buffer_inst (work@dsce_linemem::gram_bist_1r1w /workspace/dsc-cix/dsc_cix_20260723/verilog_dsc/dsce_linemem.sv:802:)
work@dsc_encoder.dsce_engine_inst.gen_slice[2].dsce_slice_inst.dsce_rate_adjust_inst (work@dsce_rate_adjust /workspace/dsc-cix/dsc_cix_20260723/verilog_dsc/dsce_slice.sv:382:)
work@dsc_encoder.dsce_engine_inst.gen_slice[2].dsce_slice_inst.dsce_rate_inst (work@dsce_rate /workspace/dsc-cix/dsc_cix_20260723/verilog_dsc/dsce_slice.sv:405:)
work@dsc_encoder.dsce_engine_inst.gen_slice[2].dsce_slice_inst.dsce_qlevel_inst (work@dsce_qlevel /workspace/dsc-cix/dsc_cix_20260723/verilog_dsc/dsce_slice.sv:437:)
work@dsc_encoder.dsce_engine_inst.gen_slice[2].dsce_slice_inst.dsce_format_inst (work@dsce_format /workspace/dsc-cix/dsc_cix_20260723/verilog_dsc/dsce_slice.sv:462:)
work@dsc_encoder.dsce_engine_inst.gen_slice[2].dsce_slice_inst.dsce_format_inst.dsce_stream_builder_inst (work@dsce_stream_builder /workspace/dsc-cix/dsc_cix_20260723/verilog_dsc/dsce_format.sv:179:)
work@dsc_encoder.dsce_engine_inst.gen_slice[2].dsce_slice_inst.dsce_format_inst.dsce_stream_builder_inst.gen_buffers[0] ( /workspace/dsc-cix/dsc_cix_20260723/verilog_dsc/dsce_stream_builder.sv:242:)
work@dsc_encoder.dsce_engine_inst.gen_slice[2].dsce_slice_inst.dsce_format_inst.dsce_stream_builder_inst.gen_buffers[0].dsce_stream_fifo_inst (work@dsce_stream_fifo /workspace/dsc-cix/dsc_cix_20260723/verilog_dsc/dsce_stream_builder.sv:243:)
work@dsc_encoder.dsce_engine_inst.gen_slice[2].dsce_slice_inst.dsce_format_inst.dsce_stream_builder_inst.gen_buffers[1] ( /workspace/dsc-cix/dsc_cix_20260723/verilog_dsc/dsce_stream_builder.sv:242:)
work@dsc_encoder.dsce_engine_inst.gen_slice[2].dsce_slice_inst.dsce_format_inst.dsce_stream_builder_inst.gen_buffers[1].dsce_stream_fifo_inst (work@dsce_stream_fifo /workspace/dsc-cix/dsc_cix_20260723/verilog_dsc/dsce_stream_builder.sv:243:)
work@dsc_encoder.dsce_engine_inst.gen_slice[2].dsce_slice_inst.dsce_format_inst.dsce_stream_builder_inst.gen_buffers[2] ( /workspace/dsc-cix/dsc_cix_20260723/verilog_dsc/dsce_stream_builder.sv:242:)
work@dsc_encoder.dsce_engine_inst.gen_slice[2].dsce_slice_inst.dsce_format_inst.dsce_stream_builder_inst.gen_buffers[2].dsce_stream_fifo_inst (work@dsce_stream_fifo /workspace/dsc-cix/dsc_cix_20260723/verilog_dsc/dsce_stream_builder.sv:243:)
work@dsc_encoder.dsce_engine_inst.gen_slice[2].dsce_slice_inst.dsce_format_inst.dsce_format_buffer_inst (work@dsce_format_buffer /workspace/dsc-cix/dsc_cix_20260723/verilog_dsc/dsce_format.sv:204:)
work@dsc_encoder.dsce_engine_inst.gen_slice[2].dsce_slice_inst.dsce_format_inst.dsce_format_buffer_inst.sync_xmit_inst (work@dsce_format_buffer::gprim_sync_stage /workspace/dsc-cix/dsc_cix_20260723/verilog_dsc/dsce_format_buffer.sv:272:)
work@dsc_encoder.dsce_engine_inst.gen_slice[2].dsce_slice_inst.dsce_format_inst.dsce_format_buffer_inst.sync_frame_inst (work@dsce_format_buffer::gprim_sync2_stage /workspace/dsc-cix/dsc_cix_20260723/verilog_dsc/dsce_format_buffer.sv:273:)
work@dsc_encoder.dsce_engine_inst.gen_slice[2].dsce_slice_inst.dsce_format_inst.dsce_format_buffer_inst.format_buffer_inst (work@dsce_format_buffer::gram_bist_1r1w /workspace/dsc-cix/dsc_cix_20260723/verilog_dsc/dsce_format_buffer.sv:276:)
work@dsc_encoder.dsce_engine_inst.gen_slice[2].dsce_slice_inst.dsce_format_inst.dsce_format_buffer_inst.gen_waddr[0] ( /workspace/dsc-cix/dsc_cix_20260723/verilog_dsc/dsce_format_buffer.sv:269:)
work@dsc_encoder.dsce_engine_inst.gen_slice[2].dsce_slice_inst.dsce_format_inst.dsce_format_buffer_inst.gen_waddr[0].sync_waddr_inst (work@dsc_encoder.dsce_engine_inst.gen_slice[2].dsce_slice_inst.dsce_format_inst.dsce_format_buffer_inst.gen_waddr[0]::gprim_sync_stage /workspace/dsc-cix/dsc_cix_20260723/verilog_dsc/dsce_format_buffer.sv:270:)
work@dsc_encoder.dsce_engine_inst.gen_slice[2].dsce_slice_inst.dsce_format_inst.dsce_format_buffer_inst.gen_waddr[1] ( /workspace/dsc-cix/dsc_cix_20260723/verilog_dsc/dsce_format_buffer.sv:269:)
work@dsc_encoder.dsce_engine_inst.gen_slice[2].dsce_slice_inst.dsce_format_inst.dsce_format_buffer_inst.gen_waddr[1].sync_waddr_inst (work@dsc_encoder.dsce_engine_inst.gen_slice[2].dsce_slice_inst.dsce_format_inst.dsce_format_buffer_inst.gen_waddr[1]::gprim_sync_stage /workspace/dsc-cix/dsc_cix_20260723/verilog_dsc/dsce_format_buffer.sv:270:)
work@dsc_encoder.dsce_engine_inst.gen_slice[2].dsce_slice_inst.dsce_format_inst.dsce_format_buffer_inst.gen_waddr[2] ( /workspace/dsc-cix/dsc_cix_20260723/verilog_dsc/dsce_format_buffer.sv:269:)
work@dsc_encoder.dsce_engine_inst.gen_slice[2].dsce_slice_inst.dsce_format_inst.dsce_format_buffer_inst.gen_waddr[2].sync_waddr_inst (work@dsc_encoder.dsce_engine_inst.gen_slice[2].dsce_slice_inst.dsce_format_inst.dsce_format_buffer_inst.gen_waddr[2]::gprim_sync_stage /workspace/dsc-cix/dsc_cix_20260723/verilog_dsc/dsce_format_buffer.sv:270:)
work@dsc_encoder.dsce_engine_inst.gen_slice[2].dsce_slice_inst.dsce_format_inst.dsce_format_buffer_inst.gen_waddr[3] ( /workspace/dsc-cix/dsc_cix_20260723/verilog_dsc/dsce_format_buffer.sv:269:)
work@dsc_encoder.dsce_engine_inst.gen_slice[2].dsce_slice_inst.dsce_format_inst.dsce_format_buffer_inst.gen_waddr[3].sync_waddr_inst (work@dsc_encoder.dsce_engine_inst.gen_slice[2].dsce_slice_inst.dsce_format_inst.dsce_format_buffer_inst.gen_waddr[3]::gprim_sync_stage /workspace/dsc-cix/dsc_cix_20260723/verilog_dsc/dsce_format_buffer.sv:270:)
work@dsc_encoder.dsce_engine_inst.gen_slice[2].dsce_slice_inst.dsce_format_inst.dsce_format_buffer_inst.gen_waddr[4] ( /workspace/dsc-cix/dsc_cix_20260723/verilog_dsc/dsce_format_buffer.sv:269:)
work@dsc_encoder.dsce_engine_inst.gen_slice[2].dsce_slice_inst.dsce_format_inst.dsce_format_buffer_inst.gen_waddr[4].sync_waddr_inst (work@dsc_encoder.dsce_engine_inst.gen_slice[2].dsce_slice_inst.dsce_format_inst.dsce_format_buffer_inst.gen_waddr[4]::gprim_sync_stage /workspace/dsc-cix/dsc_cix_20260723/verilog_dsc/dsce_format_buffer.sv:270:)
work@dsc_encoder.dsce_engine_inst.gen_slice[2].dsce_slice_inst.dsce_format_inst.dsce_format_buffer_inst.gen_waddr[5] ( /workspace/dsc-cix/dsc_cix_20260723/verilog_dsc/dsce_format_buffer.sv:269:)
work@dsc_encoder.dsce_engine_inst.gen_slice[2].dsce_slice_inst.dsce_format_inst.dsce_format_buffer_inst.gen_waddr[5].sync_waddr_inst (work@dsc_encoder.dsce_engine_inst.gen_slice[2].dsce_slice_inst.dsce_format_inst.dsce_format_buffer_inst.gen_waddr[5]::gprim_sync_stage /workspace/dsc-cix/dsc_cix_20260723/verilog_dsc/dsce_format_buffer.sv:270:)
work@dsc_encoder.dsce_engine_inst.gen_slice[2].dsce_slice_inst.dsce_format_inst.dsce_format_buffer_inst.gen_waddr[6] ( /workspace/dsc-cix/dsc_cix_20260723/verilog_dsc/dsce_format_buffer.sv:269:)
work@dsc_encoder.dsce_engine_inst.gen_slice[2].dsce_slice_inst.dsce_format_inst.dsce_format_buffer_inst.gen_waddr[6].sync_waddr_inst (work@dsc_encoder.dsce_engine_inst.gen_slice[2].dsce_slice_inst.dsce_format_inst.dsce_format_buffer_inst.gen_waddr[6]::gprim_sync_stage /workspace/dsc-cix/dsc_cix_20260723/verilog_dsc/dsce_format_buffer.sv:270:)
work@dsc_encoder.dsce_engine_inst.gen_slice[2].dsce_slice_inst.dsce_format_inst.dsce_format_buffer_inst.gen_waddr[7] ( /workspace/dsc-cix/dsc_cix_20260723/verilog_dsc/dsce_format_buffer.sv:269:)
work@dsc_encoder.dsce_engine_inst.gen_slice[2].dsce_slice_inst.dsce_format_inst.dsce_format_buffer_inst.gen_waddr[7].sync_waddr_inst (work@dsc_encoder.dsce_engine_inst.gen_slice[2].dsce_slice_inst.dsce_format_inst.dsce_format_buffer_inst.gen_waddr[7]::gprim_sync_stage /workspace/dsc-cix/dsc_cix_20260723/verilog_dsc/dsce_format_buffer.sv:270:)
work@dsc_encoder.dsce_engine_inst.gen_slice[2].dsce_slice_inst.dsce_format_inst.gen_vlc[0] ( /workspace/dsc-cix/dsc_cix_20260723/verilog_dsc/dsce_format.sv:115:)
work@dsc_encoder.dsce_engine_inst.gen_slice[2].dsce_slice_inst.dsce_format_inst.gen_vlc[0].dsce_vlc_inst (work@dsce_vlc /workspace/dsc-cix/dsc_cix_20260723/verilog_dsc/dsce_format.sv:119:)
work@dsc_encoder.dsce_engine_inst.gen_slice[2].dsce_slice_inst.dsce_format_inst.gen_vlc[0].dsce_muxword_inst (work@dsce_muxword /workspace/dsc-cix/dsc_cix_20260723/verilog_dsc/dsce_format.sv:156:)
work@dsc_encoder.dsce_engine_inst.gen_slice[2].dsce_slice_inst.dsce_format_inst.gen_vlc[1] ( /workspace/dsc-cix/dsc_cix_20260723/verilog_dsc/dsce_format.sv:115:)
work@dsc_encoder.dsce_engine_inst.gen_slice[2].dsce_slice_inst.dsce_format_inst.gen_vlc[1].dsce_vlc_inst (work@dsce_vlc /workspace/dsc-cix/dsc_cix_20260723/verilog_dsc/dsce_format.sv:119:)
work@dsc_encoder.dsce_engine_inst.gen_slice[2].dsce_slice_inst.dsce_format_inst.gen_vlc[1].dsce_muxword_inst (work@dsce_muxword /workspace/dsc-cix/dsc_cix_20260723/verilog_dsc/dsce_format.sv:156:)
work@dsc_encoder.dsce_engine_inst.gen_slice[2].dsce_slice_inst.dsce_format_inst.gen_vlc[2] ( /workspace/dsc-cix/dsc_cix_20260723/verilog_dsc/dsce_format.sv:115:)
work@dsc_encoder.dsce_engine_inst.gen_slice[2].dsce_slice_inst.dsce_format_inst.gen_vlc[2].dsce_vlc_inst (work@dsce_vlc /workspace/dsc-cix/dsc_cix_20260723/verilog_dsc/dsce_format.sv:119:)
work@dsc_encoder.dsce_engine_inst.gen_slice[2].dsce_slice_inst.dsce_format_inst.gen_vlc[2].dsce_muxword_inst (work@dsce_muxword /workspace/dsc-cix/dsc_cix_20260723/verilog_dsc/dsce_format.sv:156:)
work@dsc_encoder.dsce_engine_inst.gen_slice[3] ( /workspace/dsc-cix/dsc_cix_20260723/verilog_dsc/dsce_engine.sv:174:)
work@dsc_encoder.dsce_engine_inst.gen_slice[3].dsce_slice_inst (work@dsce_slice /workspace/dsc-cix/dsc_cix_20260723/verilog_dsc/dsce_engine.sv:175:)
work@dsc_encoder.dsce_engine_inst.gen_slice[3].dsce_slice_inst.dsce_convert_inst (work@dsce_convert /workspace/dsc-cix/dsc_cix_20260723/verilog_dsc/dsce_slice.sv:150:)
work@dsc_encoder.dsce_engine_inst.gen_slice[3].dsce_slice_inst.dsce_slice_buffer_inst (work@dsce_slice_buffer /workspace/dsc-cix/dsc_cix_20260723/verilog_dsc/dsce_slice.sv:171:)
work@dsc_encoder.dsce_engine_inst.gen_slice[3].dsce_slice_inst.dsce_slice_buffer_inst.input_buffer_inst (work@dsce_slice_buffer::gram_bist_1r1w /workspace/dsc-cix/dsc_cix_20260723/verilog_dsc/dsce_slice_buffer.sv:349:)
work@dsc_encoder.dsce_engine_inst.gen_slice[3].dsce_slice_inst.dsce_slice_buffer_inst.sync_wrdy_inst (work@dsce_slice_buffer::gprim_sync_stage /workspace/dsc-cix/dsc_cix_20260723/verilog_dsc/dsce_slice_buffer.sv:370:)
work@dsc_encoder.dsce_engine_inst.gen_slice[3].dsce_slice_inst.dsce_flatness_inst (work@dsce_flatness /workspace/dsc-cix/dsc_cix_20260723/verilog_dsc/dsce_slice.sv:208:)
work@dsc_encoder.dsce_engine_inst.gen_slice[3].dsce_slice_inst.dsce_flatness_inst.dsce_flat_check_inst (work@dsce_flat_check /workspace/dsc-cix/dsc_cix_20260723/verilog_dsc/dsce_flatness.sv:76:)
work@dsc_encoder.dsce_engine_inst.gen_slice[3].dsce_slice_inst.dsce_flatness_inst.dsce_flat_flags_inst (work@dsce_flat_flags /workspace/dsc-cix/dsc_cix_20260723/verilog_dsc/dsce_flatness.sv:95:)
work@dsc_encoder.dsce_engine_inst.gen_slice[3].dsce_slice_inst.dsce_predict_inst (work@dsce_predict /workspace/dsc-cix/dsc_cix_20260723/verilog_dsc/dsce_slice.sv:235:)
work@dsc_encoder.dsce_engine_inst.gen_slice[3].dsce_slice_inst.dsce_predict_inst.dsce_mpp_y_inst (work@dsce_mpp /workspace/dsc-cix/dsc_cix_20260723/verilog_dsc/dsce_predict.sv:156:)
work@dsc_encoder.dsce_engine_inst.gen_slice[3].dsce_slice_inst.dsce_predict_inst.dsce_mpp_co_inst (work@dsce_mpp /workspace/dsc-cix/dsc_cix_20260723/verilog_dsc/dsce_predict.sv:181:)
work@dsc_encoder.dsce_engine_inst.gen_slice[3].dsce_slice_inst.dsce_predict_inst.dsce_mpp_cg_inst (work@dsce_mpp /workspace/dsc-cix/dsc_cix_20260723/verilog_dsc/dsce_predict.sv:206:)
work@dsc_encoder.dsce_engine_inst.gen_slice[3].dsce_slice_inst.dsce_predict_inst.dsce_mmap_y_inst (work@dsce_mmap /workspace/dsc-cix/dsc_cix_20260723/verilog_dsc/dsce_predict.sv:231:)
work@dsc_encoder.dsce_engine_inst.gen_slice[3].dsce_slice_inst.dsce_predict_inst.dsce_mmap_co_inst (work@dsce_mmap /workspace/dsc-cix/dsc_cix_20260723/verilog_dsc/dsce_predict.sv:256:)
work@dsc_encoder.dsce_engine_inst.gen_slice[3].dsce_slice_inst.dsce_predict_inst.dsce_mmap_cg_inst (work@dsce_mmap /workspace/dsc-cix/dsc_cix_20260723/verilog_dsc/dsce_predict.sv:281:)
work@dsc_encoder.dsce_engine_inst.gen_slice[3].dsce_slice_inst.dsce_predict_inst.gen_bp ( /workspace/dsc-cix/dsc_cix_20260723/verilog_dsc/dsce_predict.sv:309:)
work@dsc_encoder.dsce_engine_inst.gen_slice[3].dsce_slice_inst.dsce_predict_inst.gen_bp.dsce_bpvector_inst (work@dsce_bpvector /workspace/dsc-cix/dsc_cix_20260723/verilog_dsc/dsce_predict.sv:310:)
work@dsc_encoder.dsce_engine_inst.gen_slice[3].dsce_slice_inst.dsce_predict_inst.gen_bp.dsce_bpvector_inst.dsce_sad_m1_inst (work@dsce_sad /workspace/dsc-cix/dsc_cix_20260723/verilog_dsc/dsce_bpvector.sv:238:)
work@dsc_encoder.dsce_engine_inst.gen_slice[3].dsce_slice_inst.dsce_predict_inst.gen_bp.dsce_bpvector_inst.dsce_sad_m1_inst.gen_component_mad[0] ( /workspace/dsc-cix/dsc_cix_20260723/verilog_dsc/dsce_sad.sv:84:)
work@dsc_encoder.dsce_engine_inst.gen_slice[3].dsce_slice_inst.dsce_predict_inst.gen_bp.dsce_bpvector_inst.dsce_sad_m1_inst.gen_component_mad[1] ( /workspace/dsc-cix/dsc_cix_20260723/verilog_dsc/dsce_sad.sv:84:)
work@dsc_encoder.dsce_engine_inst.gen_slice[3].dsce_slice_inst.dsce_predict_inst.gen_bp.dsce_bpvector_inst.dsce_sad_m1_inst.gen_component_mad[2] ( /workspace/dsc-cix/dsc_cix_20260723/verilog_dsc/dsce_sad.sv:84:)
work@dsc_encoder.dsce_engine_inst.gen_slice[3].dsce_slice_inst.dsce_predict_inst.gen_bp.dsce_bpvector_inst.dsce_sad_m1_inst.gen_component_mad[3] ( /workspace/dsc-cix/dsc_cix_20260723/verilog_dsc/dsce_sad.sv:84:)
work@dsc_encoder.dsce_engine_inst.gen_slice[3].dsce_slice_inst.dsce_predict_inst.gen_bp.dsce_bpvector_inst.dsce_sad_m1_inst.gen_component_mad[4] ( /workspace/dsc-cix/dsc_cix_20260723/verilog_dsc/dsce_sad.sv:84:)
work@dsc_encoder.dsce_engine_inst.gen_slice[3].dsce_slice_inst.dsce_predict_inst.gen_bp.dsce_bpvector_inst.dsce_sad_m1_inst.gen_component_mad[5] ( /workspace/dsc-cix/dsc_cix_20260723/verilog_dsc/dsce_sad.sv:84:)
work@dsc_encoder.dsce_engine_inst.gen_slice[3].dsce_slice_inst.dsce_predict_inst.gen_bp.dsce_bpvector_inst.dsce_sad_m1_inst.gen_component_mad[6] ( /workspace/dsc-cix/dsc_cix_20260723/verilog_dsc/dsce_sad.sv:84:)
work@dsc_encoder.dsce_engine_inst.gen_slice[3].dsce_slice_inst.dsce_predict_inst.gen_bp.dsce_bpvector_inst.dsce_sad_m1_inst.gen_component_mad[7] ( /workspace/dsc-cix/dsc_cix_20260723/verilog_dsc/dsce_sad.sv:84:)
work@dsc_encoder.dsce_engine_inst.gen_slice[3].dsce_slice_inst.dsce_predict_inst.gen_bp.dsce_bpvector_inst.dsce_sad_m1_inst.gen_component_mad[8] ( /workspace/dsc-cix/dsc_cix_20260723/verilog_dsc/dsce_sad.sv:84:)
work@dsc_encoder.dsce_engine_inst.gen_slice[3].dsce_slice_inst.dsce_predict_inst.gen_bp.dsce_bpvector_inst.gen_sad_array[1] ( /workspace/dsc-cix/dsc_cix_20260723/verilog_dsc/dsce_bpvector.sv:252:)
work@dsc_encoder.dsce_engine_inst.gen_slice[3].dsce_slice_inst.dsce_predict_inst.gen_bp.dsce_bpvector_inst.gen_sad_array[1].dsce_sad_array_inst (work@dsce_sad /workspace/dsc-cix/dsc_cix_20260723/verilog_dsc/dsce_bpvector.sv:253:)
work@dsc_encoder.dsce_engine_inst.gen_slice[3].dsce_slice_inst.dsce_predict_inst.gen_bp.dsce_bpvector_inst.gen_sad_array[1].dsce_sad_array_inst.gen_component_mad[0] ( /workspace/dsc-cix/dsc_cix_20260723/verilog_dsc/dsce_sad.sv:84:)
work@dsc_encoder.dsce_engine_inst.gen_slice[3].dsce_slice_inst.dsce_predict_inst.gen_bp.dsce_bpvector_inst.gen_sad_array[1].dsce_sad_array_inst.gen_component_mad[1] ( /workspace/dsc-cix/dsc_cix_20260723/verilog_dsc/dsce_sad.sv:84:)
work@dsc_encoder.dsce_engine_inst.gen_slice[3].dsce_slice_inst.dsce_predict_inst.gen_bp.dsce_bpvector_inst.gen_sad_array[1].dsce_sad_array_inst.gen_component_mad[2] ( /workspace/dsc-cix/dsc_cix_20260723/verilog_dsc/dsce_sad.sv:84:)
work@dsc_encoder.dsce_engine_inst.gen_slice[3].dsce_slice_inst.dsce_predict_inst.gen_bp.dsce_bpvector_inst.gen_sad_array[1].dsce_sad_array_inst.gen_component_mad[3] ( /workspace/dsc-cix/dsc_cix_20260723/verilog_dsc/dsce_sad.sv:84:)
work@dsc_encoder.dsce_engine_inst.gen_slice[3].dsce_slice_inst.dsce_predict_inst.gen_bp.dsce_bpvector_inst.gen_sad_array[1].dsce_sad_array_inst.gen_component_mad[4] ( /workspace/dsc-cix/dsc_cix_20260723/verilog_dsc/dsce_sad.sv:84:)
work@dsc_encoder.dsce_engine_inst.gen_slice[3].dsce_slice_inst.dsce_predict_inst.gen_bp.dsce_bpvector_inst.gen_sad_array[1].dsce_sad_array_inst.gen_component_mad[5] ( /workspace/dsc-cix/dsc_cix_20260723/verilog_dsc/dsce_sad.sv:84:)
work@dsc_encoder.dsce_engine_inst.gen_slice[3].dsce_slice_inst.dsce_predict_inst.gen_bp.dsce_bpvector_inst.gen_sad_array[1].dsce_sad_array_inst.gen_component_mad[6] ( /workspace/dsc-cix/dsc_cix_20260723/verilog_dsc/dsce_sad.sv:84:)
work@dsc_encoder.dsce_engine_inst.gen_slice[3].dsce_slice_inst.dsce_predict_inst.gen_bp.dsce_bpvector_inst.gen_sad_array[1].dsce_sad_array_inst.gen_component_mad[7] ( /workspace/dsc-cix/dsc_cix_20260723/verilog_dsc/dsce_sad.sv:84:)
work@dsc_encoder.dsce_engine_inst.gen_slice[3].dsce_slice_inst.dsce_predict_inst.gen_bp.dsce_bpvector_inst.gen_sad_array[1].dsce_sad_array_inst.gen_component_mad[8] ( /workspace/dsc-cix/dsc_cix_20260723/verilog_dsc/dsce_sad.sv:84:)
work@dsc_encoder.dsce_engine_inst.gen_slice[3].dsce_slice_inst.dsce_predict_inst.gen_bp.dsce_bpvector_inst.gen_sad_array[2] ( /workspace/dsc-cix/dsc_cix_20260723/verilog_dsc/dsce_bpvector.sv:252:)
work@dsc_encoder.dsce_engine_inst.gen_slice[3].dsce_slice_inst.dsce_predict_inst.gen_bp.dsce_bpvector_inst.gen_sad_array[2].dsce_sad_array_inst (work@dsce_sad /workspace/dsc-cix/dsc_cix_20260723/verilog_dsc/dsce_bpvector.sv:253:)
work@dsc_encoder.dsce_engine_inst.gen_slice[3].dsce_slice_inst.dsce_predict_inst.gen_bp.dsce_bpvector_inst.gen_sad_array[2].dsce_sad_array_inst.gen_component_mad[0] ( /workspace/dsc-cix/dsc_cix_20260723/verilog_dsc/dsce_sad.sv:84:)
work@dsc_encoder.dsce_engine_inst.gen_slice[3].dsce_slice_inst.dsce_predict_inst.gen_bp.dsce_bpvector_inst.gen_sad_array[2].dsce_sad_array_inst.gen_component_mad[1] ( /workspace/dsc-cix/dsc_cix_20260723/verilog_dsc/dsce_sad.sv:84:)
work@dsc_encoder.dsce_engine_inst.gen_slice[3].dsce_slice_inst.dsce_predict_inst.gen_bp.dsce_bpvector_inst.gen_sad_array[2].dsce_sad_array_inst.gen_component_mad[2] ( /workspace/dsc-cix/dsc_cix_20260723/verilog_dsc/dsce_sad.sv:84:)
work@dsc_encoder.dsce_engine_inst.gen_slice[3].dsce_slice_inst.dsce_predict_inst.gen_bp.dsce_bpvector_inst.gen_sad_array[2].dsce_sad_array_inst.gen_component_mad[3] ( /workspace/dsc-cix/dsc_cix_20260723/verilog_dsc/dsce_sad.sv:84:)
work@dsc_encoder.dsce_engine_inst.gen_slice[3].dsce_slice_inst.dsce_predict_inst.gen_bp.dsce_bpvector_inst.gen_sad_array[2].dsce_sad_array_inst.gen_component_mad[4] ( /workspace/dsc-cix/dsc_cix_20260723/verilog_dsc/dsce_sad.sv:84:)
work@dsc_encoder.dsce_engine_inst.gen_slice[3].dsce_slice_inst.dsce_predict_inst.gen_bp.dsce_bpvector_inst.gen_sad_array[2].dsce_sad_array_inst.gen_component_mad[5] ( /workspace/dsc-cix/dsc_cix_20260723/verilog_dsc/dsce_sad.sv:84:)
work@dsc_encoder.dsce_engine_inst.gen_slice[3].dsce_slice_inst.dsce_predict_inst.gen_bp.dsce_bpvector_inst.gen_sad_array[2].dsce_sad_array_inst.gen_component_mad[6] ( /workspace/dsc-cix/dsc_cix_20260723/verilog_dsc/dsce_sad.sv:84:)
work@dsc_encoder.dsce_engine_inst.gen_slice[3].dsce_slice_inst.dsce_predict_inst.gen_bp.dsce_bpvector_inst.gen_sad_array[2].dsce_sad_array_inst.gen_component_mad[7] ( /workspace/dsc-cix/dsc_cix_20260723/verilog_dsc/dsce_sad.sv:84:)
work@dsc_encoder.dsce_engine_inst.gen_slice[3].dsce_slice_inst.dsce_predict_inst.gen_bp.dsce_bpvector_inst.gen_sad_array[2].dsce_sad_array_inst.gen_component_mad[8] ( /workspace/dsc-cix/dsc_cix_20260723/verilog_dsc/dsce_sad.sv:84:)
work@dsc_encoder.dsce_engine_inst.gen_slice[3].dsce_slice_inst.dsce_predict_inst.gen_bp.dsce_bpvector_inst.gen_sad_array[3] ( /workspace/dsc-cix/dsc_cix_20260723/verilog_dsc/dsce_bpvector.sv:252:)
work@dsc_encoder.dsce_engine_inst.gen_slice[3].dsce_slice_inst.dsce_predict_inst.gen_bp.dsce_bpvector_inst.gen_sad_array[3].dsce_sad_array_inst (work@dsce_sad /workspace/dsc-cix/dsc_cix_20260723/verilog_dsc/dsce_bpvector.sv:253:)
work@dsc_encoder.dsce_engine_inst.gen_slice[3].dsce_slice_inst.dsce_predict_inst.gen_bp.dsce_bpvector_inst.gen_sad_array[3].dsce_sad_array_inst.gen_component_mad[0] ( /workspace/dsc-cix/dsc_cix_20260723/verilog_dsc/dsce_sad.sv:84:)
work@dsc_encoder.dsce_engine_inst.gen_slice[3].dsce_slice_inst.dsce_predict_inst.gen_bp.dsce_bpvector_inst.gen_sad_array[3].dsce_sad_array_inst.gen_component_mad[1] ( /workspace/dsc-cix/dsc_cix_20260723/verilog_dsc/dsce_sad.sv:84:)
work@dsc_encoder.dsce_engine_inst.gen_slice[3].dsce_slice_inst.dsce_predict_inst.gen_bp.dsce_bpvector_inst.gen_sad_array[3].dsce_sad_array_inst.gen_component_mad[2] ( /workspace/dsc-cix/dsc_cix_20260723/verilog_dsc/dsce_sad.sv:84:)
work@dsc_encoder.dsce_engine_inst.gen_slice[3].dsce_slice_inst.dsce_predict_inst.gen_bp.dsce_bpvector_inst.gen_sad_array[3].dsce_sad_array_inst.gen_component_mad[3] ( /workspace/dsc-cix/dsc_cix_20260723/verilog_dsc/dsce_sad.sv:84:)
work@dsc_encoder.dsce_engine_inst.gen_slice[3].dsce_slice_inst.dsce_predict_inst.gen_bp.dsce_bpvector_inst.gen_sad_array[3].dsce_sad_array_inst.gen_component_mad[4] ( /workspace/dsc-cix/dsc_cix_20260723/verilog_dsc/dsce_sad.sv:84:)
work@dsc_encoder.dsce_engine_inst.gen_slice[3].dsce_slice_inst.dsce_predict_inst.gen_bp.dsce_bpvector_inst.gen_sad_array[3].dsce_sad_array_inst.gen_component_mad[5] ( /workspace/dsc-cix/dsc_cix_20260723/verilog_dsc/dsce_sad.sv:84:)
work@dsc_encoder.dsce_engine_inst.gen_slice[3].dsce_slice_inst.dsce_predict_inst.gen_bp.dsce_bpvector_inst.gen_sad_array[3].dsce_sad_array_inst.gen_component_mad[6] ( /workspace/dsc-cix/dsc_cix_20260723/verilog_dsc/dsce_sad.sv:84:)
work@dsc_encoder.dsce_engine_inst.gen_slice[3].dsce_slice_inst.dsce_predict_inst.gen_bp.dsce_bpvector_inst.gen_sad_array[3].dsce_sad_array_inst.gen_component_mad[7] ( /workspace/dsc-cix/dsc_cix_20260723/verilog_dsc/dsce_sad.sv:84:)
work@dsc_encoder.dsce_engine_inst.gen_slice[3].dsce_slice_inst.dsce_predict_inst.gen_bp.dsce_bpvector_inst.gen_sad_array[3].dsce_sad_array_inst.gen_component_mad[8] ( /workspace/dsc-cix/dsc_cix_20260723/verilog_dsc/dsce_sad.sv:84:)
work@dsc_encoder.dsce_engine_inst.gen_slice[3].dsce_slice_inst.dsce_predict_inst.gen_bp.dsce_bpvector_inst.gen_sad_array[4] ( /workspace/dsc-cix/dsc_cix_20260723/verilog_dsc/dsce_bpvector.sv:252:)
work@dsc_encoder.dsce_engine_inst.gen_slice[3].dsce_slice_inst.dsce_predict_inst.gen_bp.dsce_bpvector_inst.gen_sad_array[4].dsce_sad_array_inst (work@dsce_sad /workspace/dsc-cix/dsc_cix_20260723/verilog_dsc/dsce_bpvector.sv:253:)
work@dsc_encoder.dsce_engine_inst.gen_slice[3].dsce_slice_inst.dsce_predict_inst.gen_bp.dsce_bpvector_inst.gen_sad_array[4].dsce_sad_array_inst.gen_component_mad[0] ( /workspace/dsc-cix/dsc_cix_20260723/verilog_dsc/dsce_sad.sv:84:)
work@dsc_encoder.dsce_engine_inst.gen_slice[3].dsce_slice_inst.dsce_predict_inst.gen_bp.dsce_bpvector_inst.gen_sad_array[4].dsce_sad_array_inst.gen_component_mad[1] ( /workspace/dsc-cix/dsc_cix_20260723/verilog_dsc/dsce_sad.sv:84:)
work@dsc_encoder.dsce_engine_inst.gen_slice[3].dsce_slice_inst.dsce_predict_inst.gen_bp.dsce_bpvector_inst.gen_sad_array[4].dsce_sad_array_inst.gen_component_mad[2] ( /workspace/dsc-cix/dsc_cix_20260723/verilog_dsc/dsce_sad.sv:84:)
work@dsc_encoder.dsce_engine_inst.gen_slice[3].dsce_slice_inst.dsce_predict_inst.gen_bp.dsce_bpvector_inst.gen_sad_array[4].dsce_sad_array_inst.gen_component_mad[3] ( /workspace/dsc-cix/dsc_cix_20260723/verilog_dsc/dsce_sad.sv:84:)
work@dsc_encoder.dsce_engine_inst.gen_slice[3].dsce_slice_inst.dsce_predict_inst.gen_bp.dsce_bpvector_inst.gen_sad_array[4].dsce_sad_array_inst.gen_component_mad[4] ( /workspace/dsc-cix/dsc_cix_20260723/verilog_dsc/dsce_sad.sv:84:)
work@dsc_encoder.dsce_engine_inst.gen_slice[3].dsce_slice_inst.dsce_predict_inst.gen_bp.dsce_bpvector_inst.gen_sad_array[4].dsce_sad_array_inst.gen_component_mad[5] ( /workspace/dsc-cix/dsc_cix_20260723/verilog_dsc/dsce_sad.sv:84:)
work@dsc_encoder.dsce_engine_inst.gen_slice[3].dsce_slice_inst.dsce_predict_inst.gen_bp.dsce_bpvector_inst.gen_sad_array[4].dsce_sad_array_inst.gen_component_mad[6] ( /workspace/dsc-cix/dsc_cix_20260723/verilog_dsc/dsce_sad.sv:84:)
work@dsc_encoder.dsce_engine_inst.gen_slice[3].dsce_slice_inst.dsce_predict_inst.gen_bp.dsce_bpvector_inst.gen_sad_array[4].dsce_sad_array_inst.gen_component_mad[7] ( /workspace/dsc-cix/dsc_cix_20260723/verilog_dsc/dsce_sad.sv:84:)
work@dsc_encoder.dsce_engine_inst.gen_slice[3].dsce_slice_inst.dsce_predict_inst.gen_bp.dsce_bpvector_inst.gen_sad_array[4].dsce_sad_array_inst.gen_component_mad[8] ( /workspace/dsc-cix/dsc_cix_20260723/verilog_dsc/dsce_sad.sv:84:)
work@dsc_encoder.dsce_engine_inst.gen_slice[3].dsce_slice_inst.dsce_predict_inst.gen_bp.dsce_bpvector_inst.gen_sad_array[5] ( /workspace/dsc-cix/dsc_cix_20260723/verilog_dsc/dsce_bpvector.sv:252:)
work@dsc_encoder.dsce_engine_inst.gen_slice[3].dsce_slice_inst.dsce_predict_inst.gen_bp.dsce_bpvector_inst.gen_sad_array[5].dsce_sad_array_inst (work@dsce_sad /workspace/dsc-cix/dsc_cix_20260723/verilog_dsc/dsce_bpvector.sv:253:)
work@dsc_encoder.dsce_engine_inst.gen_slice[3].dsce_slice_inst.dsce_predict_inst.gen_bp.dsce_bpvector_inst.gen_sad_array[5].dsce_sad_array_inst.gen_component_mad[0] ( /workspace/dsc-cix/dsc_cix_20260723/verilog_dsc/dsce_sad.sv:84:)
work@dsc_encoder.dsce_engine_inst.gen_slice[3].dsce_slice_inst.dsce_predict_inst.gen_bp.dsce_bpvector_inst.gen_sad_array[5].dsce_sad_array_inst.gen_component_mad[1] ( /workspace/dsc-cix/dsc_cix_20260723/verilog_dsc/dsce_sad.sv:84:)
work@dsc_encoder.dsce_engine_inst.gen_slice[3].dsce_slice_inst.dsce_predict_inst.gen_bp.dsce_bpvector_inst.gen_sad_array[5].dsce_sad_array_inst.gen_component_mad[2] ( /workspace/dsc-cix/dsc_cix_20260723/verilog_dsc/dsce_sad.sv:84:)
work@dsc_encoder.dsce_engine_inst.gen_slice[3].dsce_slice_inst.dsce_predict_inst.gen_bp.dsce_bpvector_inst.gen_sad_array[5].dsce_sad_array_inst.gen_component_mad[3] ( /workspace/dsc-cix/dsc_cix_20260723/verilog_dsc/dsce_sad.sv:84:)
work@dsc_encoder.dsce_engine_inst.gen_slice[3].dsce_slice_inst.dsce_predict_inst.gen_bp.dsce_bpvector_inst.gen_sad_array[5].dsce_sad_array_inst.gen_component_mad[4] ( /workspace/dsc-cix/dsc_cix_20260723/verilog_dsc/dsce_sad.sv:84:)
work@dsc_encoder.dsce_engine_inst.gen_slice[3].dsce_slice_inst.dsce_predict_inst.gen_bp.dsce_bpvector_inst.gen_sad_array[5].dsce_sad_array_inst.gen_component_mad[5] ( /workspace/dsc-cix/dsc_cix_20260723/verilog_dsc/dsce_sad.sv:84:)
work@dsc_encoder.dsce_engine_inst.gen_slice[3].dsce_slice_inst.dsce_predict_inst.gen_bp.dsce_bpvector_inst.gen_sad_array[5].dsce_sad_array_inst.gen_component_mad[6] ( /workspace/dsc-cix/dsc_cix_20260723/verilog_dsc/dsce_sad.sv:84:)
work@dsc_encoder.dsce_engine_inst.gen_slice[3].dsce_slice_inst.dsce_predict_inst.gen_bp.dsce_bpvector_inst.gen_sad_array[5].dsce_sad_array_inst.gen_component_mad[7] ( /workspace/dsc-cix/dsc_cix_20260723/verilog_dsc/dsce_sad.sv:84:)
work@dsc_encoder.dsce_engine_inst.gen_slice[3].dsce_slice_inst.dsce_predict_inst.gen_bp.dsce_bpvector_inst.gen_sad_array[5].dsce_sad_array_inst.gen_component_mad[8] ( /workspace/dsc-cix/dsc_cix_20260723/verilog_dsc/dsce_sad.sv:84:)
work@dsc_encoder.dsce_engine_inst.gen_slice[3].dsce_slice_inst.dsce_predict_inst.gen_bp.dsce_bpvector_inst.gen_sad_array[6] ( /workspace/dsc-cix/dsc_cix_20260723/verilog_dsc/dsce_bpvector.sv:252:)
work@dsc_encoder.dsce_engine_inst.gen_slice[3].dsce_slice_inst.dsce_predict_inst.gen_bp.dsce_bpvector_inst.gen_sad_array[6].dsce_sad_array_inst (work@dsce_sad /workspace/dsc-cix/dsc_cix_20260723/verilog_dsc/dsce_bpvector.sv:253:)
work@dsc_encoder.dsce_engine_inst.gen_slice[3].dsce_slice_inst.dsce_predict_inst.gen_bp.dsce_bpvector_inst.gen_sad_array[6].dsce_sad_array_inst.gen_component_mad[0] ( /workspace/dsc-cix/dsc_cix_20260723/verilog_dsc/dsce_sad.sv:84:)
work@dsc_encoder.dsce_engine_inst.gen_slice[3].dsce_slice_inst.dsce_predict_inst.gen_bp.dsce_bpvector_inst.gen_sad_array[6].dsce_sad_array_inst.gen_component_mad[1] ( /workspace/dsc-cix/dsc_cix_20260723/verilog_dsc/dsce_sad.sv:84:)
work@dsc_encoder.dsce_engine_inst.gen_slice[3].dsce_slice_inst.dsce_predict_inst.gen_bp.dsce_bpvector_inst.gen_sad_array[6].dsce_sad_array_inst.gen_component_mad[2] ( /workspace/dsc-cix/dsc_cix_20260723/verilog_dsc/dsce_sad.sv:84:)
work@dsc_encoder.dsce_engine_inst.gen_slice[3].dsce_slice_inst.dsce_predict_inst.gen_bp.dsce_bpvector_inst.gen_sad_array[6].dsce_sad_array_inst.gen_component_mad[3] ( /workspace/dsc-cix/dsc_cix_20260723/verilog_dsc/dsce_sad.sv:84:)
work@dsc_encoder.dsce_engine_inst.gen_slice[3].dsce_slice_inst.dsce_predict_inst.gen_bp.dsce_bpvector_inst.gen_sad_array[6].dsce_sad_array_inst.gen_component_mad[4] ( /workspace/dsc-cix/dsc_cix_20260723/verilog_dsc/dsce_sad.sv:84:)
work@dsc_encoder.dsce_engine_inst.gen_slice[3].dsce_slice_inst.dsce_predict_inst.gen_bp.dsce_bpvector_inst.gen_sad_array[6].dsce_sad_array_inst.gen_component_mad[5] ( /workspace/dsc-cix/dsc_cix_20260723/verilog_dsc/dsce_sad.sv:84:)
work@dsc_encoder.dsce_engine_inst.gen_slice[3].dsce_slice_inst.dsce_predict_inst.gen_bp.dsce_bpvector_inst.gen_sad_array[6].dsce_sad_array_inst.gen_component_mad[6] ( /workspace/dsc-cix/dsc_cix_20260723/verilog_dsc/dsce_sad.sv:84:)
work@dsc_encoder.dsce_engine_inst.gen_slice[3].dsce_slice_inst.dsce_predict_inst.gen_bp.dsce_bpvector_inst.gen_sad_array[6].dsce_sad_array_inst.gen_component_mad[7] ( /workspace/dsc-cix/dsc_cix_20260723/verilog_dsc/dsce_sad.sv:84:)
work@dsc_encoder.dsce_engine_inst.gen_slice[3].dsce_slice_inst.dsce_predict_inst.gen_bp.dsce_bpvector_inst.gen_sad_array[6].dsce_sad_array_inst.gen_component_mad[8] ( /workspace/dsc-cix/dsc_cix_20260723/verilog_dsc/dsce_sad.sv:84:)
work@dsc_encoder.dsce_engine_inst.gen_slice[3].dsce_slice_inst.dsce_predict_inst.gen_bp.dsce_bpvector_inst.gen_sad_array[7] ( /workspace/dsc-cix/dsc_cix_20260723/verilog_dsc/dsce_bpvector.sv:252:)
work@dsc_encoder.dsce_engine_inst.gen_slice[3].dsce_slice_inst.dsce_predict_inst.gen_bp.dsce_bpvector_inst.gen_sad_array[7].dsce_sad_array_inst (work@dsce_sad /workspace/dsc-cix/dsc_cix_20260723/verilog_dsc/dsce_bpvector.sv:253:)
work@dsc_encoder.dsce_engine_inst.gen_slice[3].dsce_slice_inst.dsce_predict_inst.gen_bp.dsce_bpvector_inst.gen_sad_array[7].dsce_sad_array_inst.gen_component_mad[0] ( /workspace/dsc-cix/dsc_cix_20260723/verilog_dsc/dsce_sad.sv:84:)
work@dsc_encoder.dsce_engine_inst.gen_slice[3].dsce_slice_inst.dsce_predict_inst.gen_bp.dsce_bpvector_inst.gen_sad_array[7].dsce_sad_array_inst.gen_component_mad[1] ( /workspace/dsc-cix/dsc_cix_20260723/verilog_dsc/dsce_sad.sv:84:)
work@dsc_encoder.dsce_engine_inst.gen_slice[3].dsce_slice_inst.dsce_predict_inst.gen_bp.dsce_bpvector_inst.gen_sad_array[7].dsce_sad_array_inst.gen_component_mad[2] ( /workspace/dsc-cix/dsc_cix_20260723/verilog_dsc/dsce_sad.sv:84:)
work@dsc_encoder.dsce_engine_inst.gen_slice[3].dsce_slice_inst.dsce_predict_inst.gen_bp.dsce_bpvector_inst.gen_sad_array[7].dsce_sad_array_inst.gen_component_mad[3] ( /workspace/dsc-cix/dsc_cix_20260723/verilog_dsc/dsce_sad.sv:84:)
work@dsc_encoder.dsce_engine_inst.gen_slice[3].dsce_slice_inst.dsce_predict_inst.gen_bp.dsce_bpvector_inst.gen_sad_array[7].dsce_sad_array_inst.gen_component_mad[4] ( /workspace/dsc-cix/dsc_cix_20260723/verilog_dsc/dsce_sad.sv:84:)
work@dsc_encoder.dsce_engine_inst.gen_slice[3].dsce_slice_inst.dsce_predict_inst.gen_bp.dsce_bpvector_inst.gen_sad_array[7].dsce_sad_array_inst.gen_component_mad[5] ( /workspace/dsc-cix/dsc_cix_20260723/verilog_dsc/dsce_sad.sv:84:)
work@dsc_encoder.dsce_engine_inst.gen_slice[3].dsce_slice_inst.dsce_predict_inst.gen_bp.dsce_bpvector_inst.gen_sad_array[7].dsce_sad_array_inst.gen_component_mad[6] ( /workspace/dsc-cix/dsc_cix_20260723/verilog_dsc/dsce_sad.sv:84:)
work@dsc_encoder.dsce_engine_inst.gen_slice[3].dsce_slice_inst.dsce_predict_inst.gen_bp.dsce_bpvector_inst.gen_sad_array[7].dsce_sad_array_inst.gen_component_mad[7] ( /workspace/dsc-cix/dsc_cix_20260723/verilog_dsc/dsce_sad.sv:84:)
work@dsc_encoder.dsce_engine_inst.gen_slice[3].dsce_slice_inst.dsce_predict_inst.gen_bp.dsce_bpvector_inst.gen_sad_array[7].dsce_sad_array_inst.gen_component_mad[8] ( /workspace/dsc-cix/dsc_cix_20260723/verilog_dsc/dsce_sad.sv:84:)
work@dsc_encoder.dsce_engine_inst.gen_slice[3].dsce_slice_inst.dsce_predict_inst.gen_bp.dsce_bpvector_inst.gen_sad_array[8] ( /workspace/dsc-cix/dsc_cix_20260723/verilog_dsc/dsce_bpvector.sv:252:)
work@dsc_encoder.dsce_engine_inst.gen_slice[3].dsce_slice_inst.dsce_predict_inst.gen_bp.dsce_bpvector_inst.gen_sad_array[8].dsce_sad_array_inst (work@dsce_sad /workspace/dsc-cix/dsc_cix_20260723/verilog_dsc/dsce_bpvector.sv:253:)
work@dsc_encoder.dsce_engine_inst.gen_slice[3].dsce_slice_inst.dsce_predict_inst.gen_bp.dsce_bpvector_inst.gen_sad_array[8].dsce_sad_array_inst.gen_component_mad[0] ( /workspace/dsc-cix/dsc_cix_20260723/verilog_dsc/dsce_sad.sv:84:)
work@dsc_encoder.dsce_engine_inst.gen_slice[3].dsce_slice_inst.dsce_predict_inst.gen_bp.dsce_bpvector_inst.gen_sad_array[8].dsce_sad_array_inst.gen_component_mad[1] ( /workspace/dsc-cix/dsc_cix_20260723/verilog_dsc/dsce_sad.sv:84:)
work@dsc_encoder.dsce_engine_inst.gen_slice[3].dsce_slice_inst.dsce_predict_inst.gen_bp.dsce_bpvector_inst.gen_sad_array[8].dsce_sad_array_inst.gen_component_mad[2] ( /workspace/dsc-cix/dsc_cix_20260723/verilog_dsc/dsce_sad.sv:84:)
work@dsc_encoder.dsce_engine_inst.gen_slice[3].dsce_slice_inst.dsce_predict_inst.gen_bp.dsce_bpvector_inst.gen_sad_array[8].dsce_sad_array_inst.gen_component_mad[3] ( /workspace/dsc-cix/dsc_cix_20260723/verilog_dsc/dsce_sad.sv:84:)
work@dsc_encoder.dsce_engine_inst.gen_slice[3].dsce_slice_inst.dsce_predict_inst.gen_bp.dsce_bpvector_inst.gen_sad_array[8].dsce_sad_array_inst.gen_component_mad[4] ( /workspace/dsc-cix/dsc_cix_20260723/verilog_dsc/dsce_sad.sv:84:)
work@dsc_encoder.dsce_engine_inst.gen_slice[3].dsce_slice_inst.dsce_predict_inst.gen_bp.dsce_bpvector_inst.gen_sad_array[8].dsce_sad_array_inst.gen_component_mad[5] ( /workspace/dsc-cix/dsc_cix_20260723/verilog_dsc/dsce_sad.sv:84:)
work@dsc_encoder.dsce_engine_inst.gen_slice[3].dsce_slice_inst.dsce_predict_inst.gen_bp.dsce_bpvector_inst.gen_sad_array[8].dsce_sad_array_inst.gen_component_mad[6] ( /workspace/dsc-cix/dsc_cix_20260723/verilog_dsc/dsce_sad.sv:84:)
work@dsc_encoder.dsce_engine_inst.gen_slice[3].dsce_slice_inst.dsce_predict_inst.gen_bp.dsce_bpvector_inst.gen_sad_array[8].dsce_sad_array_inst.gen_component_mad[7] ( /workspace/dsc-cix/dsc_cix_20260723/verilog_dsc/dsce_sad.sv:84:)
work@dsc_encoder.dsce_engine_inst.gen_slice[3].dsce_slice_inst.dsce_predict_inst.gen_bp.dsce_bpvector_inst.gen_sad_array[8].dsce_sad_array_inst.gen_component_mad[8] ( /workspace/dsc-cix/dsc_cix_20260723/verilog_dsc/dsce_sad.sv:84:)
work@dsc_encoder.dsce_engine_inst.gen_slice[3].dsce_slice_inst.dsce_ich_inst (work@dsce_ich /workspace/dsc-cix/dsc_cix_20260723/verilog_dsc/dsce_slice.sv:272:)
work@dsc_encoder.dsce_engine_inst.gen_slice[3].dsce_slice_inst.dsce_ich_inst.dsce_ich_history_inst (work@dsce_ich_history /workspace/dsc-cix/dsc_cix_20260723/verilog_dsc/dsce_ich.sv:116:)
work@dsc_encoder.dsce_engine_inst.gen_slice[3].dsce_slice_inst.dsce_ich_inst.dsce_ich_candidate_inst (work@dsce_ich_candidate /workspace/dsc-cix/dsc_cix_20260723/verilog_dsc/dsce_ich.sv:144:)
work@dsc_encoder.dsce_engine_inst.gen_slice[3].dsce_slice_inst.dsce_ich_inst.dsce_ich_decision_inst (work@dsce_ich_decision /workspace/dsc-cix/dsc_cix_20260723/verilog_dsc/dsce_ich.sv:171:)
work@dsc_encoder.dsce_engine_inst.gen_slice[3].dsce_slice_inst.dsce_decision_inst (work@dsce_decision /workspace/dsc-cix/dsc_cix_20260723/verilog_dsc/dsce_slice.sv:313:)
work@dsc_encoder.dsce_engine_inst.gen_slice[3].dsce_slice_inst.dsce_linemem_inst (work@dsce_linemem /workspace/dsc-cix/dsc_cix_20260723/verilog_dsc/dsce_slice.sv:353:)
work@dsc_encoder.dsce_engine_inst.gen_slice[3].dsce_slice_inst.dsce_linemem_inst.line_buffer_inst (work@dsce_linemem::gram_bist_1r1w /workspace/dsc-cix/dsc_cix_20260723/verilog_dsc/dsce_linemem.sv:802:)
work@dsc_encoder.dsce_engine_inst.gen_slice[3].dsce_slice_inst.dsce_rate_adjust_inst (work@dsce_rate_adjust /workspace/dsc-cix/dsc_cix_20260723/verilog_dsc/dsce_slice.sv:382:)
work@dsc_encoder.dsce_engine_inst.gen_slice[3].dsce_slice_inst.dsce_rate_inst (work@dsce_rate /workspace/dsc-cix/dsc_cix_20260723/verilog_dsc/dsce_slice.sv:405:)
work@dsc_encoder.dsce_engine_inst.gen_slice[3].dsce_slice_inst.dsce_qlevel_inst (work@dsce_qlevel /workspace/dsc-cix/dsc_cix_20260723/verilog_dsc/dsce_slice.sv:437:)
work@dsc_encoder.dsce_engine_inst.gen_slice[3].dsce_slice_inst.dsce_format_inst (work@dsce_format /workspace/dsc-cix/dsc_cix_20260723/verilog_dsc/dsce_slice.sv:462:)
work@dsc_encoder.dsce_engine_inst.gen_slice[3].dsce_slice_inst.dsce_format_inst.dsce_stream_builder_inst (work@dsce_stream_builder /workspace/dsc-cix/dsc_cix_20260723/verilog_dsc/dsce_format.sv:179:)
work@dsc_encoder.dsce_engine_inst.gen_slice[3].dsce_slice_inst.dsce_format_inst.dsce_stream_builder_inst.gen_buffers[0] ( /workspace/dsc-cix/dsc_cix_20260723/verilog_dsc/dsce_stream_builder.sv:242:)
work@dsc_encoder.dsce_engine_inst.gen_slice[3].dsce_slice_inst.dsce_format_inst.dsce_stream_builder_inst.gen_buffers[0].dsce_stream_fifo_inst (work@dsce_stream_fifo /workspace/dsc-cix/dsc_cix_20260723/verilog_dsc/dsce_stream_builder.sv:243:)
work@dsc_encoder.dsce_engine_inst.gen_slice[3].dsce_slice_inst.dsce_format_inst.dsce_stream_builder_inst.gen_buffers[1] ( /workspace/dsc-cix/dsc_cix_20260723/verilog_dsc/dsce_stream_builder.sv:242:)
work@dsc_encoder.dsce_engine_inst.gen_slice[3].dsce_slice_inst.dsce_format_inst.dsce_stream_builder_inst.gen_buffers[1].dsce_stream_fifo_inst (work@dsce_stream_fifo /workspace/dsc-cix/dsc_cix_20260723/verilog_dsc/dsce_stream_builder.sv:243:)
work@dsc_encoder.dsce_engine_inst.gen_slice[3].dsce_slice_inst.dsce_format_inst.dsce_stream_builder_inst.gen_buffers[2] ( /workspace/dsc-cix/dsc_cix_20260723/verilog_dsc/dsce_stream_builder.sv:242:)
work@dsc_encoder.dsce_engine_inst.gen_slice[3].dsce_slice_inst.dsce_format_inst.dsce_stream_builder_inst.gen_buffers[2].dsce_stream_fifo_inst (work@dsce_stream_fifo /workspace/dsc-cix/dsc_cix_20260723/verilog_dsc/dsce_stream_builder.sv:243:)
work@dsc_encoder.dsce_engine_inst.gen_slice[3].dsce_slice_inst.dsce_format_inst.dsce_format_buffer_inst (work@dsce_format_buffer /workspace/dsc-cix/dsc_cix_20260723/verilog_dsc/dsce_format.sv:204:)
work@dsc_encoder.dsce_engine_inst.gen_slice[3].dsce_slice_inst.dsce_format_inst.dsce_format_buffer_inst.sync_xmit_inst (work@dsce_format_buffer::gprim_sync_stage /workspace/dsc-cix/dsc_cix_20260723/verilog_dsc/dsce_format_buffer.sv:272:)
work@dsc_encoder.dsce_engine_inst.gen_slice[3].dsce_slice_inst.dsce_format_inst.dsce_format_buffer_inst.sync_frame_inst (work@dsce_format_buffer::gprim_sync2_stage /workspace/dsc-cix/dsc_cix_20260723/verilog_dsc/dsce_format_buffer.sv:273:)
work@dsc_encoder.dsce_engine_inst.gen_slice[3].dsce_slice_inst.dsce_format_inst.dsce_format_buffer_inst.format_buffer_inst (work@dsce_format_buffer::gram_bist_1r1w /workspace/dsc-cix/dsc_cix_20260723/verilog_dsc/dsce_format_buffer.sv:276:)
work@dsc_encoder.dsce_engine_inst.gen_slice[3].dsce_slice_inst.dsce_format_inst.dsce_format_buffer_inst.gen_waddr[0] ( /workspace/dsc-cix/dsc_cix_20260723/verilog_dsc/dsce_format_buffer.sv:269:)
work@dsc_encoder.dsce_engine_inst.gen_slice[3].dsce_slice_inst.dsce_format_inst.dsce_format_buffer_inst.gen_waddr[0].sync_waddr_inst (work@dsc_encoder.dsce_engine_inst.gen_slice[3].dsce_slice_inst.dsce_format_inst.dsce_format_buffer_inst.gen_waddr[0]::gprim_sync_stage /workspace/dsc-cix/dsc_cix_20260723/verilog_dsc/dsce_format_buffer.sv:270:)
work@dsc_encoder.dsce_engine_inst.gen_slice[3].dsce_slice_inst.dsce_format_inst.dsce_format_buffer_inst.gen_waddr[1] ( /workspace/dsc-cix/dsc_cix_20260723/verilog_dsc/dsce_format_buffer.sv:269:)
work@dsc_encoder.dsce_engine_inst.gen_slice[3].dsce_slice_inst.dsce_format_inst.dsce_format_buffer_inst.gen_waddr[1].sync_waddr_inst (work@dsc_encoder.dsce_engine_inst.gen_slice[3].dsce_slice_inst.dsce_format_inst.dsce_format_buffer_inst.gen_waddr[1]::gprim_sync_stage /workspace/dsc-cix/dsc_cix_20260723/verilog_dsc/dsce_format_buffer.sv:270:)
work@dsc_encoder.dsce_engine_inst.gen_slice[3].dsce_slice_inst.dsce_format_inst.dsce_format_buffer_inst.gen_waddr[2] ( /workspace/dsc-cix/dsc_cix_20260723/verilog_dsc/dsce_format_buffer.sv:269:)
work@dsc_encoder.dsce_engine_inst.gen_slice[3].dsce_slice_inst.dsce_format_inst.dsce_format_buffer_inst.gen_waddr[2].sync_waddr_inst (work@dsc_encoder.dsce_engine_inst.gen_slice[3].dsce_slice_inst.dsce_format_inst.dsce_format_buffer_inst.gen_waddr[2]::gprim_sync_stage /workspace/dsc-cix/dsc_cix_20260723/verilog_dsc/dsce_format_buffer.sv:270:)
work@dsc_encoder.dsce_engine_inst.gen_slice[3].dsce_slice_inst.dsce_format_inst.dsce_format_buffer_inst.gen_waddr[3] ( /workspace/dsc-cix/dsc_cix_20260723/verilog_dsc/dsce_format_buffer.sv:269:)
work@dsc_encoder.dsce_engine_inst.gen_slice[3].dsce_slice_inst.dsce_format_inst.dsce_format_buffer_inst.gen_waddr[3].sync_waddr_inst (work@dsc_encoder.dsce_engine_inst.gen_slice[3].dsce_slice_inst.dsce_format_inst.dsce_format_buffer_inst.gen_waddr[3]::gprim_sync_stage /workspace/dsc-cix/dsc_cix_20260723/verilog_dsc/dsce_format_buffer.sv:270:)
work@dsc_encoder.dsce_engine_inst.gen_slice[3].dsce_slice_inst.dsce_format_inst.dsce_format_buffer_inst.gen_waddr[4] ( /workspace/dsc-cix/dsc_cix_20260723/verilog_dsc/dsce_format_buffer.sv:269:)
work@dsc_encoder.dsce_engine_inst.gen_slice[3].dsce_slice_inst.dsce_format_inst.dsce_format_buffer_inst.gen_waddr[4].sync_waddr_inst (work@dsc_encoder.dsce_engine_inst.gen_slice[3].dsce_slice_inst.dsce_format_inst.dsce_format_buffer_inst.gen_waddr[4]::gprim_sync_stage /workspace/dsc-cix/dsc_cix_20260723/verilog_dsc/dsce_format_buffer.sv:270:)
work@dsc_encoder.dsce_engine_inst.gen_slice[3].dsce_slice_inst.dsce_format_inst.dsce_format_buffer_inst.gen_waddr[5] ( /workspace/dsc-cix/dsc_cix_20260723/verilog_dsc/dsce_format_buffer.sv:269:)
work@dsc_encoder.dsce_engine_inst.gen_slice[3].dsce_slice_inst.dsce_format_inst.dsce_format_buffer_inst.gen_waddr[5].sync_waddr_inst (work@dsc_encoder.dsce_engine_inst.gen_slice[3].dsce_slice_inst.dsce_format_inst.dsce_format_buffer_inst.gen_waddr[5]::gprim_sync_stage /workspace/dsc-cix/dsc_cix_20260723/verilog_dsc/dsce_format_buffer.sv:270:)
work@dsc_encoder.dsce_engine_inst.gen_slice[3].dsce_slice_inst.dsce_format_inst.dsce_format_buffer_inst.gen_waddr[6] ( /workspace/dsc-cix/dsc_cix_20260723/verilog_dsc/dsce_format_buffer.sv:269:)
work@dsc_encoder.dsce_engine_inst.gen_slice[3].dsce_slice_inst.dsce_format_inst.dsce_format_buffer_inst.gen_waddr[6].sync_waddr_inst (work@dsc_encoder.dsce_engine_inst.gen_slice[3].dsce_slice_inst.dsce_format_inst.dsce_format_buffer_inst.gen_waddr[6]::gprim_sync_stage /workspace/dsc-cix/dsc_cix_20260723/verilog_dsc/dsce_format_buffer.sv:270:)
work@dsc_encoder.dsce_engine_inst.gen_slice[3].dsce_slice_inst.dsce_format_inst.dsce_format_buffer_inst.gen_waddr[7] ( /workspace/dsc-cix/dsc_cix_20260723/verilog_dsc/dsce_format_buffer.sv:269:)
work@dsc_encoder.dsce_engine_inst.gen_slice[3].dsce_slice_inst.dsce_format_inst.dsce_format_buffer_inst.gen_waddr[7].sync_waddr_inst (work@dsc_encoder.dsce_engine_inst.gen_slice[3].dsce_slice_inst.dsce_format_inst.dsce_format_buffer_inst.gen_waddr[7]::gprim_sync_stage /workspace/dsc-cix/dsc_cix_20260723/verilog_dsc/dsce_format_buffer.sv:270:)
work@dsc_encoder.dsce_engine_inst.gen_slice[3].dsce_slice_inst.dsce_format_inst.gen_vlc[0] ( /workspace/dsc-cix/dsc_cix_20260723/verilog_dsc/dsce_format.sv:115:)
work@dsc_encoder.dsce_engine_inst.gen_slice[3].dsce_slice_inst.dsce_format_inst.gen_vlc[0].dsce_vlc_inst (work@dsce_vlc /workspace/dsc-cix/dsc_cix_20260723/verilog_dsc/dsce_format.sv:119:)
work@dsc_encoder.dsce_engine_inst.gen_slice[3].dsce_slice_inst.dsce_format_inst.gen_vlc[0].dsce_muxword_inst (work@dsce_muxword /workspace/dsc-cix/dsc_cix_20260723/verilog_dsc/dsce_format.sv:156:)
work@dsc_encoder.dsce_engine_inst.gen_slice[3].dsce_slice_inst.dsce_format_inst.gen_vlc[1] ( /workspace/dsc-cix/dsc_cix_20260723/verilog_dsc/dsce_format.sv:115:)
work@dsc_encoder.dsce_engine_inst.gen_slice[3].dsce_slice_inst.dsce_format_inst.gen_vlc[1].dsce_vlc_inst (work@dsce_vlc /workspace/dsc-cix/dsc_cix_20260723/verilog_dsc/dsce_format.sv:119:)
work@dsc_encoder.dsce_engine_inst.gen_slice[3].dsce_slice_inst.dsce_format_inst.gen_vlc[1].dsce_muxword_inst (work@dsce_muxword /workspace/dsc-cix/dsc_cix_20260723/verilog_dsc/dsce_format.sv:156:)
work@dsc_encoder.dsce_engine_inst.gen_slice[3].dsce_slice_inst.dsce_format_inst.gen_vlc[2] ( /workspace/dsc-cix/dsc_cix_20260723/verilog_dsc/dsce_format.sv:115:)
work@dsc_encoder.dsce_engine_inst.gen_slice[3].dsce_slice_inst.dsce_format_inst.gen_vlc[2].dsce_vlc_inst (work@dsce_vlc /workspace/dsc-cix/dsc_cix_20260723/verilog_dsc/dsce_format.sv:119:)
work@dsc_encoder.dsce_engine_inst.gen_slice[3].dsce_slice_inst.dsce_format_inst.gen_vlc[2].dsce_muxword_inst (work@dsce_muxword /workspace/dsc-cix/dsc_cix_20260723/verilog_dsc/dsce_format.sv:156:)
